generation,frontier_size,new_evals,cache_hits,total_evals,best_accuracy,cheapest_cost,elapsed_s
0,2,12,0,12,0.86,4.2834000000000004e-05,7569.14320898056
1,6,10,1,22,0.92,4.2834000000000004e-05,630.5006191730499
2,8,5,6,27,0.92,4.2834000000000004e-05,1228.6642365455627
3,8,4,3,31,0.92,4.2834000000000004e-05,199.08979153633118
4,8,7,2,38,0.92,4.2834000000000004e-05,285.344838142395
5,8,4,5,42,0.92,4.2834000000000004e-05,224.2047791481018
