generation,frontier_size,new_evals,cache_hits,total_evals,best_accuracy,cheapest_cost,elapsed_s
0,4,12,0,12,0.82,0.00023080799999997,2534.9249792099
1,8,7,2,19,0.82,0.00014282399999997,961.4976019859314
2,10,11,1,30,0.82,0.00014282399999997,1602.946560382843
3,9,7,3,37,0.82,0.00014282399999997,769.5475752353668
4,7,4,4,41,0.82,0.00014282399999997,225.8651123046875
5,7,2,3,43,0.82,0.00014282399999997,18.794359922409058
