generation,frontier_size,new_evals,cache_hits,total_evals,best_accuracy,cheapest_cost,elapsed_s
0,7,12,0,12,0.82,0.000119355999999984,3442.9258971214294
1,9,8,2,20,0.82,0.000119355999999984,809.4957084655762
2,10,6,4,26,0.82,0.000119355999999984,1441.9717314243317
3,8,10,1,36,0.82,0.000119355999999984,2854.7970821857452
4,8,7,3,43,0.82,0.000119355999999984,137.11970353126526
5,6,2,3,45,0.82,0.000119355999999984,17.459064722061157
