generation,frontier_size,new_evals,cache_hits,total_evals,best_accuracy,cheapest_cost,elapsed_s
0,5,12,0,12,0.9047619047619048,0.0023933838095237764,2906.8152146339417
1,9,10,1,22,0.9047619047619048,0.002249423809523776,5402.92343878746
2,6,7,3,29,0.9047619047619048,0.002249423809523776,6300.487521886826
3,7,5,6,34,0.9047619047619048,0.002249423809523776,1612.2247886657715
4,7,5,7,39,0.9047619047619048,0.002249423809523776,70.3406720161438
5,7,4,5,43,0.9047619047619048,0.002249423809523776,1505.612874507904
