generation,frontier_size,new_evals,cache_hits,total_evals,best_accuracy,cheapest_cost,elapsed_s
0,2,12,0,12,0.8,0.0016022319999999843,12657.209498167038
1,3,7,2,19,0.8,0.0016022319999999843,395.00626015663147
2,6,12,0,31,0.92,0.00041050399999996803,3786.761646270752
3,7,10,2,41,0.92,0.00014678,1366.3491616249084
4,11,6,4,47,0.92,0.00014678,493.90986156463623
5,10,11,1,58,0.92,0.00014678,4382.168250322342
