generation,frontier_size,new_evals,cache_hits,total_evals,best_accuracy,cheapest_cost,elapsed_s
0,3,12,0,12,0.72,0.0014755179999999743,38447.90509009361
1,5,9,1,21,0.72,0.0003756579999999721,643.0161805152893
2,3,10,1,31,0.72,0.000147013999999996,674.9236149787903
3,4,7,3,38,0.72,0.000147013999999996,1536.8410148620605
4,7,4,4,42,0.72,0.000147013999999996,1214.5510721206665
5,7,6,3,48,0.76,0.000147013999999996,1451.3872492313385
