generation,frontier_size,new_evals,cache_hits,total_evals,best_accuracy,cheapest_cost,elapsed_s
0,4,12,0,12,0.8,0.0014906959999999802,24900.227051258087
1,8,7,2,19,0.8,0.000330716999999968,3660.4623878002167
2,3,12,0,31,0.84,0.000330716999999968,4456.8256731033325
3,7,7,4,38,0.86,0.000330716999999968,609.4549016952515
4,9,8,0,46,0.86,0.000330716999999968,942.6104300022125
5,11,8,2,54,0.86,0.000330716999999968,8375.947590351105
