generation,frontier_size,new_evals,cache_hits,total_evals,best_accuracy,cheapest_cost,elapsed_s
0,3,12,0,12,0.96,0.000152879999999948,2657.7364370822906
1,6,6,2,18,0.96,0.000152879999999948,453.08104181289673
2,9,12,0,30,0.96,0.000152879999999948,4089.069447994232
3,4,8,0,38,0.96,2.7074e-05,903.2564268112183
4,7,6,5,44,0.96,2.7074e-05,168.30826139450073
5,6,6,5,50,0.96,2.7074e-05,51.81804537773132
