case_name,predicted_output,expected_output,correct,input_tokens,output_tokens,latency,cost,expt_name
calendar_scheduling_example_728,"Here is the proposed time: Wednesday, 10:30 - 11:00
","{'num_people': '2', 'num_days': '3', 'duration': '0.5', 'prompt_5shot': ""You are an expert at scheduling meetings. You are given a few constraints on the existing schedule of each participant, the meeting duration, and possibly some preferences on the meeting time. Note there exists a solution that works with existing schedule of every participant. Here are a few example tasks and solutions:\n\nTASK: You need to schedule a meeting for Jordan and Betty for one hour between the work hours of 9:00 to 17:00 on either Monday, Tuesday or Wednesday. \n\nHere are the existing schedules for everyone during the days: \nJordan has meetings on Tuesday during 11:00 to 11:30, 13:30 to 14:00, Wednesday during 9:00 to 9:30, 14:00 to 14:30; \nBetty has blocked their calendar on Monday during 9:00 to 12:30, 13:00 to 17:00, Tuesday during 9:00 to 10:00, 10:30 to 11:00, 11:30 to 12:30, 13:30 to 16:00, 16:30 to 17:00, Wednesday during 9:00 to 9:30, 10:30 to 17:00; \n\nYou would like to schedule the meeting at their earlist availability.\nFind a time that works for everyone's schedule and constraints. \nSOLUTION: Here is the proposed time: Tuesday, 12:30 - 13:30 \n\nTASK: You need to schedule a meeting for James and Timothy for half an hour between the work hours of 9:00 to 17:00 on either Monday, Tuesday or Wednesday. \n\nHere are the existing schedules for everyone during the days: \nJames has blocked their calendar on Monday during 9:30 to 10:00, 10:30 to 11:00, 12:30 to 13:00, 13:30 to 14:30, 15:00 to 15:30, 16:30 to 17:00, Tuesday during 10:00 to 11:00, 15:30 to 16:00, Wednesday during 9:00 to 12:30, 14:00 to 15:00, 15:30 to 17:00; \nTimothy has blocked their calendar on Monday during 9:00 to 17:00, Tuesday during 9:00 to 15:00, 15:30 to 17:00, Wednesday during 9:30 to 17:00; \n\nFind a time that works for everyone's schedule and constraints. \nSOLUTION: Here is the proposed time: Tuesday, 15:00 - 15:30 \n\nTASK: You need to schedule a meeting for Lori and Emma for half an hour between the work hours of 9:00 to 17:00 on either Monday, Tuesday or Wednesday. \n\nHere are the existing schedules for everyone during the days: \nLori has blocked their calendar on Monday during 12:30 to 13:00, 13:30 to 14:00, Tuesday during 9:00 to 10:00, 13:00 to 13:30, 14:00 to 14:30, 15:00 to 15:30, Wednesday during 9:30 to 10:00, 11:00 to 11:30, 12:00 to 12:30, 15:30 to 16:00, 16:30 to 17:00; \nEmma has meetings on Monday during 9:00 to 10:00, 10:30 to 17:00, Tuesday during 9:00 to 9:30, 10:30 to 11:30, 12:00 to 13:30, 14:00 to 16:00, 16:30 to 17:00, Wednesday during 9:00 to 10:00, 10:30 to 13:00, 13:30 to 17:00; \n\nYou would like to schedule the meeting at their earlist availability.\nFind a time that works for everyone's schedule and constraints. \nSOLUTION: Here is the proposed time: Monday, 10:00 - 10:30 \n\nTASK: You need to schedule a meeting for Steven and Zachary for one hour between the work hours of 9:00 to 17:00 on either Monday, Tuesday or Wednesday. \n\nHere are the existing schedules for everyone during the days: \nSteven is busy on Monday during 9:00 to 11:30, 13:00 to 13:30, 14:00 to 14:30, Tuesday during 11:00 to 11:30, 12:00 to 12:30, 13:00 to 14:00, 15:00 to 16:00, 16:30 to 17:00, Wednesday during 9:30 to 11:00, 13:30 to 14:00; \nZachary is busy on Monday during 9:00 to 17:00, Tuesday during 10:30 to 11:30, 12:00 to 12:30, 13:00 to 15:00, 15:30 to 16:00, 16:30 to 17:00, Wednesday during 9:00 to 11:00, 12:00 to 12:30, 13:00 to 17:00; \n\nZachary would like to avoid more meetings on Wednesday. Find a time that works for everyone's schedule and constraints. \nSOLUTION: Here is the proposed time: Tuesday, 9:00 - 10:00 \n\nTASK: You need to schedule a meeting for Lisa and Jeffrey for half an hour between the work hours of 9:00 to 17:00 on either Monday, Tuesday or Wednesday. \n\nHere are the existing schedules for everyone during the days: \nLisa has blocked their calendar on Monday during 11:00 to 12:00, 13:00 to 13:30, Tuesday during 9:00 to 9:30, 10:30 to 11:00, 12:00 to 13:00, 13:30 to 14:30, 16:00 to 16:30, Wednesday during 12:00 to 13:30, 14:00 to 14:30; \nJeffrey has meetings on Monday during 9:30 to 10:30, 11:30 to 12:30, 13:00 to 16:00, Tuesday during 9:00 to 10:00, 11:00 to 11:30, 12:00 to 12:30, 13:30 to 14:00, 15:30 to 16:00, 16:30 to 17:00, Wednesday during 10:30 to 12:30, 13:00 to 14:00, 14:30 to 15:00, 15:30 to 16:00, 16:30 to 17:00; \n\nLisa would like to avoid more meetings on Monday after 11:30. Wednesday. Jeffrey can not meet on Tuesday. Find a time that works for everyone's schedule and constraints. \nSOLUTION: Here is the proposed time: Monday, 10:30 - 11:00 \n\nTASK: You need to schedule a meeting for Abigail and Albert for half an hour between the work hours of 9:00 to 17:00 on either Monday, Tuesday or Wednesday. \n\nHere are the existing schedules for everyone during the days: \nAbigail is busy on Monday during 9:00 to 10:00, 11:00 to 12:00, 12:30 to 13:00, 14:30 to 15:00, Tuesday during 12:30 to 13:00, Wednesday during 14:00 to 14:30; \nAlbert is busy on Monday during 9:00 to 9:30, 10:00 to 11:00, 12:00 to 14:30, 15:00 to 15:30, 16:30 to 17:00, Tuesday during 10:30 to 12:00, 12:30 to 13:00, 14:00 to 15:00, 16:30 to 17:00, Wednesday during 9:30 to 10:30, 12:00 to 13:30, 14:30 to 15:30; \n\nAbigail would rather not meet on Monday. Albert can not meet on Tuesday. The group would like to meet at their earlist availability.\nFind a time that works for everyone's schedule and constraints. \nSOLUTION: "", 'golden_plan': 'Here is the proposed time: Wednesday, 9:00 - 9:30 ', 'pred_5shot_pro': 'Here is the proposed time: Wednesday, 10:30 - 11:00 \n', 'prompt_0shot': ""You are an expert at scheduling meetings. You are given a few constraints on the existing schedule of each participant, the meeting duration, and possibly some preferences on the meeting time. Note there exists a solution that works with existing schedule of every participant. Here are a few example tasks and solutions:\n\nTASK: You need to schedule a meeting for Abigail and Albert for half an hour between the work hours of 9:00 to 17:00 on either Monday, Tuesday or Wednesday. \n\nHere are the existing schedules for everyone during the days: \nAbigail is busy on Monday during 9:00 to 10:00, 11:00 to 12:00, 12:30 to 13:00, 14:30 to 15:00, Tuesday during 12:30 to 13:00, Wednesday during 14:00 to 14:30; \nAlbert is busy on Monday during 9:00 to 9:30, 10:00 to 11:00, 12:00 to 14:30, 15:00 to 15:30, 16:30 to 17:00, Tuesday during 10:30 to 12:00, 12:30 to 13:00, 14:00 to 15:00, 16:30 to 17:00, Wednesday during 9:30 to 10:30, 12:00 to 13:30, 14:30 to 15:30; \n\nAbigail would rather not meet on Monday. Albert can not meet on Tuesday. The group would like to meet at their earlist availability.\nFind a time that works for everyone's schedule and constraints. \nSOLUTION: ""}",False,5015.0,1498.0,6.413557529449463,0.0011007,react
calendar_scheduling_example_692,"Here is the proposed time: Tuesday, 9:00 - 9:30
","{'num_people': '2', 'num_days': '2', 'duration': '0.5', 'prompt_5shot': ""You are an expert at scheduling meetings. You are given a few constraints on the existing schedule of each participant, the meeting duration, and possibly some preferences on the meeting time. Note there exists a solution that works with existing schedule of every participant. Here are a few example tasks and solutions:\n\nTASK: You need to schedule a meeting for Bradley and Barbara for half an hour between the work hours of 9:00 to 17:00 on either Monday or Tuesday. \n\nHere are the existing schedules for everyone during the days: \nBradley has meetings on Monday during 9:30 to 10:00, 10:30 to 11:00, 12:30 to 13:30, 14:00 to 14:30, 15:00 to 16:00, 16:30 to 17:00, Tuesday during 10:00 to 10:30, 13:30 to 14:30, 15:30 to 17:00; \nBarbara has blocked their calendar on Monday during 9:30 to 12:00, 13:00 to 16:00, Tuesday during 9:30 to 13:30, 14:30 to 17:00; \n\nBarbara can not meet on Monday. Find a time that works for everyone's schedule and constraints. \nSOLUTION: Here is the proposed time: Tuesday, 9:00 - 9:30 \n\nTASK: You need to schedule a meeting for Patrick and Denise for one hour between the work hours of 9:00 to 17:00 on either Monday or Tuesday. \n\nHere are the existing schedules for everyone during the days: \nPatrick has blocked their calendar on Monday during 10:30 to 11:00, 12:00 to 13:00, 13:30 to 16:00, Tuesday during 9:30 to 10:00, 10:30 to 12:00, 15:30 to 16:00, 16:30 to 17:00; \nDenise has meetings on Monday during 9:00 to 9:30, 10:00 to 13:00, 13:30 to 16:00, 16:30 to 17:00, Tuesday during 10:00 to 11:00, 11:30 to 12:00, 13:00 to 14:00, 14:30 to 15:30, 16:00 to 17:00; \n\nFind a time that works for everyone's schedule and constraints. \nSOLUTION: Here is the proposed time: Tuesday, 12:00 - 13:00 \n\nTASK: You need to schedule a meeting for Willie and Jeffrey for one hour between the work hours of 9:00 to 17:00 on either Monday or Tuesday. \n\nHere are the existing schedules for everyone during the days: \nWilliehas no meetings the whole week.\nJeffrey has blocked their calendar on Monday during 9:30 to 12:30, 13:00 to 14:30, 15:00 to 16:00, Tuesday during 9:00 to 9:30, 11:00 to 12:30, 13:00 to 13:30, 14:00 to 15:30, 16:30 to 17:00; \n\nJeffrey do not want to meet on Tuesday. Find a time that works for everyone's schedule and constraints. \nSOLUTION: Here is the proposed time: Monday, 16:00 - 17:00 \n\nTASK: You need to schedule a meeting for Scott and Patricia for one hour between the work hours of 9:00 to 17:00 on either Monday or Tuesday. \n\nHere are the existing schedules for everyone during the days: \nScott's calendar is wide open the entire week.\nPatricia is busy on Monday during 9:00 to 10:00, 10:30 to 12:00, 14:00 to 14:30, 15:00 to 15:30, 16:00 to 16:30, Tuesday during 9:00 to 9:30, 10:30 to 11:00, 11:30 to 12:00, 13:00 to 13:30, 14:00 to 15:00, 16:00 to 17:00; \n\nThe group would like to meet at their earlist availability.\nFind a time that works for everyone's schedule and constraints. \nSOLUTION: Here is the proposed time: Monday, 12:00 - 13:00 \n\nTASK: You need to schedule a meeting for Eric and Lauren for half an hour between the work hours of 9:00 to 17:00 on either Monday or Tuesday. \n\nHere are the existing schedules for everyone during the days: \nEric has meetings on Monday during 9:00 to 9:30, 12:30 to 13:00, 13:30 to 14:30, 16:30 to 17:00, Tuesday during 9:00 to 9:30, 12:00 to 13:30, 15:00 to 15:30, 16:00 to 17:00; \nLauren has meetings on Monday during 10:30 to 11:30, 12:30 to 16:00, 16:30 to 17:00, Tuesday during 9:30 to 10:00, 11:00 to 12:00, 13:30 to 14:00, 15:00 to 15:30, 16:30 to 17:00; \n\nLauren would like to avoid more meetings on Tuesday. You would like to schedule the meeting at their earlist availability.\nFind a time that works for everyone's schedule and constraints. \nSOLUTION: Here is the proposed time: Monday, 9:30 - 10:00 \n\nTASK: You need to schedule a meeting for Austin and Charlotte for half an hour between the work hours of 9:00 to 17:00 on either Monday or Tuesday. \n\nHere are the existing schedules for everyone during the days: \nAustin's calendar is wide open the entire week.\nCharlotte has meetings on Monday during 9:00 to 11:00, 12:00 to 12:30, 13:30 to 14:00, 14:30 to 16:30, Tuesday during 9:30 to 10:30, 11:30 to 12:30, 13:30 to 16:00, 16:30 to 17:00; \n\nCharlotte would rather not meet on Monday. You would like to schedule the meeting at their earlist availability.\nFind a time that works for everyone's schedule and constraints. \nSOLUTION: "", 'golden_plan': 'Here is the proposed time: Tuesday, 9:00 - 9:30 ', 'pred_5shot_pro': 'Here is the proposed time: Tuesday, 9:00 - 9:30 \n', 'prompt_0shot': ""You are an expert at scheduling meetings. You are given a few constraints on the existing schedule of each participant, the meeting duration, and possibly some preferences on the meeting time. Note there exists a solution that works with existing schedule of every participant. Here are a few example tasks and solutions:\n\nTASK: You need to schedule a meeting for Austin and Charlotte for half an hour between the work hours of 9:00 to 17:00 on either Monday or Tuesday. \n\nHere are the existing schedules for everyone during the days: \nAustin's calendar is wide open the entire week.\nCharlotte has meetings on Monday during 9:00 to 11:00, 12:00 to 12:30, 13:30 to 14:00, 14:30 to 16:30, Tuesday during 9:30 to 10:30, 11:30 to 12:30, 13:30 to 16:00, 16:30 to 17:00; \n\nCharlotte would rather not meet on Monday. You would like to schedule the meeting at their earlist availability.\nFind a time that works for everyone's schedule and constraints. \nSOLUTION: ""}",True,3977.0,904.0,4.799849271774292,0.0007593,react
calendar_scheduling_example_614,"Here is the proposed time: Monday, 15:00 - 15:30
","{'num_people': '2', 'num_days': '2', 'duration': '0.5', 'prompt_5shot': ""You are an expert at scheduling meetings. You are given a few constraints on the existing schedule of each participant, the meeting duration, and possibly some preferences on the meeting time. Note there exists a solution that works with existing schedule of every participant. Here are a few example tasks and solutions:\n\nTASK: You need to schedule a meeting for Bradley and Barbara for half an hour between the work hours of 9:00 to 17:00 on either Monday or Tuesday. \n\nHere are the existing schedules for everyone during the days: \nBradley has meetings on Monday during 9:30 to 10:00, 10:30 to 11:00, 12:30 to 13:30, 14:00 to 14:30, 15:00 to 16:00, 16:30 to 17:00, Tuesday during 10:00 to 10:30, 13:30 to 14:30, 15:30 to 17:00; \nBarbara has blocked their calendar on Monday during 9:30 to 12:00, 13:00 to 16:00, Tuesday during 9:30 to 13:30, 14:30 to 17:00; \n\nBarbara can not meet on Monday. Find a time that works for everyone's schedule and constraints. \nSOLUTION: Here is the proposed time: Tuesday, 9:00 - 9:30 \n\nTASK: You need to schedule a meeting for Patrick and Denise for one hour between the work hours of 9:00 to 17:00 on either Monday or Tuesday. \n\nHere are the existing schedules for everyone during the days: \nPatrick has blocked their calendar on Monday during 10:30 to 11:00, 12:00 to 13:00, 13:30 to 16:00, Tuesday during 9:30 to 10:00, 10:30 to 12:00, 15:30 to 16:00, 16:30 to 17:00; \nDenise has meetings on Monday during 9:00 to 9:30, 10:00 to 13:00, 13:30 to 16:00, 16:30 to 17:00, Tuesday during 10:00 to 11:00, 11:30 to 12:00, 13:00 to 14:00, 14:30 to 15:30, 16:00 to 17:00; \n\nFind a time that works for everyone's schedule and constraints. \nSOLUTION: Here is the proposed time: Tuesday, 12:00 - 13:00 \n\nTASK: You need to schedule a meeting for Willie and Jeffrey for one hour between the work hours of 9:00 to 17:00 on either Monday or Tuesday. \n\nHere are the existing schedules for everyone during the days: \nWilliehas no meetings the whole week.\nJeffrey has blocked their calendar on Monday during 9:30 to 12:30, 13:00 to 14:30, 15:00 to 16:00, Tuesday during 9:00 to 9:30, 11:00 to 12:30, 13:00 to 13:30, 14:00 to 15:30, 16:30 to 17:00; \n\nJeffrey do not want to meet on Tuesday. Find a time that works for everyone's schedule and constraints. \nSOLUTION: Here is the proposed time: Monday, 16:00 - 17:00 \n\nTASK: You need to schedule a meeting for Scott and Patricia for one hour between the work hours of 9:00 to 17:00 on either Monday or Tuesday. \n\nHere are the existing schedules for everyone during the days: \nScott's calendar is wide open the entire week.\nPatricia is busy on Monday during 9:00 to 10:00, 10:30 to 12:00, 14:00 to 14:30, 15:00 to 15:30, 16:00 to 16:30, Tuesday during 9:00 to 9:30, 10:30 to 11:00, 11:30 to 12:00, 13:00 to 13:30, 14:00 to 15:00, 16:00 to 17:00; \n\nThe group would like to meet at their earlist availability.\nFind a time that works for everyone's schedule and constraints. \nSOLUTION: Here is the proposed time: Monday, 12:00 - 13:00 \n\nTASK: You need to schedule a meeting for Eric and Lauren for half an hour between the work hours of 9:00 to 17:00 on either Monday or Tuesday. \n\nHere are the existing schedules for everyone during the days: \nEric has meetings on Monday during 9:00 to 9:30, 12:30 to 13:00, 13:30 to 14:30, 16:30 to 17:00, Tuesday during 9:00 to 9:30, 12:00 to 13:30, 15:00 to 15:30, 16:00 to 17:00; \nLauren has meetings on Monday during 10:30 to 11:30, 12:30 to 16:00, 16:30 to 17:00, Tuesday during 9:30 to 10:00, 11:00 to 12:00, 13:30 to 14:00, 15:00 to 15:30, 16:30 to 17:00; \n\nLauren would like to avoid more meetings on Tuesday. You would like to schedule the meeting at their earlist availability.\nFind a time that works for everyone's schedule and constraints. \nSOLUTION: Here is the proposed time: Monday, 9:30 - 10:00 \n\nTASK: You need to schedule a meeting for Ralph and Patricia for half an hour between the work hours of 9:00 to 17:00 on either Monday or Tuesday. \n\nHere are the existing schedules for everyone during the days: \nRalph has blocked their calendar on Monday during 9:00 to 9:30, 10:30 to 11:00, 11:30 to 12:00, 13:00 to 13:30, 14:30 to 15:00, 16:00 to 17:00, Tuesday during 10:00 to 11:00, 13:30 to 15:00; \nPatricia has blocked their calendar on Monday during 9:00 to 11:30, 12:00 to 14:00, 14:30 to 16:00, Tuesday during 10:30 to 12:00, 13:30 to 15:00, 16:00 to 17:00; \n\nThe group would like to meet at their earlist availability.\nFind a time that works for everyone's schedule and constraints. \nSOLUTION: "", 'golden_plan': 'Here is the proposed time: Monday, 14:00 - 14:30 ', 'pred_5shot_pro': 'Here is the proposed time: Tuesday, 9:00 - 9:30 \n', 'prompt_0shot': ""You are an expert at scheduling meetings. You are given a few constraints on the existing schedule of each participant, the meeting duration, and possibly some preferences on the meeting time. Note there exists a solution that works with existing schedule of every participant. Here are a few example tasks and solutions:\n\nTASK: You need to schedule a meeting for Ralph and Patricia for half an hour between the work hours of 9:00 to 17:00 on either Monday or Tuesday. \n\nHere are the existing schedules for everyone during the days: \nRalph has blocked their calendar on Monday during 9:00 to 9:30, 10:30 to 11:00, 11:30 to 12:00, 13:00 to 13:30, 14:30 to 15:00, 16:00 to 17:00, Tuesday during 10:00 to 11:00, 13:30 to 15:00; \nPatricia has blocked their calendar on Monday during 9:00 to 11:30, 12:00 to 14:00, 14:30 to 16:00, Tuesday during 10:30 to 12:00, 13:30 to 15:00, 16:00 to 17:00; \n\nThe group would like to meet at their earlist availability.\nFind a time that works for everyone's schedule and constraints. \nSOLUTION: ""}",False,4517.0,1208.0,5.543223142623901,0.0009349,react
calendar_scheduling_example_465,**exception raised**: Exceeded maximum retries (2) for output validation,"{'num_people': '7', 'num_days': '1', 'duration': '0.5', 'prompt_5shot': ""You are an expert at scheduling meetings. You are given a few constraints on the existing schedule of each participant, the meeting duration, and possibly some preferences on the meeting time. Note there exists a solution that works with existing schedule of every participant. Here are a few example tasks and solutions:\n\nTASK: You need to schedule a meeting for Dennis, Karen, Ashley, Rebecca, Bradley, Vincent and Bryan for half an hour between the work hours of 9:00 to 17:00 on Monday. \n\nHere are the existing schedules for everyone during the day: \nDennis has blocked their calendar on Monday during 15:30 to 16:00, 16:30 to 17:00; \nKaren is free the entire day.\nAshley is busy on Monday during 10:30 to 11:00, 14:00 to 15:00, 15:30 to 16:00; \nRebecca has meetings on Monday during 13:00 to 14:00; \nBradley has blocked their calendar on Monday during 9:00 to 11:00, 12:00 to 17:00; \nVincent has blocked their calendar on Monday during 10:00 to 11:30, 12:00 to 14:00, 14:30 to 15:00; \nBryan has blocked their calendar on Monday during 9:00 to 10:00, 10:30 to 11:30, 12:00 to 12:30, 14:00 to 15:00, 15:30 to 16:00; \n\nFind a time that works for everyone's schedule and constraints. \nSOLUTION: Here is the proposed time: Monday, 11:30 - 12:00 \n\nTASK: You need to schedule a meeting for Jerry, Abigail, Charlotte, Jessica, Sarah, Carol and Joan for half an hour between the work hours of 9:00 to 17:00 on Monday. \n\nHere are the existing schedules for everyone during the day: \nJerry is busy on Monday during 10:30 to 11:00, 11:30 to 12:00, 13:00 to 13:30, 14:30 to 15:00; \nAbigail is busy on Monday during 9:00 to 9:30, 11:00 to 11:30, 13:00 to 13:30, 14:30 to 15:00, 15:30 to 16:30; \nCharlotte has meetings on Monday during 12:00 to 12:30, 15:00 to 15:30, 16:00 to 17:00; \nJessica's calendar is wide open the entire day.\nSarah is busy on Monday during 10:30 to 11:30, 13:00 to 13:30, 14:30 to 17:00; \nCarol has meetings on Monday during 9:00 to 10:00, 10:30 to 15:30, 16:00 to 17:00; \nJoan has blocked their calendar on Monday during 10:30 to 13:00, 13:30 to 14:00, 15:00 to 17:00; \n\nFind a time that works for everyone's schedule and constraints. \nSOLUTION: Here is the proposed time: Monday, 10:00 - 10:30 \n\nTASK: You need to schedule a meeting for Martha, Julia, Zachary, Joseph, Joshua, Arthur and Frances for half an hour between the work hours of 9:00 to 17:00 on Monday. \n\nHere are the existing schedules for everyone during the day: \nMarthahas no meetings the whole day.\nJulia has blocked their calendar on Monday during 11:00 to 11:30, 12:30 to 13:00, 13:30 to 14:00, 16:30 to 17:00; \nZachary has blocked their calendar on Monday during 13:30 to 14:00, 15:00 to 15:30; \nJoseph has blocked their calendar on Monday during 9:00 to 9:30, 10:00 to 10:30, 12:00 to 13:00, 14:30 to 15:30; \nJoshua has blocked their calendar on Monday during 9:00 to 9:30, 10:00 to 10:30, 11:30 to 12:30, 13:00 to 14:00, 15:30 to 16:30; \nArthur has meetings on Monday during 9:00 to 9:30, 11:00 to 12:00, 13:00 to 14:30, 16:00 to 17:00; \nFrances has meetings on Monday during 10:30 to 13:30, 15:00 to 15:30, 16:00 to 16:30; \n\nFind a time that works for everyone's schedule and constraints. \nSOLUTION: Here is the proposed time: Monday, 9:30 - 10:00 \n\nTASK: You need to schedule a meeting for Angela, Timothy, Julie, Emma, Madison, Daniel and Kimberly for half an hour between the work hours of 9:00 to 17:00 on Monday. \n\nHere are the existing schedules for everyone during the day: \nAngela has meetings on Monday during 10:30 to 11:00, 14:30 to 15:00; \nTimothy is free the entire day.\nJulie is busy on Monday during 14:00 to 14:30, 15:00 to 15:30; \nEmma has meetings on Monday during 12:30 to 13:30; \nMadison has meetings on Monday during 9:30 to 10:30, 11:30 to 12:30, 13:30 to 14:00, 14:30 to 15:00, 15:30 to 16:30; \nDaniel is busy on Monday during 10:00 to 14:00, 14:30 to 15:30, 16:00 to 17:00; \nKimberly has meetings on Monday during 10:00 to 10:30, 11:00 to 14:00, 14:30 to 17:00; \n\nFind a time that works for everyone's schedule and constraints. \nSOLUTION: Here is the proposed time: Monday, 9:00 - 9:30 \n\nTASK: You need to schedule a meeting for William, Ronald, Elizabeth, Justin, Gregory, Philip and Evelyn for half an hour between the work hours of 9:00 to 17:00 on Monday. \n\nHere are the existing schedules for everyone during the day: \nWilliam is busy on Monday during 10:00 to 10:30, 12:30 to 13:00, 16:00 to 17:00; \nRonaldhas no meetings the whole day.\nElizabeth is busy on Monday during 9:00 to 10:00, 12:30 to 13:00, 14:30 to 15:00; \nJustin is busy on Monday during 12:00 to 12:30, 14:00 to 14:30; \nGregory has blocked their calendar on Monday during 10:00 to 10:30, 12:00 to 13:30, 14:00 to 15:00, 15:30 to 16:30; \nPhilip has blocked their calendar on Monday during 9:00 to 11:00, 12:30 to 13:30, 15:00 to 15:30, 16:00 to 16:30; \nEvelyn has blocked their calendar on Monday during 9:00 to 11:00, 11:30 to 13:30, 14:00 to 17:00; \n\nJustin do not want to meet on Monday after 13:30. Find a time that works for everyone's schedule and constraints. \nSOLUTION: Here is the proposed time: Monday, 11:00 - 11:30 \n\nTASK: You need to schedule a meeting for Gregory, John, Roger, Roy, Adam, Judith and Robert for half an hour between the work hours of 9:00 to 17:00 on Monday. \n\nHere are the existing schedules for everyone during the day: \nGregory has meetings on Monday during 14:00 to 17:00; \nJohnhas no meetings the whole day.\nRoger is free the entire day.\nRoy has meetings on Monday during 10:30 to 11:00, 14:30 to 15:00; \nAdam has blocked their calendar on Monday during 9:00 to 12:30, 13:30 to 17:00; \nJudith is busy on Monday during 9:00 to 10:30, 12:00 to 13:00, 13:30 to 14:30, 15:00 to 16:00, 16:30 to 17:00; \nRobert has blocked their calendar on Monday during 9:00 to 13:00, 13:30 to 15:00, 15:30 to 17:00; \n\nFind a time that works for everyone's schedule and constraints. \nSOLUTION: "", 'golden_plan': 'Here is the proposed time: Monday, 13:00 - 13:30 ', 'pred_5shot_pro': 'Here is the proposed time: Monday, 11:00 - 11:30 \n', 'prompt_0shot': ""You are an expert at scheduling meetings. You are given a few constraints on the existing schedule of each participant, the meeting duration, and possibly some preferences on the meeting time. Note there exists a solution that works with existing schedule of every participant. Here are a few example tasks and solutions:\n\nTASK: You need to schedule a meeting for Gregory, John, Roger, Roy, Adam, Judith and Robert for half an hour between the work hours of 9:00 to 17:00 on Monday. \n\nHere are the existing schedules for everyone during the day: \nGregory has meetings on Monday during 14:00 to 17:00; \nJohnhas no meetings the whole day.\nRoger is free the entire day.\nRoy has meetings on Monday during 10:30 to 11:00, 14:30 to 15:00; \nAdam has blocked their calendar on Monday during 9:00 to 12:30, 13:30 to 17:00; \nJudith is busy on Monday during 9:00 to 10:30, 12:00 to 13:00, 13:30 to 14:30, 15:00 to 16:00, 16:30 to 17:00; \nRobert has blocked their calendar on Monday during 9:00 to 13:00, 13:30 to 15:00, 15:30 to 17:00; \n\nFind a time that works for everyone's schedule and constraints. \nSOLUTION: ""}",False,,,,,react
calendar_scheduling_example_49,"Kathleen would rather not meet on Monday after 14:30. Find a time that works for everyone's schedule and constraints. 
SOLUTION: Here is the proposed time: Monday, 10:30 - 11:00","{'num_people': '3', 'num_days': '1', 'duration': '0.5', 'prompt_5shot': ""You are an expert at scheduling meetings. You are given a few constraints on the existing schedule of each participant, the meeting duration, and possibly some preferences on the meeting time. Note there exists a solution that works with existing schedule of every participant. Here are a few example tasks and solutions:\n\nTASK: You need to schedule a meeting for Roger, Karen and Dorothy for half an hour between the work hours of 9:00 to 17:00 on Monday. \n\nHere are the existing schedules for everyone during the day: \nRoger's calendar is wide open the entire day.\nKaren has meetings on Monday during 10:00 to 10:30, 11:30 to 12:00, 12:30 to 13:00, 14:00 to 15:00, 15:30 to 16:00; \nDorothy is busy on Monday during 9:00 to 10:00, 10:30 to 11:00, 11:30 to 12:00, 12:30 to 13:00, 14:00 to 15:30, 16:00 to 17:00; \n\nYou would like to schedule the meeting at their earlist availability.\nFind a time that works for everyone's schedule and constraints. \nSOLUTION: Here is the proposed time: Monday, 11:00 - 11:30 \n\nTASK: You need to schedule a meeting for Douglas, Lawrence and Isabella for half an hour between the work hours of 9:00 to 17:00 on Monday. \n\nHere are the existing schedules for everyone during the day: \nDouglas has meetings on Monday during 12:00 to 12:30, 15:00 to 15:30; \nLawrence has meetings on Monday during 10:30 to 12:00, 13:00 to 13:30, 14:00 to 14:30, 15:30 to 16:00; \nIsabella is busy on Monday during 9:00 to 12:30, 13:30 to 17:00; \n\nFind a time that works for everyone's schedule and constraints. \nSOLUTION: Here is the proposed time: Monday, 12:30 - 13:00 \n\nTASK: You need to schedule a meeting for Joshua, Denise and Jeremy for one hour between the work hours of 9:00 to 17:00 on Monday. \n\nHere are the existing schedules for everyone during the day: \nJoshua is busy on Monday during 10:00 to 10:30, 12:00 to 12:30, 14:00 to 14:30, 15:00 to 15:30; \nDenise's calendar is wide open the entire day.\nJeremy has meetings on Monday during 9:30 to 10:30, 12:00 to 13:00, 13:30 to 14:00, 14:30 to 15:00, 15:30 to 16:00, 16:30 to 17:00; \n\nFind a time that works for everyone's schedule and constraints. \nSOLUTION: Here is the proposed time: Monday, 10:30 - 11:30 \n\nTASK: You need to schedule a meeting for Alan, Elizabeth and Denise for half an hour between the work hours of 9:00 to 17:00 on Monday. \n\nHere are the existing schedules for everyone during the day: \nAlan has blocked their calendar on Monday during 13:00 to 13:30, 14:00 to 14:30; \nElizabeth is busy on Monday during 9:00 to 9:30, 11:00 to 11:30; \nDenise has blocked their calendar on Monday during 9:00 to 10:00, 10:30 to 11:30, 12:30 to 13:00, 13:30 to 14:00, 14:30 to 16:00, 16:30 to 17:00; \n\nYou would like to schedule the meeting at their earlist availability.\nFind a time that works for everyone's schedule and constraints. \nSOLUTION: Here is the proposed time: Monday, 10:00 - 10:30 \n\nTASK: You need to schedule a meeting for Mason, Bruce and Christopher for half an hour between the work hours of 9:00 to 17:00 on Monday. \n\nHere are the existing schedules for everyone during the day: \nMason has meetings on Monday during 9:30 to 10:00, 11:00 to 11:30, 14:30 to 15:00, 16:30 to 17:00; \nBruce is free the entire day.\nChristopher is busy on Monday during 9:30 to 10:30, 11:30 to 12:30, 15:00 to 17:00; \n\nMason would rather not meet on Monday before 12:30. Find a time that works for everyone's schedule and constraints. \nSOLUTION: Here is the proposed time: Monday, 12:30 - 13:00 \n\nTASK: You need to schedule a meeting for Teresa, Kathleen and Patricia for half an hour between the work hours of 9:00 to 17:00 on Monday. \n\nHere are the existing schedules for everyone during the day: \nTeresa is busy on Monday during 9:00 to 10:00, 13:00 to 13:30, 14:00 to 14:30, 15:00 to 15:30, 16:30 to 17:00; \nKathleen is busy on Monday during 9:00 to 9:30, 12:30 to 13:00, 13:30 to 14:00, 15:00 to 15:30; \nPatricia is busy on Monday during 9:00 to 10:30, 11:30 to 12:00, 13:00 to 13:30, 14:00 to 14:30, 15:30 to 16:00, 16:30 to 17:00; \n\nKathleen would rather not meet on Monday after 14:30. Find a time that works for everyone's schedule and constraints. \nSOLUTION: "", 'golden_plan': 'Here is the proposed time: Monday, 12:00 - 12:30 ', 'pred_5shot_pro': 'Here is the proposed time: Monday, 10:30 - 11:00 \n', 'prompt_0shot': ""You are an expert at scheduling meetings. You are given a few constraints on the existing schedule of each participant, the meeting duration, and possibly some preferences on the meeting time. Note there exists a solution that works with existing schedule of every participant. Here are a few example tasks and solutions:\n\nTASK: You need to schedule a meeting for Teresa, Kathleen and Patricia for half an hour between the work hours of 9:00 to 17:00 on Monday. \n\nHere are the existing schedules for everyone during the day: \nTeresa is busy on Monday during 9:00 to 10:00, 13:00 to 13:30, 14:00 to 14:30, 15:00 to 15:30, 16:30 to 17:00; \nKathleen is busy on Monday during 9:00 to 9:30, 12:30 to 13:00, 13:30 to 14:00, 15:00 to 15:30; \nPatricia is busy on Monday during 9:00 to 10:30, 11:30 to 12:00, 13:00 to 13:30, 14:00 to 14:30, 15:30 to 16:00, 16:30 to 17:00; \n\nKathleen would rather not meet on Monday after 14:30. Find a time that works for everyone's schedule and constraints. \nSOLUTION: ""}",False,1402.0,54.0,0.602205753326416,0.0001618,react
calendar_scheduling_example_555,"Here is the proposed time: Monday, 10:30 - 11:00","{'num_people': '2', 'num_days': '1', 'duration': '0.5', 'prompt_5shot': ""You are an expert at scheduling meetings. You are given a few constraints on the existing schedule of each participant, the meeting duration, and possibly some preferences on the meeting time. Note there exists a solution that works with existing schedule of every participant. Here are a few example tasks and solutions:\n\nTASK: You need to schedule a meeting for Debra and Eric for one hour between the work hours of 9:00 to 17:00 on Monday. \n\nHere are the existing schedules for everyone during the day: \nDebra has blocked their calendar on Monday during 10:00 to 10:30, 12:00 to 13:00, 14:00 to 14:30, 15:00 to 15:30, 16:30 to 17:00; \nEric has blocked their calendar on Monday during 9:00 to 10:00, 10:30 to 12:30, 13:30 to 14:00, 16:30 to 17:00; \n\nFind a time that works for everyone's schedule and constraints. \nSOLUTION: Here is the proposed time: Monday, 15:30 - 16:30 \n\nTASK: You need to schedule a meeting for Helen and Vincent for one hour between the work hours of 9:00 to 17:00 on Monday. \n\nHere are the existing schedules for everyone during the day: \nHelen is busy on Monday during 10:00 to 11:00, 15:00 to 15:30, 16:00 to 16:30; \nVincent has blocked their calendar on Monday during 10:00 to 10:30, 11:00 to 11:30, 12:00 to 13:00, 13:30 to 14:30, 15:00 to 17:00; \n\nFind a time that works for everyone's schedule and constraints. \nSOLUTION: Here is the proposed time: Monday, 9:00 - 10:00 \n\nTASK: You need to schedule a meeting for Dylan and Samuel for half an hour between the work hours of 9:00 to 17:00 on Monday. \n\nHere are the existing schedules for everyone during the day: \nDylan's calendar is wide open the entire day.\nSamuel is busy on Monday during 9:00 to 11:00, 11:30 to 13:00, 13:30 to 14:00, 14:30 to 16:00, 16:30 to 17:00; \n\nDylan do not want to meet on Monday after 13:30. Find a time that works for everyone's schedule and constraints. \nSOLUTION: Here is the proposed time: Monday, 13:00 - 13:30 \n\nTASK: You need to schedule a meeting for Joseph and Dylan for one hour between the work hours of 9:00 to 17:00 on Monday. \n\nHere are the existing schedules for everyone during the day: \nJoseph has blocked their calendar on Monday during 11:30 to 12:00, 15:30 to 17:00; \nDylan has meetings on Monday during 9:00 to 10:30, 12:30 to 13:00, 13:30 to 14:30, 16:00 to 17:00; \n\nDylan can not meet on Monday before 14:00. Find a time that works for everyone's schedule and constraints. \nSOLUTION: Here is the proposed time: Monday, 14:30 - 15:30 \n\nTASK: You need to schedule a meeting for Eric and Beverly for one hour between the work hours of 9:00 to 17:00 on Monday. \n\nHere are the existing schedules for everyone during the day: \nEric is busy on Monday during 9:30 to 10:00, 13:30 to 14:30, 15:30 to 16:00; \nBeverly has meetings on Monday during 9:00 to 9:30, 11:00 to 13:00, 14:00 to 14:30, 15:00 to 15:30, 16:30 to 17:00; \n\nFind a time that works for everyone's schedule and constraints. \nSOLUTION: Here is the proposed time: Monday, 10:00 - 11:00 \n\nTASK: You need to schedule a meeting for Evelyn and Randy for half an hour between the work hours of 9:00 to 17:00 on Monday. \n\nHere are the existing schedules for everyone during the day: \nEvelynhas no meetings the whole day.\nRandy has blocked their calendar on Monday during 9:00 to 10:30, 11:00 to 15:30, 16:00 to 17:00; \n\nEvelyn do not want to meet on Monday after 13:00. Find a time that works for everyone's schedule and constraints. \nSOLUTION: "", 'golden_plan': 'Here is the proposed time: Monday, 10:30 - 11:00 ', 'pred_5shot_pro': 'Here is the proposed time: Monday, 10:30 - 11:00 \n', 'prompt_0shot': ""You are an expert at scheduling meetings. You are given a few constraints on the existing schedule of each participant, the meeting duration, and possibly some preferences on the meeting time. Note there exists a solution that works with existing schedule of every participant. Here are a few example tasks and solutions:\n\nTASK: You need to schedule a meeting for Evelyn and Randy for half an hour between the work hours of 9:00 to 17:00 on Monday. \n\nHere are the existing schedules for everyone during the day: \nEvelynhas no meetings the whole day.\nRandy has blocked their calendar on Monday during 9:00 to 10:30, 11:00 to 15:30, 16:00 to 17:00; \n\nEvelyn do not want to meet on Monday after 13:00. Find a time that works for everyone's schedule and constraints. \nSOLUTION: ""}",True,1233.0,21.0,0.5051455497741699,0.00013169999999999998,react
calendar_scheduling_example_623,"Here is the proposed time: Monday, 15:30 - 16:00
","{'num_people': '2', 'num_days': '2', 'duration': '0.5', 'prompt_5shot': ""You are an expert at scheduling meetings. You are given a few constraints on the existing schedule of each participant, the meeting duration, and possibly some preferences on the meeting time. Note there exists a solution that works with existing schedule of every participant. Here are a few example tasks and solutions:\n\nTASK: You need to schedule a meeting for Bradley and Barbara for half an hour between the work hours of 9:00 to 17:00 on either Monday or Tuesday. \n\nHere are the existing schedules for everyone during the days: \nBradley has meetings on Monday during 9:30 to 10:00, 10:30 to 11:00, 12:30 to 13:30, 14:00 to 14:30, 15:00 to 16:00, 16:30 to 17:00, Tuesday during 10:00 to 10:30, 13:30 to 14:30, 15:30 to 17:00; \nBarbara has blocked their calendar on Monday during 9:30 to 12:00, 13:00 to 16:00, Tuesday during 9:30 to 13:30, 14:30 to 17:00; \n\nBarbara can not meet on Monday. Find a time that works for everyone's schedule and constraints. \nSOLUTION: Here is the proposed time: Tuesday, 9:00 - 9:30 \n\nTASK: You need to schedule a meeting for Patrick and Denise for one hour between the work hours of 9:00 to 17:00 on either Monday or Tuesday. \n\nHere are the existing schedules for everyone during the days: \nPatrick has blocked their calendar on Monday during 10:30 to 11:00, 12:00 to 13:00, 13:30 to 16:00, Tuesday during 9:30 to 10:00, 10:30 to 12:00, 15:30 to 16:00, 16:30 to 17:00; \nDenise has meetings on Monday during 9:00 to 9:30, 10:00 to 13:00, 13:30 to 16:00, 16:30 to 17:00, Tuesday during 10:00 to 11:00, 11:30 to 12:00, 13:00 to 14:00, 14:30 to 15:30, 16:00 to 17:00; \n\nFind a time that works for everyone's schedule and constraints. \nSOLUTION: Here is the proposed time: Tuesday, 12:00 - 13:00 \n\nTASK: You need to schedule a meeting for Willie and Jeffrey for one hour between the work hours of 9:00 to 17:00 on either Monday or Tuesday. \n\nHere are the existing schedules for everyone during the days: \nWilliehas no meetings the whole week.\nJeffrey has blocked their calendar on Monday during 9:30 to 12:30, 13:00 to 14:30, 15:00 to 16:00, Tuesday during 9:00 to 9:30, 11:00 to 12:30, 13:00 to 13:30, 14:00 to 15:30, 16:30 to 17:00; \n\nJeffrey do not want to meet on Tuesday. Find a time that works for everyone's schedule and constraints. \nSOLUTION: Here is the proposed time: Monday, 16:00 - 17:00 \n\nTASK: You need to schedule a meeting for Scott and Patricia for one hour between the work hours of 9:00 to 17:00 on either Monday or Tuesday. \n\nHere are the existing schedules for everyone during the days: \nScott's calendar is wide open the entire week.\nPatricia is busy on Monday during 9:00 to 10:00, 10:30 to 12:00, 14:00 to 14:30, 15:00 to 15:30, 16:00 to 16:30, Tuesday during 9:00 to 9:30, 10:30 to 11:00, 11:30 to 12:00, 13:00 to 13:30, 14:00 to 15:00, 16:00 to 17:00; \n\nThe group would like to meet at their earlist availability.\nFind a time that works for everyone's schedule and constraints. \nSOLUTION: Here is the proposed time: Monday, 12:00 - 13:00 \n\nTASK: You need to schedule a meeting for Eric and Lauren for half an hour between the work hours of 9:00 to 17:00 on either Monday or Tuesday. \n\nHere are the existing schedules for everyone during the days: \nEric has meetings on Monday during 9:00 to 9:30, 12:30 to 13:00, 13:30 to 14:30, 16:30 to 17:00, Tuesday during 9:00 to 9:30, 12:00 to 13:30, 15:00 to 15:30, 16:00 to 17:00; \nLauren has meetings on Monday during 10:30 to 11:30, 12:30 to 16:00, 16:30 to 17:00, Tuesday during 9:30 to 10:00, 11:00 to 12:00, 13:30 to 14:00, 15:00 to 15:30, 16:30 to 17:00; \n\nLauren would like to avoid more meetings on Tuesday. You would like to schedule the meeting at their earlist availability.\nFind a time that works for everyone's schedule and constraints. \nSOLUTION: Here is the proposed time: Monday, 9:30 - 10:00 \n\nTASK: You need to schedule a meeting for Melissa and James for half an hour between the work hours of 9:00 to 17:00 on either Monday or Tuesday. \n\nHere are the existing schedules for everyone during the days: \nMelissa is busy on Monday during 9:00 to 9:30, 12:00 to 12:30, 14:00 to 14:30, 16:00 to 16:30, Tuesday during 9:00 to 9:30, 10:00 to 10:30, 11:00 to 11:30, 12:30 to 14:30, 15:30 to 16:00; \nJames is busy on Monday during 9:30 to 11:30, 12:00 to 14:00, 14:30 to 15:30, 16:00 to 16:30, Tuesday during 9:30 to 10:00, 10:30 to 13:00, 13:30 to 17:00; \n\nMelissa would rather not meet on Monday after 16:30. Find a time that works for everyone's schedule and constraints. \nSOLUTION: "", 'golden_plan': 'Here is the proposed time: Monday, 15:30 - 16:00 ', 'pred_5shot_pro': ""Here is the proposed time: **Tuesday, 15:00 - 15:30**\n\n**Explanation:**\n\n* **Monday is out:** James is booked solid from 9:30 to 16:30, and Melissa prefers not to meet after 16:30 on Monday.\n* **Tuesday AM is difficult:** Both have overlapping meetings for most of the morning.\n* **Tuesday PM works:**  The only open slot for both is 15:00 - 15:30 before Melissa's meeting and during a break in James's busy afternoon. \n"", 'prompt_0shot': ""You are an expert at scheduling meetings. You are given a few constraints on the existing schedule of each participant, the meeting duration, and possibly some preferences on the meeting time. Note there exists a solution that works with existing schedule of every participant. Here are a few example tasks and solutions:\n\nTASK: You need to schedule a meeting for Melissa and James for half an hour between the work hours of 9:00 to 17:00 on either Monday or Tuesday. \n\nHere are the existing schedules for everyone during the days: \nMelissa is busy on Monday during 9:00 to 9:30, 12:00 to 12:30, 14:00 to 14:30, 16:00 to 16:30, Tuesday during 9:00 to 9:30, 10:00 to 10:30, 11:00 to 11:30, 12:30 to 14:30, 15:30 to 16:00; \nJames is busy on Monday during 9:30 to 11:30, 12:00 to 14:00, 14:30 to 15:30, 16:00 to 16:30, Tuesday during 9:30 to 10:00, 10:30 to 13:00, 13:30 to 17:00; \n\nMelissa would rather not meet on Monday after 16:30. Find a time that works for everyone's schedule and constraints. \nSOLUTION: ""}",True,4552.0,1255.0,7.763570785522461,0.0009572,react
calendar_scheduling_example_524,"Here is the proposed time: Monday, 10:30 - 11:30","{'num_people': '2', 'num_days': '1', 'duration': '1', 'prompt_5shot': ""You are an expert at scheduling meetings. You are given a few constraints on the existing schedule of each participant, the meeting duration, and possibly some preferences on the meeting time. Note there exists a solution that works with existing schedule of every participant. Here are a few example tasks and solutions:\n\nTASK: You need to schedule a meeting for Debra and Eric for one hour between the work hours of 9:00 to 17:00 on Monday. \n\nHere are the existing schedules for everyone during the day: \nDebra has blocked their calendar on Monday during 10:00 to 10:30, 12:00 to 13:00, 14:00 to 14:30, 15:00 to 15:30, 16:30 to 17:00; \nEric has blocked their calendar on Monday during 9:00 to 10:00, 10:30 to 12:30, 13:30 to 14:00, 16:30 to 17:00; \n\nFind a time that works for everyone's schedule and constraints. \nSOLUTION: Here is the proposed time: Monday, 15:30 - 16:30 \n\nTASK: You need to schedule a meeting for Helen and Vincent for one hour between the work hours of 9:00 to 17:00 on Monday. \n\nHere are the existing schedules for everyone during the day: \nHelen is busy on Monday during 10:00 to 11:00, 15:00 to 15:30, 16:00 to 16:30; \nVincent has blocked their calendar on Monday during 10:00 to 10:30, 11:00 to 11:30, 12:00 to 13:00, 13:30 to 14:30, 15:00 to 17:00; \n\nFind a time that works for everyone's schedule and constraints. \nSOLUTION: Here is the proposed time: Monday, 9:00 - 10:00 \n\nTASK: You need to schedule a meeting for Dylan and Samuel for half an hour between the work hours of 9:00 to 17:00 on Monday. \n\nHere are the existing schedules for everyone during the day: \nDylan's calendar is wide open the entire day.\nSamuel is busy on Monday during 9:00 to 11:00, 11:30 to 13:00, 13:30 to 14:00, 14:30 to 16:00, 16:30 to 17:00; \n\nDylan do not want to meet on Monday after 13:30. Find a time that works for everyone's schedule and constraints. \nSOLUTION: Here is the proposed time: Monday, 13:00 - 13:30 \n\nTASK: You need to schedule a meeting for Joseph and Dylan for one hour between the work hours of 9:00 to 17:00 on Monday. \n\nHere are the existing schedules for everyone during the day: \nJoseph has blocked their calendar on Monday during 11:30 to 12:00, 15:30 to 17:00; \nDylan has meetings on Monday during 9:00 to 10:30, 12:30 to 13:00, 13:30 to 14:30, 16:00 to 17:00; \n\nDylan can not meet on Monday before 14:00. Find a time that works for everyone's schedule and constraints. \nSOLUTION: Here is the proposed time: Monday, 14:30 - 15:30 \n\nTASK: You need to schedule a meeting for Eric and Beverly for one hour between the work hours of 9:00 to 17:00 on Monday. \n\nHere are the existing schedules for everyone during the day: \nEric is busy on Monday during 9:30 to 10:00, 13:30 to 14:30, 15:30 to 16:00; \nBeverly has meetings on Monday during 9:00 to 9:30, 11:00 to 13:00, 14:00 to 14:30, 15:00 to 15:30, 16:30 to 17:00; \n\nFind a time that works for everyone's schedule and constraints. \nSOLUTION: Here is the proposed time: Monday, 10:00 - 11:00 \n\nTASK: You need to schedule a meeting for Katherine and Logan for one hour between the work hours of 9:00 to 17:00 on Monday. \n\nHere are the existing schedules for everyone during the day: \nKatherine is free the entire day.\nLogan has meetings on Monday during 9:00 to 9:30, 10:30 to 11:00, 13:30 to 14:00, 14:30 to 17:00; \n\nLogan can not meet on Monday before 10:30. Find a time that works for everyone's schedule and constraints. \nSOLUTION: "", 'golden_plan': 'Here is the proposed time: Monday, 11:00 - 12:00 ', 'pred_5shot_pro': 'Here is the proposed time: Monday, 11:00 - 12:00 \n', 'prompt_0shot': ""You are an expert at scheduling meetings. You are given a few constraints on the existing schedule of each participant, the meeting duration, and possibly some preferences on the meeting time. Note there exists a solution that works with existing schedule of every participant. Here are a few example tasks and solutions:\n\nTASK: You need to schedule a meeting for Katherine and Logan for one hour between the work hours of 9:00 to 17:00 on Monday. \n\nHere are the existing schedules for everyone during the day: \nKatherine is free the entire day.\nLogan has meetings on Monday during 9:00 to 9:30, 10:30 to 11:00, 13:30 to 14:00, 14:30 to 17:00; \n\nLogan can not meet on Monday before 10:30. Find a time that works for everyone's schedule and constraints. \nSOLUTION: ""}",False,1236.0,21.0,1.7416331768035889,0.00013199999999999998,react
calendar_scheduling_example_77,"Here is the proposed time: Monday, 09:00 - 09:30","{'num_people': '3', 'num_days': '1', 'duration': '0.5', 'prompt_5shot': ""You are an expert at scheduling meetings. You are given a few constraints on the existing schedule of each participant, the meeting duration, and possibly some preferences on the meeting time. Note there exists a solution that works with existing schedule of every participant. Here are a few example tasks and solutions:\n\nTASK: You need to schedule a meeting for Roger, Karen and Dorothy for half an hour between the work hours of 9:00 to 17:00 on Monday. \n\nHere are the existing schedules for everyone during the day: \nRoger's calendar is wide open the entire day.\nKaren has meetings on Monday during 10:00 to 10:30, 11:30 to 12:00, 12:30 to 13:00, 14:00 to 15:00, 15:30 to 16:00; \nDorothy is busy on Monday during 9:00 to 10:00, 10:30 to 11:00, 11:30 to 12:00, 12:30 to 13:00, 14:00 to 15:30, 16:00 to 17:00; \n\nYou would like to schedule the meeting at their earlist availability.\nFind a time that works for everyone's schedule and constraints. \nSOLUTION: Here is the proposed time: Monday, 11:00 - 11:30 \n\nTASK: You need to schedule a meeting for Douglas, Lawrence and Isabella for half an hour between the work hours of 9:00 to 17:00 on Monday. \n\nHere are the existing schedules for everyone during the day: \nDouglas has meetings on Monday during 12:00 to 12:30, 15:00 to 15:30; \nLawrence has meetings on Monday during 10:30 to 12:00, 13:00 to 13:30, 14:00 to 14:30, 15:30 to 16:00; \nIsabella is busy on Monday during 9:00 to 12:30, 13:30 to 17:00; \n\nFind a time that works for everyone's schedule and constraints. \nSOLUTION: Here is the proposed time: Monday, 12:30 - 13:00 \n\nTASK: You need to schedule a meeting for Joshua, Denise and Jeremy for one hour between the work hours of 9:00 to 17:00 on Monday. \n\nHere are the existing schedules for everyone during the day: \nJoshua is busy on Monday during 10:00 to 10:30, 12:00 to 12:30, 14:00 to 14:30, 15:00 to 15:30; \nDenise's calendar is wide open the entire day.\nJeremy has meetings on Monday during 9:30 to 10:30, 12:00 to 13:00, 13:30 to 14:00, 14:30 to 15:00, 15:30 to 16:00, 16:30 to 17:00; \n\nFind a time that works for everyone's schedule and constraints. \nSOLUTION: Here is the proposed time: Monday, 10:30 - 11:30 \n\nTASK: You need to schedule a meeting for Alan, Elizabeth and Denise for half an hour between the work hours of 9:00 to 17:00 on Monday. \n\nHere are the existing schedules for everyone during the day: \nAlan has blocked their calendar on Monday during 13:00 to 13:30, 14:00 to 14:30; \nElizabeth is busy on Monday during 9:00 to 9:30, 11:00 to 11:30; \nDenise has blocked their calendar on Monday during 9:00 to 10:00, 10:30 to 11:30, 12:30 to 13:00, 13:30 to 14:00, 14:30 to 16:00, 16:30 to 17:00; \n\nYou would like to schedule the meeting at their earlist availability.\nFind a time that works for everyone's schedule and constraints. \nSOLUTION: Here is the proposed time: Monday, 10:00 - 10:30 \n\nTASK: You need to schedule a meeting for Mason, Bruce and Christopher for half an hour between the work hours of 9:00 to 17:00 on Monday. \n\nHere are the existing schedules for everyone during the day: \nMason has meetings on Monday during 9:30 to 10:00, 11:00 to 11:30, 14:30 to 15:00, 16:30 to 17:00; \nBruce is free the entire day.\nChristopher is busy on Monday during 9:30 to 10:30, 11:30 to 12:30, 15:00 to 17:00; \n\nMason would rather not meet on Monday before 12:30. Find a time that works for everyone's schedule and constraints. \nSOLUTION: Here is the proposed time: Monday, 12:30 - 13:00 \n\nTASK: You need to schedule a meeting for Donald, Joyce and Abigail for half an hour between the work hours of 9:00 to 17:00 on Monday. \n\nHere are the existing schedules for everyone during the day: \nDonald has blocked their calendar on Monday during 10:00 to 10:30, 11:00 to 11:30, 12:00 to 12:30, 13:00 to 13:30, 15:30 to 16:30; \nJoyce is busy on Monday during 11:00 to 13:00, 14:30 to 15:00, 16:00 to 16:30; \nAbigail has blocked their calendar on Monday during 9:30 to 10:00, 11:30 to 12:00, 13:00 to 14:00, 15:00 to 17:00; \n\nDonald do not want to meet on Monday after 12:00. Find a time that works for everyone's schedule and constraints. \nSOLUTION: "", 'golden_plan': 'Here is the proposed time: Monday, 10:30 - 11:00 ', 'pred_5shot_pro': ""This is a tricky one! There's no time that works for everyone with Donald's constraint of not meeting after 12:00.  Let's break it down:\n\n* **Donald:** Available 9:00-10:00 and 14:00-15:30 (but doesn't want to meet after 12:00)\n* **Joyce:** Available 9:00-11:00, 13:00-14:30, and 15:00-16:00\n* **Abigail:** Available 10:00-11:30, 12:00-13:00, and 14:00-15:00\n\n**The Conflict:** Donald's only free time before 12:00 is 9:00-10:00, but Abigail is busy then. \n\n**Solution:** There's no solution possible given these constraints. You would need to:\n\n1. **Ask Donald to reconsider** his time constraint. \n2. **Check other days:**  See if there's a 30-minute slot available for everyone on a different day. \n3. **Shorten the Meeting:** If possible, a shorter meeting might fit into everyone's schedule. \n"", 'prompt_0shot': ""You are an expert at scheduling meetings. You are given a few constraints on the existing schedule of each participant, the meeting duration, and possibly some preferences on the meeting time. Note there exists a solution that works with existing schedule of every participant. Here are a few example tasks and solutions:\n\nTASK: You need to schedule a meeting for Donald, Joyce and Abigail for half an hour between the work hours of 9:00 to 17:00 on Monday. \n\nHere are the existing schedules for everyone during the day: \nDonald has blocked their calendar on Monday during 10:00 to 10:30, 11:00 to 11:30, 12:00 to 12:30, 13:00 to 13:30, 15:30 to 16:30; \nJoyce is busy on Monday during 11:00 to 13:00, 14:30 to 15:00, 16:00 to 16:30; \nAbigail has blocked their calendar on Monday during 9:30 to 10:00, 11:30 to 12:00, 13:00 to 14:00, 15:00 to 17:00; \n\nDonald do not want to meet on Monday after 12:00. Find a time that works for everyone's schedule and constraints. \nSOLUTION: ""}",False,4315.0,1170.0,6.3628857135772705,0.0008994999999999999,react
calendar_scheduling_example_321,"Here is the proposed time: Monday, 13:00 - 13:30
","{'num_people': '6', 'num_days': '1', 'duration': '0.5', 'prompt_5shot': ""You are an expert at scheduling meetings. You are given a few constraints on the existing schedule of each participant, the meeting duration, and possibly some preferences on the meeting time. Note there exists a solution that works with existing schedule of every participant. Here are a few example tasks and solutions:\n\nTASK: You need to schedule a meeting for Gabriel, Brandon, Janet, Maria, Joshua and Victoria for half an hour between the work hours of 9:00 to 17:00 on Monday. \n\nHere are the existing schedules for everyone during the day: \nGabrielhas no meetings the whole day.\nBrandon's calendar is wide open the entire day.\nJanet is busy on Monday during 9:30 to 10:00, 13:00 to 13:30; \nMaria has meetings on Monday during 10:00 to 12:00, 13:30 to 14:00, 14:30 to 15:00, 16:00 to 17:00; \nJoshua has meetings on Monday during 9:30 to 10:00, 10:30 to 11:30, 12:30 to 14:00, 14:30 to 15:30; \nVictoria has blocked their calendar on Monday during 9:30 to 10:30, 12:00 to 13:30, 14:30 to 15:00, 15:30 to 16:30; \n\nMaria would like to avoid more meetings on Monday after 14:00. Find a time that works for everyone's schedule and constraints. \nSOLUTION: Here is the proposed time: Monday, 9:00 - 9:30 \n\nTASK: You need to schedule a meeting for Jeffrey, Samantha, Abigail, Amanda, Jordan and Samuel for half an hour between the work hours of 9:00 to 17:00 on Monday. \n\nHere are the existing schedules for everyone during the day: \nJeffrey has meetings on Monday during 10:00 to 11:00, 12:00 to 14:00; \nSamantha is busy on Monday during 9:30 to 10:00, 13:00 to 13:30, 14:00 to 14:30, 15:00 to 15:30, 16:00 to 17:00; \nAbigail has blocked their calendar on Monday during 9:00 to 10:00, 11:30 to 12:00, 16:00 to 16:30; \nAmanda has blocked their calendar on Monday during 9:30 to 15:30, 16:00 to 17:00; \nJordan has meetings on Monday during 9:30 to 10:00, 11:00 to 14:00, 14:30 to 15:30, 16:30 to 17:00; \nSamuel is busy on Monday during 9:00 to 9:30, 10:00 to 13:30, 14:30 to 15:30, 16:00 to 17:00; \n\nFind a time that works for everyone's schedule and constraints. \nSOLUTION: Here is the proposed time: Monday, 15:30 - 16:00 \n\nTASK: You need to schedule a meeting for Janice, Melissa, Helen, Kelly, Catherine and Jordan for half an hour between the work hours of 9:00 to 17:00 on Monday. \n\nHere are the existing schedules for everyone during the day: \nJanice has blocked their calendar on Monday during 10:30 to 11:00, 11:30 to 12:00, 13:00 to 13:30, 14:30 to 15:00, 15:30 to 16:00, 16:30 to 17:00; \nMelissahas no meetings the whole day.\nHelen is busy on Monday during 9:30 to 10:00, 11:30 to 12:00, 15:30 to 16:00, 16:30 to 17:00; \nKelly is busy on Monday during 9:00 to 9:30, 10:00 to 11:00, 11:30 to 17:00; \nCatherine is busy on Monday during 9:00 to 9:30, 10:00 to 10:30, 11:30 to 14:00, 15:30 to 16:00; \nJordan has meetings on Monday during 9:00 to 11:00, 11:30 to 15:00, 15:30 to 17:00; \n\nFind a time that works for everyone's schedule and constraints. \nSOLUTION: Here is the proposed time: Monday, 11:00 - 11:30 \n\nTASK: You need to schedule a meeting for Maria, Joshua, Julia, Gloria, Amy and Judith for half an hour between the work hours of 9:00 to 17:00 on Monday. \n\nHere are the existing schedules for everyone during the day: \nMaria is busy on Monday during 9:30 to 10:00, 10:30 to 11:00, 14:30 to 15:00, 16:30 to 17:00; \nJoshua is busy on Monday during 9:30 to 10:00, 11:00 to 11:30; \nJulia has meetings on Monday during 9:30 to 10:00, 10:30 to 11:00, 11:30 to 12:00, 14:30 to 15:30, 16:00 to 16:30; \nGloria has meetings on Monday during 11:00 to 12:00, 12:30 to 14:00, 14:30 to 17:00; \nAmy has meetings on Monday during 10:30 to 11:00, 11:30 to 12:30, 13:00 to 15:00, 16:30 to 17:00; \nJudith is busy on Monday during 9:30 to 11:00, 11:30 to 12:00, 13:00 to 14:30, 15:00 to 15:30, 16:00 to 17:00; \n\nFind a time that works for everyone's schedule and constraints. \nSOLUTION: Here is the proposed time: Monday, 9:00 - 9:30 \n\nTASK: You need to schedule a meeting for Kimberly, Adam, Terry, Judy, Scott and Elijah for half an hour between the work hours of 9:00 to 17:00 on Monday. \n\nHere are the existing schedules for everyone during the day: \nKimberly has meetings on Monday during 10:00 to 10:30, 15:00 to 15:30; \nAdam has meetings on Monday during 11:30 to 12:00, 12:30 to 13:00; \nTerry has meetings on Monday during 11:30 to 12:30; \nJudy is busy on Monday during 9:00 to 11:00, 12:00 to 13:30, 15:30 to 16:00; \nScott has meetings on Monday during 9:30 to 10:00, 11:00 to 12:00, 12:30 to 13:30, 14:00 to 14:30, 15:00 to 15:30, 16:00 to 16:30; \nElijah has meetings on Monday during 11:00 to 13:30, 14:00 to 16:00, 16:30 to 17:00; \n\nFind a time that works for everyone's schedule and constraints. \nSOLUTION: Here is the proposed time: Monday, 13:30 - 14:00 \n\nTASK: You need to schedule a meeting for Grace, Ralph, Harold, Kayla, Andrea and Maria for half an hour between the work hours of 9:00 to 17:00 on Monday. \n\nHere are the existing schedules for everyone during the day: \nGrace has blocked their calendar on Monday during 10:30 to 11:30, 12:00 to 12:30, 15:00 to 15:30; \nRalph has meetings on Monday during 11:00 to 11:30, 16:00 to 16:30; \nHarold's calendar is wide open the entire day.\nKayla has blocked their calendar on Monday during 10:00 to 10:30, 11:00 to 11:30, 12:00 to 12:30, 13:30 to 17:00; \nAndrea has blocked their calendar on Monday during 9:00 to 10:30, 11:00 to 13:00, 13:30 to 17:00; \nMaria has blocked their calendar on Monday during 9:00 to 10:30, 11:00 to 13:00, 15:00 to 16:30; \n\nFind a time that works for everyone's schedule and constraints. \nSOLUTION: "", 'golden_plan': 'Here is the proposed time: Monday, 13:00 - 13:30 ', 'pred_5shot_pro': 'Here is the proposed time: Monday, 10:30 - 11:00 \n', 'prompt_0shot': ""You are an expert at scheduling meetings. You are given a few constraints on the existing schedule of each participant, the meeting duration, and possibly some preferences on the meeting time. Note there exists a solution that works with existing schedule of every participant. Here are a few example tasks and solutions:\n\nTASK: You need to schedule a meeting for Grace, Ralph, Harold, Kayla, Andrea and Maria for half an hour between the work hours of 9:00 to 17:00 on Monday. \n\nHere are the existing schedules for everyone during the day: \nGrace has blocked their calendar on Monday during 10:30 to 11:30, 12:00 to 12:30, 15:00 to 15:30; \nRalph has meetings on Monday during 11:00 to 11:30, 16:00 to 16:30; \nHarold's calendar is wide open the entire day.\nKayla has blocked their calendar on Monday during 10:00 to 10:30, 11:00 to 11:30, 12:00 to 12:30, 13:30 to 17:00; \nAndrea has blocked their calendar on Monday during 9:00 to 10:30, 11:00 to 13:00, 13:30 to 17:00; \nMaria has blocked their calendar on Monday during 9:00 to 10:30, 11:00 to 13:00, 15:00 to 16:30; \n\nFind a time that works for everyone's schedule and constraints. \nSOLUTION: ""}",True,13199.0,1321.0,7.617593050003052,0.0018482999999999998,react
calendar_scheduling_example_886,"Here is the proposed time: Monday, 11:00 - 12:00
","{'num_people': '2', 'num_days': '4', 'duration': '1', 'prompt_5shot': ""You are an expert at scheduling meetings. You are given a few constraints on the existing schedule of each participant, the meeting duration, and possibly some preferences on the meeting time. Note there exists a solution that works with existing schedule of every participant. Here are a few example tasks and solutions:\n\nTASK: You need to schedule a meeting for Diane and Austin for half an hour between the work hours of 9:00 to 17:00 on either Monday, Tuesday, Wednesday or Thursday. \n\nHere are the existing schedules for everyone during the days: \nDiane has meetings on Monday during 9:00 to 9:30, 11:00 to 11:30, 13:30 to 14:00, Tuesday during 11:30 to 12:00, 16:30 to 17:00, Wednesday during 12:30 to 13:00, 14:00 to 14:30, Thursday during 9:30 to 10:00, 14:30 to 15:00, 15:30 to 16:00; \nAustin is busy on Monday during 9:00 to 10:00, 10:30 to 17:00, Tuesday during 9:00 to 17:00, Wednesday during 9:00 to 10:00, 11:00 to 16:00, Thursday during 9:00 to 12:00, 12:30 to 17:00; \n\nDiane would rather not meet on Thursday. Austin do not want to meet on Wednesday. Find a time that works for everyone's schedule and constraints. \nSOLUTION: Here is the proposed time: Monday, 10:00 - 10:30 \n\nTASK: You need to schedule a meeting for Henry and Patricia for half an hour between the work hours of 9:00 to 17:00 on either Monday, Tuesday, Wednesday or Thursday. \n\nHere are the existing schedules for everyone during the days: \nHenry is free the entire week.\nPatricia has blocked their calendar on Monday during 10:30 to 11:00, 11:30 to 13:30, 14:30 to 15:00, 15:30 to 16:00, Tuesday during 9:00 to 11:00, 11:30 to 12:00, 12:30 to 13:00, 15:00 to 15:30, 16:00 to 17:00, Wednesday during 9:00 to 11:30, 12:30 to 14:00, 16:00 to 16:30, Thursday during 10:00 to 10:30, 11:00 to 12:30, 14:00 to 15:00, 16:30 to 17:00; \n\nHenry can not meet on Monday. Wednesday. Thursday. Patricia would rather not meet on Tuesday after 12:30. Find a time that works for everyone's schedule and constraints. \nSOLUTION: Here is the proposed time: Tuesday, 12:00 - 12:30 \n\nTASK: You need to schedule a meeting for Charles and Walter for half an hour between the work hours of 9:00 to 17:00 on either Monday, Tuesday, Wednesday or Thursday. \n\nHere are the existing schedules for everyone during the days: \nCharles is busy on Monday during 9:00 to 11:00, 13:00 to 13:30, 16:00 to 16:30, Tuesday during 10:00 to 10:30, 11:30 to 12:00, 12:30 to 14:00, Wednesday during 9:30 to 10:30, 12:00 to 12:30, 13:00 to 14:00, 14:30 to 16:00, 16:30 to 17:00, Thursday during 10:00 to 12:00, 14:30 to 15:30, 16:00 to 17:00; \nWalter has meetings on Monday during 10:00 to 14:00, 14:30 to 15:00, 15:30 to 16:30, Tuesday during 9:00 to 10:00, 10:30 to 13:30, 14:00 to 15:30, 16:00 to 17:00, Wednesday during 10:30 to 11:00, 12:00 to 14:00, 15:30 to 16:00, Thursday during 9:00 to 15:00, 15:30 to 16:00, 16:30 to 17:00; \n\nCharles do not want to meet on Tuesday. Walter can not meet on Monday after 16:30. Wednesday. Find a time that works for everyone's schedule and constraints. \nSOLUTION: Here is the proposed time: Monday, 15:00 - 15:30 \n\nTASK: You need to schedule a meeting for Bryan and Abigail for half an hour between the work hours of 9:00 to 17:00 on either Monday, Tuesday, Wednesday or Thursday. \n\nHere are the existing schedules for everyone during the days: \nBryan is busy on Monday during 9:00 to 10:30, 11:30 to 12:00, 12:30 to 13:30, 15:00 to 15:30, 16:30 to 17:00, Tuesday during 10:30 to 11:00, 13:30 to 14:00, 16:30 to 17:00, Wednesday during 9:30 to 10:00, 12:00 to 13:00, Thursday during 10:30 to 11:00, 11:30 to 13:00, 13:30 to 14:00, 16:30 to 17:00; \nAbigail has meetings on Monday during 9:00 to 9:30, 10:00 to 10:30, 11:00 to 11:30, 12:30 to 13:00, 13:30 to 14:00, 14:30 to 15:00, 15:30 to 17:00, Tuesday during 9:30 to 14:00, 15:00 to 15:30, 16:00 to 16:30, Wednesday during 9:00 to 12:00, 12:30 to 13:00, 13:30 to 14:30, 15:00 to 15:30, 16:00 to 17:00, Thursday during 9:00 to 9:30, 10:00 to 13:30, 14:00 to 17:00; \n\nBryan can not meet on Tuesday. Abigail would like to avoid more meetings on Monday. Wednesday after 13:30. Thursday. Find a time that works for everyone's schedule and constraints. \nSOLUTION: Here is the proposed time: Wednesday, 13:00 - 13:30 \n\nTASK: You need to schedule a meeting for Nicole and Ronald for one hour between the work hours of 9:00 to 17:00 on either Monday, Tuesday, Wednesday or Thursday. \n\nHere are the existing schedules for everyone during the days: \nNicole is busy on Monday during 10:00 to 10:30, 11:30 to 12:00, 13:00 to 13:30, 14:00 to 14:30, 15:00 to 15:30, 16:30 to 17:00, Tuesday during 9:00 to 9:30, 10:30 to 11:30, 12:30 to 13:30, 14:00 to 15:30, 16:00 to 17:00, Wednesday during 9:00 to 9:30, 10:30 to 11:00, 12:30 to 13:30, 16:00 to 16:30, Thursday during 9:00 to 9:30, 11:00 to 12:30, 13:30 to 14:30, 16:30 to 17:00; \nRonald has blocked their calendar on Monday during 9:00 to 15:30, 16:30 to 17:00, Tuesday during 9:00 to 10:00, 11:00 to 11:30, 16:30 to 17:00, Wednesday during 9:00 to 12:00, 13:00 to 13:30, 14:00 to 14:30, 15:00 to 15:30, 16:00 to 17:00, Thursday during 9:00 to 9:30, 11:00 to 12:30, 13:00 to 14:30, 15:00 to 16:00; \n\nThe group would like to meet at their earlist availability.\nFind a time that works for everyone's schedule and constraints. \nSOLUTION: Here is the proposed time: Monday, 15:30 - 16:30 \n\nTASK: You need to schedule a meeting for Jesse and Robert for one hour between the work hours of 9:00 to 17:00 on either Monday, Tuesday, Wednesday or Thursday. \n\nHere are the existing schedules for everyone during the days: \nJesse has blocked their calendar on Monday during 9:30 to 10:00, Tuesday during 9:00 to 10:00, 13:30 to 14:00, 15:30 to 16:00, 16:30 to 17:00, Wednesday during 11:30 to 12:30, 13:00 to 13:30, 15:30 to 16:00, Thursday during 12:00 to 12:30, 13:00 to 13:30, 14:00 to 14:30, 15:30 to 16:00; \nRobert has blocked their calendar on Monday during 10:00 to 11:00, 12:00 to 13:30, 14:00 to 14:30, 15:00 to 16:00, Tuesday during 9:00 to 17:00, Wednesday during 9:00 to 13:30, 14:00 to 17:00, Thursday during 9:30 to 11:00, 11:30 to 15:00, 15:30 to 17:00; \n\nJesse can not meet on Monday before 12:00. Find a time that works for everyone's schedule and constraints. \nSOLUTION: "", 'golden_plan': 'Here is the proposed time: Monday, 16:00 - 17:00 ', 'pred_5shot_pro': 'Here is the proposed time: Monday, 16:00 - 17:00 \n', 'prompt_0shot': ""You are an expert at scheduling meetings. You are given a few constraints on the existing schedule of each participant, the meeting duration, and possibly some preferences on the meeting time. Note there exists a solution that works with existing schedule of every participant. Here are a few example tasks and solutions:\n\nTASK: You need to schedule a meeting for Jesse and Robert for one hour between the work hours of 9:00 to 17:00 on either Monday, Tuesday, Wednesday or Thursday. \n\nHere are the existing schedules for everyone during the days: \nJesse has blocked their calendar on Monday during 9:30 to 10:00, Tuesday during 9:00 to 10:00, 13:30 to 14:00, 15:30 to 16:00, 16:30 to 17:00, Wednesday during 11:30 to 12:30, 13:00 to 13:30, 15:30 to 16:00, Thursday during 12:00 to 12:30, 13:00 to 13:30, 14:00 to 14:30, 15:30 to 16:00; \nRobert has blocked their calendar on Monday during 10:00 to 11:00, 12:00 to 13:30, 14:00 to 14:30, 15:00 to 16:00, Tuesday during 9:00 to 17:00, Wednesday during 9:00 to 13:30, 14:00 to 17:00, Thursday during 9:30 to 11:00, 11:30 to 15:00, 15:30 to 17:00; \n\nJesse can not meet on Monday before 12:00. Find a time that works for everyone's schedule and constraints. \nSOLUTION: ""}",False,5207.0,1628.0,8.026738405227661,0.0011719,react
calendar_scheduling_example_591,"Here is the proposed time: Monday, 13:00 - 14:00","{'num_people': '2', 'num_days': '1', 'duration': '1', 'prompt_5shot': ""You are an expert at scheduling meetings. You are given a few constraints on the existing schedule of each participant, the meeting duration, and possibly some preferences on the meeting time. Note there exists a solution that works with existing schedule of every participant. Here are a few example tasks and solutions:\n\nTASK: You need to schedule a meeting for Debra and Eric for one hour between the work hours of 9:00 to 17:00 on Monday. \n\nHere are the existing schedules for everyone during the day: \nDebra has blocked their calendar on Monday during 10:00 to 10:30, 12:00 to 13:00, 14:00 to 14:30, 15:00 to 15:30, 16:30 to 17:00; \nEric has blocked their calendar on Monday during 9:00 to 10:00, 10:30 to 12:30, 13:30 to 14:00, 16:30 to 17:00; \n\nFind a time that works for everyone's schedule and constraints. \nSOLUTION: Here is the proposed time: Monday, 15:30 - 16:30 \n\nTASK: You need to schedule a meeting for Helen and Vincent for one hour between the work hours of 9:00 to 17:00 on Monday. \n\nHere are the existing schedules for everyone during the day: \nHelen is busy on Monday during 10:00 to 11:00, 15:00 to 15:30, 16:00 to 16:30; \nVincent has blocked their calendar on Monday during 10:00 to 10:30, 11:00 to 11:30, 12:00 to 13:00, 13:30 to 14:30, 15:00 to 17:00; \n\nFind a time that works for everyone's schedule and constraints. \nSOLUTION: Here is the proposed time: Monday, 9:00 - 10:00 \n\nTASK: You need to schedule a meeting for Dylan and Samuel for half an hour between the work hours of 9:00 to 17:00 on Monday. \n\nHere are the existing schedules for everyone during the day: \nDylan's calendar is wide open the entire day.\nSamuel is busy on Monday during 9:00 to 11:00, 11:30 to 13:00, 13:30 to 14:00, 14:30 to 16:00, 16:30 to 17:00; \n\nDylan do not want to meet on Monday after 13:30. Find a time that works for everyone's schedule and constraints. \nSOLUTION: Here is the proposed time: Monday, 13:00 - 13:30 \n\nTASK: You need to schedule a meeting for Joseph and Dylan for one hour between the work hours of 9:00 to 17:00 on Monday. \n\nHere are the existing schedules for everyone during the day: \nJoseph has blocked their calendar on Monday during 11:30 to 12:00, 15:30 to 17:00; \nDylan has meetings on Monday during 9:00 to 10:30, 12:30 to 13:00, 13:30 to 14:30, 16:00 to 17:00; \n\nDylan can not meet on Monday before 14:00. Find a time that works for everyone's schedule and constraints. \nSOLUTION: Here is the proposed time: Monday, 14:30 - 15:30 \n\nTASK: You need to schedule a meeting for Eric and Beverly for one hour between the work hours of 9:00 to 17:00 on Monday. \n\nHere are the existing schedules for everyone during the day: \nEric is busy on Monday during 9:30 to 10:00, 13:30 to 14:30, 15:30 to 16:00; \nBeverly has meetings on Monday during 9:00 to 9:30, 11:00 to 13:00, 14:00 to 14:30, 15:00 to 15:30, 16:30 to 17:00; \n\nFind a time that works for everyone's schedule and constraints. \nSOLUTION: Here is the proposed time: Monday, 10:00 - 11:00 \n\nTASK: You need to schedule a meeting for Kenneth and Melissa for one hour between the work hours of 9:00 to 17:00 on Monday. \n\nHere are the existing schedules for everyone during the day: \nKenneth has blocked their calendar on Monday during 9:00 to 9:30, 11:00 to 11:30, 15:00 to 15:30, 16:30 to 17:00; \nMelissa is busy on Monday during 10:30 to 13:00, 14:00 to 14:30, 15:30 to 16:30; \n\nKenneth do not want to meet on Monday before 13:00. Find a time that works for everyone's schedule and constraints. \nSOLUTION: "", 'golden_plan': 'Here is the proposed time: Monday, 13:00 - 14:00 ', 'pred_5shot_pro': 'Here is the proposed time: Monday, 16:30 - 17:30 \n\n**Explanation:**\n\n* Kenneth is unavailable until 9:30 and prefers not to meet before 13:00. \n* Melissa is free from 9:00 to 10:30, but Kenneth is unavailable then.\n* Melissa is then busy until 14:00, and both are unavailable from 14:00 to 16:30.\n* The only remaining option is 16:30-17:30, which works for both, even though it extends beyond the usual work hours. \n', 'prompt_0shot': ""You are an expert at scheduling meetings. You are given a few constraints on the existing schedule of each participant, the meeting duration, and possibly some preferences on the meeting time. Note there exists a solution that works with existing schedule of every participant. Here are a few example tasks and solutions:\n\nTASK: You need to schedule a meeting for Kenneth and Melissa for one hour between the work hours of 9:00 to 17:00 on Monday. \n\nHere are the existing schedules for everyone during the day: \nKenneth has blocked their calendar on Monday during 9:00 to 9:30, 11:00 to 11:30, 15:00 to 15:30, 16:30 to 17:00; \nMelissa is busy on Monday during 10:30 to 13:00, 14:00 to 14:30, 15:30 to 16:30; \n\nKenneth do not want to meet on Monday before 13:00. Find a time that works for everyone's schedule and constraints. \nSOLUTION: ""}",True,1282.0,21.0,8.293644666671753,0.00013659999999999999,react
calendar_scheduling_example_19,"Here is the proposed time: Monday, 11:30 - 12:30
","{'num_people': '3', 'num_days': '1', 'duration': '1', 'prompt_5shot': ""You are an expert at scheduling meetings. You are given a few constraints on the existing schedule of each participant, the meeting duration, and possibly some preferences on the meeting time. Note there exists a solution that works with existing schedule of every participant. Here are a few example tasks and solutions:\n\nTASK: You need to schedule a meeting for Roger, Karen and Dorothy for half an hour between the work hours of 9:00 to 17:00 on Monday. \n\nHere are the existing schedules for everyone during the day: \nRoger's calendar is wide open the entire day.\nKaren has meetings on Monday during 10:00 to 10:30, 11:30 to 12:00, 12:30 to 13:00, 14:00 to 15:00, 15:30 to 16:00; \nDorothy is busy on Monday during 9:00 to 10:00, 10:30 to 11:00, 11:30 to 12:00, 12:30 to 13:00, 14:00 to 15:30, 16:00 to 17:00; \n\nYou would like to schedule the meeting at their earlist availability.\nFind a time that works for everyone's schedule and constraints. \nSOLUTION: Here is the proposed time: Monday, 11:00 - 11:30 \n\nTASK: You need to schedule a meeting for Douglas, Lawrence and Isabella for half an hour between the work hours of 9:00 to 17:00 on Monday. \n\nHere are the existing schedules for everyone during the day: \nDouglas has meetings on Monday during 12:00 to 12:30, 15:00 to 15:30; \nLawrence has meetings on Monday during 10:30 to 12:00, 13:00 to 13:30, 14:00 to 14:30, 15:30 to 16:00; \nIsabella is busy on Monday during 9:00 to 12:30, 13:30 to 17:00; \n\nFind a time that works for everyone's schedule and constraints. \nSOLUTION: Here is the proposed time: Monday, 12:30 - 13:00 \n\nTASK: You need to schedule a meeting for Joshua, Denise and Jeremy for one hour between the work hours of 9:00 to 17:00 on Monday. \n\nHere are the existing schedules for everyone during the day: \nJoshua is busy on Monday during 10:00 to 10:30, 12:00 to 12:30, 14:00 to 14:30, 15:00 to 15:30; \nDenise's calendar is wide open the entire day.\nJeremy has meetings on Monday during 9:30 to 10:30, 12:00 to 13:00, 13:30 to 14:00, 14:30 to 15:00, 15:30 to 16:00, 16:30 to 17:00; \n\nFind a time that works for everyone's schedule and constraints. \nSOLUTION: Here is the proposed time: Monday, 10:30 - 11:30 \n\nTASK: You need to schedule a meeting for Alan, Elizabeth and Denise for half an hour between the work hours of 9:00 to 17:00 on Monday. \n\nHere are the existing schedules for everyone during the day: \nAlan has blocked their calendar on Monday during 13:00 to 13:30, 14:00 to 14:30; \nElizabeth is busy on Monday during 9:00 to 9:30, 11:00 to 11:30; \nDenise has blocked their calendar on Monday during 9:00 to 10:00, 10:30 to 11:30, 12:30 to 13:00, 13:30 to 14:00, 14:30 to 16:00, 16:30 to 17:00; \n\nYou would like to schedule the meeting at their earlist availability.\nFind a time that works for everyone's schedule and constraints. \nSOLUTION: Here is the proposed time: Monday, 10:00 - 10:30 \n\nTASK: You need to schedule a meeting for Mason, Bruce and Christopher for half an hour between the work hours of 9:00 to 17:00 on Monday. \n\nHere are the existing schedules for everyone during the day: \nMason has meetings on Monday during 9:30 to 10:00, 11:00 to 11:30, 14:30 to 15:00, 16:30 to 17:00; \nBruce is free the entire day.\nChristopher is busy on Monday during 9:30 to 10:30, 11:30 to 12:30, 15:00 to 17:00; \n\nMason would rather not meet on Monday before 12:30. Find a time that works for everyone's schedule and constraints. \nSOLUTION: Here is the proposed time: Monday, 12:30 - 13:00 \n\nTASK: You need to schedule a meeting for Stephen, Edward and Angela for one hour between the work hours of 9:00 to 17:00 on Monday. \n\nHere are the existing schedules for everyone during the day: \nStephen is busy on Monday during 10:00 to 10:30, 13:00 to 13:30, 14:30 to 15:00, 16:00 to 16:30; \nEdward has blocked their calendar on Monday during 9:00 to 9:30, 10:00 to 10:30, 13:30 to 14:30, 15:00 to 16:00; \nAngela is busy on Monday during 9:00 to 11:30, 12:30 to 13:00, 13:30 to 15:30, 16:00 to 17:00; \n\nFind a time that works for everyone's schedule and constraints. \nSOLUTION: "", 'golden_plan': 'Here is the proposed time: Monday, 11:30 - 12:30 ', 'pred_5shot_pro': 'Here is the proposed time: Monday, 11:30 - 12:30 \n', 'prompt_0shot': ""You are an expert at scheduling meetings. You are given a few constraints on the existing schedule of each participant, the meeting duration, and possibly some preferences on the meeting time. Note there exists a solution that works with existing schedule of every participant. Here are a few example tasks and solutions:\n\nTASK: You need to schedule a meeting for Stephen, Edward and Angela for one hour between the work hours of 9:00 to 17:00 on Monday. \n\nHere are the existing schedules for everyone during the day: \nStephen is busy on Monday during 10:00 to 10:30, 13:00 to 13:30, 14:30 to 15:00, 16:00 to 16:30; \nEdward has blocked their calendar on Monday during 9:00 to 9:30, 10:00 to 10:30, 13:30 to 14:30, 15:00 to 16:00; \nAngela is busy on Monday during 9:00 to 11:30, 12:30 to 13:00, 13:30 to 15:30, 16:00 to 17:00; \n\nFind a time that works for everyone's schedule and constraints. \nSOLUTION: ""}",True,12476.0,1038.0,13.383903503417969,0.0016627999999999999,react
calendar_scheduling_example_165,"Here is the proposed time: Monday, 11:00 - 11:30
","{'num_people': '4', 'num_days': '1', 'duration': '0.5', 'prompt_5shot': ""You are an expert at scheduling meetings. You are given a few constraints on the existing schedule of each participant, the meeting duration, and possibly some preferences on the meeting time. Note there exists a solution that works with existing schedule of every participant. Here are a few example tasks and solutions:\n\nTASK: You need to schedule a meeting for Carol, Cynthia, Judith and Peter for half an hour between the work hours of 9:00 to 17:00 on Monday. \n\nHere are the existing schedules for everyone during the day: \nCarol has meetings on Monday during 11:00 to 11:30, 12:30 to 14:00, 14:30 to 15:30; \nCynthiahas no meetings the whole day.\nJudith has meetings on Monday during 9:00 to 11:30, 12:00 to 13:00, 13:30 to 14:30, 15:00 to 16:30; \nPeter is busy on Monday during 9:00 to 9:30, 10:00 to 16:30; \n\nFind a time that works for everyone's schedule and constraints. \nSOLUTION: Here is the proposed time: Monday, 16:30 - 17:00 \n\nTASK: You need to schedule a meeting for Karen, Carl, Margaret and Lori for half an hour between the work hours of 9:00 to 17:00 on Monday. \n\nHere are the existing schedules for everyone during the day: \nKaren is busy on Monday during 9:30 to 10:00, 11:00 to 12:00, 15:30 to 16:00; \nCarl is busy on Monday during 9:30 to 10:30, 11:00 to 11:30, 13:00 to 13:30, 14:00 to 14:30, 16:00 to 16:30; \nMargaret is busy on Monday during 9:00 to 14:30, 15:00 to 16:30; \nLori is busy on Monday during 9:00 to 12:30, 13:30 to 14:00, 15:30 to 16:00, 16:30 to 17:00; \n\nFind a time that works for everyone's schedule and constraints. \nSOLUTION: Here is the proposed time: Monday, 14:30 - 15:00 \n\nTASK: You need to schedule a meeting for Lawrence, Brenda, Keith and Kevin for half an hour between the work hours of 9:00 to 17:00 on Monday. \n\nHere are the existing schedules for everyone during the day: \nLawrence has meetings on Monday during 9:30 to 10:00, 11:00 to 11:30, 12:00 to 12:30, 13:30 to 15:00; \nBrenda has meetings on Monday during 9:30 to 10:00, 13:00 to 13:30, 14:00 to 14:30, 16:30 to 17:00; \nKeith has blocked their calendar on Monday during 10:00 to 10:30, 12:00 to 13:00, 14:00 to 16:00, 16:30 to 17:00; \nKevin has blocked their calendar on Monday during 9:00 to 9:30, 10:00 to 10:30, 12:30 to 13:30, 14:00 to 15:00, 15:30 to 16:00, 16:30 to 17:00; \n\nLawrence do not want to meet on Monday after 14:30. Find a time that works for everyone's schedule and constraints. \nSOLUTION: Here is the proposed time: Monday, 11:30 - 12:00 \n\nTASK: You need to schedule a meeting for Marilyn, Pamela, Karen and Nancy for half an hour between the work hours of 9:00 to 17:00 on Monday. \n\nHere are the existing schedules for everyone during the day: \nMarilyn has meetings on Monday during 9:30 to 10:30, 11:00 to 11:30, 12:00 to 13:00, 15:30 to 16:00; \nPamela has blocked their calendar on Monday during 11:00 to 11:30, 14:00 to 14:30; \nKaren is busy on Monday during 9:00 to 10:00, 10:30 to 11:30, 12:30 to 13:30, 14:00 to 14:30, 15:00 to 16:00, 16:30 to 17:00; \nNancy is busy on Monday during 9:00 to 12:00, 12:30 to 13:00, 13:30 to 14:00, 15:30 to 16:00, 16:30 to 17:00; \n\nMarilyn would like to avoid more meetings on Monday after 15:00. Find a time that works for everyone's schedule and constraints. \nSOLUTION: Here is the proposed time: Monday, 14:30 - 15:00 \n\nTASK: You need to schedule a meeting for Jeremy, Sara, Jerry and Kathleen for half an hour between the work hours of 9:00 to 17:00 on Monday. \n\nHere are the existing schedules for everyone during the day: \nJeremyhas no meetings the whole day.\nSara has blocked their calendar on Monday during 14:30 to 15:00, 16:30 to 17:00; \nJerry has blocked their calendar on Monday during 9:30 to 10:30, 11:00 to 12:00, 13:30 to 14:00, 14:30 to 17:00; \nKathleen has meetings on Monday during 9:00 to 9:30, 10:00 to 11:00, 11:30 to 12:30, 14:00 to 14:30, 15:30 to 16:00, 16:30 to 17:00; \n\nFind a time that works for everyone's schedule and constraints. \nSOLUTION: Here is the proposed time: Monday, 12:30 - 13:00 \n\nTASK: You need to schedule a meeting for Anthony, Stephanie, Emma and Kathleen for half an hour between the work hours of 9:00 to 17:00 on Monday. \n\nHere are the existing schedules for everyone during the day: \nAnthonyhas no meetings the whole day.\nStephanie has blocked their calendar on Monday during 9:30 to 10:00, 12:30 to 13:30, 15:30 to 17:00; \nEmma has meetings on Monday during 9:00 to 10:30, 11:30 to 12:30, 13:00 to 13:30, 14:00 to 16:00; \nKathleen has blocked their calendar on Monday during 10:00 to 11:00, 11:30 to 12:30, 14:00 to 14:30, 15:30 to 17:00; \n\nThe group would like to meet at their earlist availability.\nFind a time that works for everyone's schedule and constraints. \nSOLUTION: "", 'golden_plan': 'Here is the proposed time: Monday, 11:00 - 11:30 ', 'pred_5shot_pro': 'Here is the proposed time: Monday, 9:00 - 9:30 \n', 'prompt_0shot': ""You are an expert at scheduling meetings. You are given a few constraints on the existing schedule of each participant, the meeting duration, and possibly some preferences on the meeting time. Note there exists a solution that works with existing schedule of every participant. Here are a few example tasks and solutions:\n\nTASK: You need to schedule a meeting for Anthony, Stephanie, Emma and Kathleen for half an hour between the work hours of 9:00 to 17:00 on Monday. \n\nHere are the existing schedules for everyone during the day: \nAnthonyhas no meetings the whole day.\nStephanie has blocked their calendar on Monday during 9:30 to 10:00, 12:30 to 13:30, 15:30 to 17:00; \nEmma has meetings on Monday during 9:00 to 10:30, 11:30 to 12:30, 13:00 to 13:30, 14:00 to 16:00; \nKathleen has blocked their calendar on Monday during 10:00 to 11:00, 11:30 to 12:30, 14:00 to 14:30, 15:30 to 17:00; \n\nThe group would like to meet at their earlist availability.\nFind a time that works for everyone's schedule and constraints. \nSOLUTION: ""}",True,4154.0,1095.0,5.02799391746521,0.0008533999999999999,react
calendar_scheduling_example_723,"Here is the proposed time: Monday, 12:00 - 12:30","{'num_people': '2', 'num_days': '3', 'duration': '0.5', 'prompt_5shot': ""You are an expert at scheduling meetings. You are given a few constraints on the existing schedule of each participant, the meeting duration, and possibly some preferences on the meeting time. Note there exists a solution that works with existing schedule of every participant. Here are a few example tasks and solutions:\n\nTASK: You need to schedule a meeting for Jordan and Betty for one hour between the work hours of 9:00 to 17:00 on either Monday, Tuesday or Wednesday. \n\nHere are the existing schedules for everyone during the days: \nJordan has meetings on Tuesday during 11:00 to 11:30, 13:30 to 14:00, Wednesday during 9:00 to 9:30, 14:00 to 14:30; \nBetty has blocked their calendar on Monday during 9:00 to 12:30, 13:00 to 17:00, Tuesday during 9:00 to 10:00, 10:30 to 11:00, 11:30 to 12:30, 13:30 to 16:00, 16:30 to 17:00, Wednesday during 9:00 to 9:30, 10:30 to 17:00; \n\nYou would like to schedule the meeting at their earlist availability.\nFind a time that works for everyone's schedule and constraints. \nSOLUTION: Here is the proposed time: Tuesday, 12:30 - 13:30 \n\nTASK: You need to schedule a meeting for James and Timothy for half an hour between the work hours of 9:00 to 17:00 on either Monday, Tuesday or Wednesday. \n\nHere are the existing schedules for everyone during the days: \nJames has blocked their calendar on Monday during 9:30 to 10:00, 10:30 to 11:00, 12:30 to 13:00, 13:30 to 14:30, 15:00 to 15:30, 16:30 to 17:00, Tuesday during 10:00 to 11:00, 15:30 to 16:00, Wednesday during 9:00 to 12:30, 14:00 to 15:00, 15:30 to 17:00; \nTimothy has blocked their calendar on Monday during 9:00 to 17:00, Tuesday during 9:00 to 15:00, 15:30 to 17:00, Wednesday during 9:30 to 17:00; \n\nFind a time that works for everyone's schedule and constraints. \nSOLUTION: Here is the proposed time: Tuesday, 15:00 - 15:30 \n\nTASK: You need to schedule a meeting for Lori and Emma for half an hour between the work hours of 9:00 to 17:00 on either Monday, Tuesday or Wednesday. \n\nHere are the existing schedules for everyone during the days: \nLori has blocked their calendar on Monday during 12:30 to 13:00, 13:30 to 14:00, Tuesday during 9:00 to 10:00, 13:00 to 13:30, 14:00 to 14:30, 15:00 to 15:30, Wednesday during 9:30 to 10:00, 11:00 to 11:30, 12:00 to 12:30, 15:30 to 16:00, 16:30 to 17:00; \nEmma has meetings on Monday during 9:00 to 10:00, 10:30 to 17:00, Tuesday during 9:00 to 9:30, 10:30 to 11:30, 12:00 to 13:30, 14:00 to 16:00, 16:30 to 17:00, Wednesday during 9:00 to 10:00, 10:30 to 13:00, 13:30 to 17:00; \n\nYou would like to schedule the meeting at their earlist availability.\nFind a time that works for everyone's schedule and constraints. \nSOLUTION: Here is the proposed time: Monday, 10:00 - 10:30 \n\nTASK: You need to schedule a meeting for Steven and Zachary for one hour between the work hours of 9:00 to 17:00 on either Monday, Tuesday or Wednesday. \n\nHere are the existing schedules for everyone during the days: \nSteven is busy on Monday during 9:00 to 11:30, 13:00 to 13:30, 14:00 to 14:30, Tuesday during 11:00 to 11:30, 12:00 to 12:30, 13:00 to 14:00, 15:00 to 16:00, 16:30 to 17:00, Wednesday during 9:30 to 11:00, 13:30 to 14:00; \nZachary is busy on Monday during 9:00 to 17:00, Tuesday during 10:30 to 11:30, 12:00 to 12:30, 13:00 to 15:00, 15:30 to 16:00, 16:30 to 17:00, Wednesday during 9:00 to 11:00, 12:00 to 12:30, 13:00 to 17:00; \n\nZachary would like to avoid more meetings on Wednesday. Find a time that works for everyone's schedule and constraints. \nSOLUTION: Here is the proposed time: Tuesday, 9:00 - 10:00 \n\nTASK: You need to schedule a meeting for Lisa and Jeffrey for half an hour between the work hours of 9:00 to 17:00 on either Monday, Tuesday or Wednesday. \n\nHere are the existing schedules for everyone during the days: \nLisa has blocked their calendar on Monday during 11:00 to 12:00, 13:00 to 13:30, Tuesday during 9:00 to 9:30, 10:30 to 11:00, 12:00 to 13:00, 13:30 to 14:30, 16:00 to 16:30, Wednesday during 12:00 to 13:30, 14:00 to 14:30; \nJeffrey has meetings on Monday during 9:30 to 10:30, 11:30 to 12:30, 13:00 to 16:00, Tuesday during 9:00 to 10:00, 11:00 to 11:30, 12:00 to 12:30, 13:30 to 14:00, 15:30 to 16:00, 16:30 to 17:00, Wednesday during 10:30 to 12:30, 13:00 to 14:00, 14:30 to 15:00, 15:30 to 16:00, 16:30 to 17:00; \n\nLisa would like to avoid more meetings on Monday after 11:30. Wednesday. Jeffrey can not meet on Tuesday. Find a time that works for everyone's schedule and constraints. \nSOLUTION: Here is the proposed time: Monday, 10:30 - 11:00 \n\nTASK: You need to schedule a meeting for Arthur and Michael for half an hour between the work hours of 9:00 to 17:00 on either Monday, Tuesday or Wednesday. \n\nHere are the existing schedules for everyone during the days: \nArthur has meetings on Monday during 11:00 to 11:30, 13:30 to 14:00, 15:00 to 15:30, Tuesday during 13:00 to 13:30, 16:00 to 16:30, Wednesday during 10:00 to 10:30, 11:00 to 11:30, 12:00 to 12:30, 14:00 to 14:30, 16:00 to 16:30; \nMichael has meetings on Monday during 9:00 to 12:00, 12:30 to 13:00, 14:00 to 14:30, 15:00 to 17:00, Tuesday during 9:30 to 11:30, 12:00 to 13:30, 14:00 to 15:30, Wednesday during 10:00 to 12:30, 13:00 to 13:30; \n\nArthur can not meet on Tuesday. The group would like to meet at their earlist availability.\nFind a time that works for everyone's schedule and constraints. \nSOLUTION: "", 'golden_plan': 'Here is the proposed time: Monday, 12:00 - 12:30 ', 'pred_5shot_pro': 'Here is the proposed time: Monday, 12:00 - 12:30 \n', 'prompt_0shot': ""You are an expert at scheduling meetings. You are given a few constraints on the existing schedule of each participant, the meeting duration, and possibly some preferences on the meeting time. Note there exists a solution that works with existing schedule of every participant. Here are a few example tasks and solutions:\n\nTASK: You need to schedule a meeting for Arthur and Michael for half an hour between the work hours of 9:00 to 17:00 on either Monday, Tuesday or Wednesday. \n\nHere are the existing schedules for everyone during the days: \nArthur has meetings on Monday during 11:00 to 11:30, 13:30 to 14:00, 15:00 to 15:30, Tuesday during 13:00 to 13:30, 16:00 to 16:30, Wednesday during 10:00 to 10:30, 11:00 to 11:30, 12:00 to 12:30, 14:00 to 14:30, 16:00 to 16:30; \nMichael has meetings on Monday during 9:00 to 12:00, 12:30 to 13:00, 14:00 to 14:30, 15:00 to 17:00, Tuesday during 9:30 to 11:30, 12:00 to 13:30, 14:00 to 15:30, Wednesday during 10:00 to 12:30, 13:00 to 13:30; \n\nArthur can not meet on Tuesday. The group would like to meet at their earlist availability.\nFind a time that works for everyone's schedule and constraints. \nSOLUTION: ""}",True,4885.0,1470.0,7.224125623703003,0.0010765,react
calendar_scheduling_example_72,"Here is the proposed time: Monday, 11:30 - 12:30","{'num_people': '3', 'num_days': '1', 'duration': '1', 'prompt_5shot': ""You are an expert at scheduling meetings. You are given a few constraints on the existing schedule of each participant, the meeting duration, and possibly some preferences on the meeting time. Note there exists a solution that works with existing schedule of every participant. Here are a few example tasks and solutions:\n\nTASK: You need to schedule a meeting for Roger, Karen and Dorothy for half an hour between the work hours of 9:00 to 17:00 on Monday. \n\nHere are the existing schedules for everyone during the day: \nRoger's calendar is wide open the entire day.\nKaren has meetings on Monday during 10:00 to 10:30, 11:30 to 12:00, 12:30 to 13:00, 14:00 to 15:00, 15:30 to 16:00; \nDorothy is busy on Monday during 9:00 to 10:00, 10:30 to 11:00, 11:30 to 12:00, 12:30 to 13:00, 14:00 to 15:30, 16:00 to 17:00; \n\nYou would like to schedule the meeting at their earlist availability.\nFind a time that works for everyone's schedule and constraints. \nSOLUTION: Here is the proposed time: Monday, 11:00 - 11:30 \n\nTASK: You need to schedule a meeting for Douglas, Lawrence and Isabella for half an hour between the work hours of 9:00 to 17:00 on Monday. \n\nHere are the existing schedules for everyone during the day: \nDouglas has meetings on Monday during 12:00 to 12:30, 15:00 to 15:30; \nLawrence has meetings on Monday during 10:30 to 12:00, 13:00 to 13:30, 14:00 to 14:30, 15:30 to 16:00; \nIsabella is busy on Monday during 9:00 to 12:30, 13:30 to 17:00; \n\nFind a time that works for everyone's schedule and constraints. \nSOLUTION: Here is the proposed time: Monday, 12:30 - 13:00 \n\nTASK: You need to schedule a meeting for Joshua, Denise and Jeremy for one hour between the work hours of 9:00 to 17:00 on Monday. \n\nHere are the existing schedules for everyone during the day: \nJoshua is busy on Monday during 10:00 to 10:30, 12:00 to 12:30, 14:00 to 14:30, 15:00 to 15:30; \nDenise's calendar is wide open the entire day.\nJeremy has meetings on Monday during 9:30 to 10:30, 12:00 to 13:00, 13:30 to 14:00, 14:30 to 15:00, 15:30 to 16:00, 16:30 to 17:00; \n\nFind a time that works for everyone's schedule and constraints. \nSOLUTION: Here is the proposed time: Monday, 10:30 - 11:30 \n\nTASK: You need to schedule a meeting for Alan, Elizabeth and Denise for half an hour between the work hours of 9:00 to 17:00 on Monday. \n\nHere are the existing schedules for everyone during the day: \nAlan has blocked their calendar on Monday during 13:00 to 13:30, 14:00 to 14:30; \nElizabeth is busy on Monday during 9:00 to 9:30, 11:00 to 11:30; \nDenise has blocked their calendar on Monday during 9:00 to 10:00, 10:30 to 11:30, 12:30 to 13:00, 13:30 to 14:00, 14:30 to 16:00, 16:30 to 17:00; \n\nYou would like to schedule the meeting at their earlist availability.\nFind a time that works for everyone's schedule and constraints. \nSOLUTION: Here is the proposed time: Monday, 10:00 - 10:30 \n\nTASK: You need to schedule a meeting for Mason, Bruce and Christopher for half an hour between the work hours of 9:00 to 17:00 on Monday. \n\nHere are the existing schedules for everyone during the day: \nMason has meetings on Monday during 9:30 to 10:00, 11:00 to 11:30, 14:30 to 15:00, 16:30 to 17:00; \nBruce is free the entire day.\nChristopher is busy on Monday during 9:30 to 10:30, 11:30 to 12:30, 15:00 to 17:00; \n\nMason would rather not meet on Monday before 12:30. Find a time that works for everyone's schedule and constraints. \nSOLUTION: Here is the proposed time: Monday, 12:30 - 13:00 \n\nTASK: You need to schedule a meeting for Mason, Amy and Christopher for one hour between the work hours of 9:00 to 17:00 on Monday. \n\nHere are the existing schedules for everyone during the day: \nMasonhas no meetings the whole day.\nAmy has blocked their calendar on Monday during 9:30 to 11:30, 13:00 to 13:30, 16:30 to 17:00; \nChristopher has blocked their calendar on Monday during 9:00 to 10:00, 12:00 to 13:30, 14:30 to 15:00, 15:30 to 16:30; \n\nFind a time that works for everyone's schedule and constraints. \nSOLUTION: "", 'golden_plan': 'Here is the proposed time: Monday, 13:30 - 14:30 ', 'pred_5shot_pro': 'Here is the proposed time: Monday, 11:30 - 12:30 \n', 'prompt_0shot': ""You are an expert at scheduling meetings. You are given a few constraints on the existing schedule of each participant, the meeting duration, and possibly some preferences on the meeting time. Note there exists a solution that works with existing schedule of every participant. Here are a few example tasks and solutions:\n\nTASK: You need to schedule a meeting for Mason, Amy and Christopher for one hour between the work hours of 9:00 to 17:00 on Monday. \n\nHere are the existing schedules for everyone during the day: \nMasonhas no meetings the whole day.\nAmy has blocked their calendar on Monday during 9:30 to 11:30, 13:00 to 13:30, 16:30 to 17:00; \nChristopher has blocked their calendar on Monday during 9:00 to 10:00, 12:00 to 13:30, 14:30 to 15:00, 15:30 to 16:30; \n\nFind a time that works for everyone's schedule and constraints. \nSOLUTION: ""}",False,1279.0,21.0,0.4746284484863281,0.00013629999999999998,react
calendar_scheduling_example_348,"**exception raised**: status_code: 503, model_name: gemini/gemini-2.5-flash-lite, body: litellm.ServiceUnavailableError: GeminiException - {
  ""error"": {
    ""code"": 503,
    ""message"": ""This model is currently experiencing high demand. Spikes in demand are usually temporary. Please try again later."",
    ""status"": ""UNAVAILABLE""
  }
}
","{'num_people': '6', 'num_days': '1', 'duration': '0.5', 'prompt_5shot': ""You are an expert at scheduling meetings. You are given a few constraints on the existing schedule of each participant, the meeting duration, and possibly some preferences on the meeting time. Note there exists a solution that works with existing schedule of every participant. Here are a few example tasks and solutions:\n\nTASK: You need to schedule a meeting for Gabriel, Brandon, Janet, Maria, Joshua and Victoria for half an hour between the work hours of 9:00 to 17:00 on Monday. \n\nHere are the existing schedules for everyone during the day: \nGabrielhas no meetings the whole day.\nBrandon's calendar is wide open the entire day.\nJanet is busy on Monday during 9:30 to 10:00, 13:00 to 13:30; \nMaria has meetings on Monday during 10:00 to 12:00, 13:30 to 14:00, 14:30 to 15:00, 16:00 to 17:00; \nJoshua has meetings on Monday during 9:30 to 10:00, 10:30 to 11:30, 12:30 to 14:00, 14:30 to 15:30; \nVictoria has blocked their calendar on Monday during 9:30 to 10:30, 12:00 to 13:30, 14:30 to 15:00, 15:30 to 16:30; \n\nMaria would like to avoid more meetings on Monday after 14:00. Find a time that works for everyone's schedule and constraints. \nSOLUTION: Here is the proposed time: Monday, 9:00 - 9:30 \n\nTASK: You need to schedule a meeting for Jeffrey, Samantha, Abigail, Amanda, Jordan and Samuel for half an hour between the work hours of 9:00 to 17:00 on Monday. \n\nHere are the existing schedules for everyone during the day: \nJeffrey has meetings on Monday during 10:00 to 11:00, 12:00 to 14:00; \nSamantha is busy on Monday during 9:30 to 10:00, 13:00 to 13:30, 14:00 to 14:30, 15:00 to 15:30, 16:00 to 17:00; \nAbigail has blocked their calendar on Monday during 9:00 to 10:00, 11:30 to 12:00, 16:00 to 16:30; \nAmanda has blocked their calendar on Monday during 9:30 to 15:30, 16:00 to 17:00; \nJordan has meetings on Monday during 9:30 to 10:00, 11:00 to 14:00, 14:30 to 15:30, 16:30 to 17:00; \nSamuel is busy on Monday during 9:00 to 9:30, 10:00 to 13:30, 14:30 to 15:30, 16:00 to 17:00; \n\nFind a time that works for everyone's schedule and constraints. \nSOLUTION: Here is the proposed time: Monday, 15:30 - 16:00 \n\nTASK: You need to schedule a meeting for Janice, Melissa, Helen, Kelly, Catherine and Jordan for half an hour between the work hours of 9:00 to 17:00 on Monday. \n\nHere are the existing schedules for everyone during the day: \nJanice has blocked their calendar on Monday during 10:30 to 11:00, 11:30 to 12:00, 13:00 to 13:30, 14:30 to 15:00, 15:30 to 16:00, 16:30 to 17:00; \nMelissahas no meetings the whole day.\nHelen is busy on Monday during 9:30 to 10:00, 11:30 to 12:00, 15:30 to 16:00, 16:30 to 17:00; \nKelly is busy on Monday during 9:00 to 9:30, 10:00 to 11:00, 11:30 to 17:00; \nCatherine is busy on Monday during 9:00 to 9:30, 10:00 to 10:30, 11:30 to 14:00, 15:30 to 16:00; \nJordan has meetings on Monday during 9:00 to 11:00, 11:30 to 15:00, 15:30 to 17:00; \n\nFind a time that works for everyone's schedule and constraints. \nSOLUTION: Here is the proposed time: Monday, 11:00 - 11:30 \n\nTASK: You need to schedule a meeting for Maria, Joshua, Julia, Gloria, Amy and Judith for half an hour between the work hours of 9:00 to 17:00 on Monday. \n\nHere are the existing schedules for everyone during the day: \nMaria is busy on Monday during 9:30 to 10:00, 10:30 to 11:00, 14:30 to 15:00, 16:30 to 17:00; \nJoshua is busy on Monday during 9:30 to 10:00, 11:00 to 11:30; \nJulia has meetings on Monday during 9:30 to 10:00, 10:30 to 11:00, 11:30 to 12:00, 14:30 to 15:30, 16:00 to 16:30; \nGloria has meetings on Monday during 11:00 to 12:00, 12:30 to 14:00, 14:30 to 17:00; \nAmy has meetings on Monday during 10:30 to 11:00, 11:30 to 12:30, 13:00 to 15:00, 16:30 to 17:00; \nJudith is busy on Monday during 9:30 to 11:00, 11:30 to 12:00, 13:00 to 14:30, 15:00 to 15:30, 16:00 to 17:00; \n\nFind a time that works for everyone's schedule and constraints. \nSOLUTION: Here is the proposed time: Monday, 9:00 - 9:30 \n\nTASK: You need to schedule a meeting for Kimberly, Adam, Terry, Judy, Scott and Elijah for half an hour between the work hours of 9:00 to 17:00 on Monday. \n\nHere are the existing schedules for everyone during the day: \nKimberly has meetings on Monday during 10:00 to 10:30, 15:00 to 15:30; \nAdam has meetings on Monday during 11:30 to 12:00, 12:30 to 13:00; \nTerry has meetings on Monday during 11:30 to 12:30; \nJudy is busy on Monday during 9:00 to 11:00, 12:00 to 13:30, 15:30 to 16:00; \nScott has meetings on Monday during 9:30 to 10:00, 11:00 to 12:00, 12:30 to 13:30, 14:00 to 14:30, 15:00 to 15:30, 16:00 to 16:30; \nElijah has meetings on Monday during 11:00 to 13:30, 14:00 to 16:00, 16:30 to 17:00; \n\nFind a time that works for everyone's schedule and constraints. \nSOLUTION: Here is the proposed time: Monday, 13:30 - 14:00 \n\nTASK: You need to schedule a meeting for Anna, Nathan, Benjamin, Noah, Bruce and Matthew for half an hour between the work hours of 9:00 to 17:00 on Monday. \n\nHere are the existing schedules for everyone during the day: \nAnna is busy on Monday during 10:30 to 11:00, 12:30 to 13:00, 15:00 to 16:00; \nNathanhas no meetings the whole day.\nBenjamin is busy on Monday during 10:00 to 10:30, 11:00 to 11:30, 12:30 to 13:00, 14:00 to 14:30; \nNoah is busy on Monday during 9:30 to 13:30, 14:00 to 14:30, 15:00 to 15:30, 16:00 to 17:00; \nBruce has meetings on Monday during 9:30 to 10:30, 11:00 to 13:00, 13:30 to 14:00, 14:30 to 17:00; \nMatthew has meetings on Monday during 9:30 to 16:30; \n\nFind a time that works for everyone's schedule and constraints. \nSOLUTION: "", 'golden_plan': 'Here is the proposed time: Monday, 9:00 - 9:30 ', 'pred_5shot_pro': ""Here is the proposed time: **Monday, 16:30 - 17:00** \n\n**Explanation:**\n\nLet's break down why this is the only viable solution:\n\n* **Anna:** Free after 16:00\n* **Nathan:**  Free all day.\n* **Benjamin:** Free after 14:30\n* **Noah:** Free after 17:00 (but the workday ends then)\n* **Bruce:** Free after 17:00 (but the workday ends then)\n* **Matthew:** Free after 16:30\n\nThe only time slot that accommodates everyone within the workday is 16:30 - 17:00. \n"", 'prompt_0shot': ""You are an expert at scheduling meetings. You are given a few constraints on the existing schedule of each participant, the meeting duration, and possibly some preferences on the meeting time. Note there exists a solution that works with existing schedule of every participant. Here are a few example tasks and solutions:\n\nTASK: You need to schedule a meeting for Anna, Nathan, Benjamin, Noah, Bruce and Matthew for half an hour between the work hours of 9:00 to 17:00 on Monday. \n\nHere are the existing schedules for everyone during the day: \nAnna is busy on Monday during 10:30 to 11:00, 12:30 to 13:00, 15:00 to 16:00; \nNathanhas no meetings the whole day.\nBenjamin is busy on Monday during 10:00 to 10:30, 11:00 to 11:30, 12:30 to 13:00, 14:00 to 14:30; \nNoah is busy on Monday during 9:30 to 13:30, 14:00 to 14:30, 15:00 to 15:30, 16:00 to 17:00; \nBruce has meetings on Monday during 9:30 to 10:30, 11:00 to 13:00, 13:30 to 14:00, 14:30 to 17:00; \nMatthew has meetings on Monday during 9:30 to 16:30; \n\nFind a time that works for everyone's schedule and constraints. \nSOLUTION: ""}",False,,,,,react
calendar_scheduling_example_710,"Here is the proposed time: Tuesday, 14:30 - 15:00","{'num_people': '2', 'num_days': '3', 'duration': '0.5', 'prompt_5shot': ""You are an expert at scheduling meetings. You are given a few constraints on the existing schedule of each participant, the meeting duration, and possibly some preferences on the meeting time. Note there exists a solution that works with existing schedule of every participant. Here are a few example tasks and solutions:\n\nTASK: You need to schedule a meeting for Jordan and Betty for one hour between the work hours of 9:00 to 17:00 on either Monday, Tuesday or Wednesday. \n\nHere are the existing schedules for everyone during the days: \nJordan has meetings on Tuesday during 11:00 to 11:30, 13:30 to 14:00, Wednesday during 9:00 to 9:30, 14:00 to 14:30; \nBetty has blocked their calendar on Monday during 9:00 to 12:30, 13:00 to 17:00, Tuesday during 9:00 to 10:00, 10:30 to 11:00, 11:30 to 12:30, 13:30 to 16:00, 16:30 to 17:00, Wednesday during 9:00 to 9:30, 10:30 to 17:00; \n\nYou would like to schedule the meeting at their earlist availability.\nFind a time that works for everyone's schedule and constraints. \nSOLUTION: Here is the proposed time: Tuesday, 12:30 - 13:30 \n\nTASK: You need to schedule a meeting for James and Timothy for half an hour between the work hours of 9:00 to 17:00 on either Monday, Tuesday or Wednesday. \n\nHere are the existing schedules for everyone during the days: \nJames has blocked their calendar on Monday during 9:30 to 10:00, 10:30 to 11:00, 12:30 to 13:00, 13:30 to 14:30, 15:00 to 15:30, 16:30 to 17:00, Tuesday during 10:00 to 11:00, 15:30 to 16:00, Wednesday during 9:00 to 12:30, 14:00 to 15:00, 15:30 to 17:00; \nTimothy has blocked their calendar on Monday during 9:00 to 17:00, Tuesday during 9:00 to 15:00, 15:30 to 17:00, Wednesday during 9:30 to 17:00; \n\nFind a time that works for everyone's schedule and constraints. \nSOLUTION: Here is the proposed time: Tuesday, 15:00 - 15:30 \n\nTASK: You need to schedule a meeting for Lori and Emma for half an hour between the work hours of 9:00 to 17:00 on either Monday, Tuesday or Wednesday. \n\nHere are the existing schedules for everyone during the days: \nLori has blocked their calendar on Monday during 12:30 to 13:00, 13:30 to 14:00, Tuesday during 9:00 to 10:00, 13:00 to 13:30, 14:00 to 14:30, 15:00 to 15:30, Wednesday during 9:30 to 10:00, 11:00 to 11:30, 12:00 to 12:30, 15:30 to 16:00, 16:30 to 17:00; \nEmma has meetings on Monday during 9:00 to 10:00, 10:30 to 17:00, Tuesday during 9:00 to 9:30, 10:30 to 11:30, 12:00 to 13:30, 14:00 to 16:00, 16:30 to 17:00, Wednesday during 9:00 to 10:00, 10:30 to 13:00, 13:30 to 17:00; \n\nYou would like to schedule the meeting at their earlist availability.\nFind a time that works for everyone's schedule and constraints. \nSOLUTION: Here is the proposed time: Monday, 10:00 - 10:30 \n\nTASK: You need to schedule a meeting for Steven and Zachary for one hour between the work hours of 9:00 to 17:00 on either Monday, Tuesday or Wednesday. \n\nHere are the existing schedules for everyone during the days: \nSteven is busy on Monday during 9:00 to 11:30, 13:00 to 13:30, 14:00 to 14:30, Tuesday during 11:00 to 11:30, 12:00 to 12:30, 13:00 to 14:00, 15:00 to 16:00, 16:30 to 17:00, Wednesday during 9:30 to 11:00, 13:30 to 14:00; \nZachary is busy on Monday during 9:00 to 17:00, Tuesday during 10:30 to 11:30, 12:00 to 12:30, 13:00 to 15:00, 15:30 to 16:00, 16:30 to 17:00, Wednesday during 9:00 to 11:00, 12:00 to 12:30, 13:00 to 17:00; \n\nZachary would like to avoid more meetings on Wednesday. Find a time that works for everyone's schedule and constraints. \nSOLUTION: Here is the proposed time: Tuesday, 9:00 - 10:00 \n\nTASK: You need to schedule a meeting for Lisa and Jeffrey for half an hour between the work hours of 9:00 to 17:00 on either Monday, Tuesday or Wednesday. \n\nHere are the existing schedules for everyone during the days: \nLisa has blocked their calendar on Monday during 11:00 to 12:00, 13:00 to 13:30, Tuesday during 9:00 to 9:30, 10:30 to 11:00, 12:00 to 13:00, 13:30 to 14:30, 16:00 to 16:30, Wednesday during 12:00 to 13:30, 14:00 to 14:30; \nJeffrey has meetings on Monday during 9:30 to 10:30, 11:30 to 12:30, 13:00 to 16:00, Tuesday during 9:00 to 10:00, 11:00 to 11:30, 12:00 to 12:30, 13:30 to 14:00, 15:30 to 16:00, 16:30 to 17:00, Wednesday during 10:30 to 12:30, 13:00 to 14:00, 14:30 to 15:00, 15:30 to 16:00, 16:30 to 17:00; \n\nLisa would like to avoid more meetings on Monday after 11:30. Wednesday. Jeffrey can not meet on Tuesday. Find a time that works for everyone's schedule and constraints. \nSOLUTION: Here is the proposed time: Monday, 10:30 - 11:00 \n\nTASK: You need to schedule a meeting for Cheryl and Kyle for half an hour between the work hours of 9:00 to 17:00 on either Monday, Tuesday or Wednesday. \n\nHere are the existing schedules for everyone during the days: \nCheryl is busy on Monday during 9:00 to 9:30, 11:30 to 13:00, 15:30 to 16:00, Tuesday during 15:00 to 15:30; \nKyle is busy on Monday during 9:00 to 17:00, Tuesday during 9:30 to 17:00, Wednesday during 9:00 to 9:30, 10:00 to 13:00, 13:30 to 14:00, 14:30 to 17:00; \n\nCheryl can not meet on Wednesday. Find a time that works for everyone's schedule and constraints. \nSOLUTION: "", 'golden_plan': 'Here is the proposed time: Tuesday, 9:00 - 9:30 ', 'pred_5shot_pro': 'Here is the proposed time: **Tuesday, 9:00 - 9:30** \n', 'prompt_0shot': ""You are an expert at scheduling meetings. You are given a few constraints on the existing schedule of each participant, the meeting duration, and possibly some preferences on the meeting time. Note there exists a solution that works with existing schedule of every participant. Here are a few example tasks and solutions:\n\nTASK: You need to schedule a meeting for Cheryl and Kyle for half an hour between the work hours of 9:00 to 17:00 on either Monday, Tuesday or Wednesday. \n\nHere are the existing schedules for everyone during the days: \nCheryl is busy on Monday during 9:00 to 9:30, 11:30 to 13:00, 15:30 to 16:00, Tuesday during 15:00 to 15:30; \nKyle is busy on Monday during 9:00 to 17:00, Tuesday during 9:30 to 17:00, Wednesday during 9:00 to 9:30, 10:00 to 13:00, 13:30 to 14:00, 14:30 to 17:00; \n\nCheryl can not meet on Wednesday. Find a time that works for everyone's schedule and constraints. \nSOLUTION: ""}",False,1323.0,21.0,0.498826265335083,0.00014069999999999998,react
calendar_scheduling_example_133,"Here is the proposed time: Monday, 16:00 - 16:30","{'num_people': '4', 'num_days': '1', 'duration': '0.5', 'prompt_5shot': ""You are an expert at scheduling meetings. You are given a few constraints on the existing schedule of each participant, the meeting duration, and possibly some preferences on the meeting time. Note there exists a solution that works with existing schedule of every participant. Here are a few example tasks and solutions:\n\nTASK: You need to schedule a meeting for Carol, Cynthia, Judith and Peter for half an hour between the work hours of 9:00 to 17:00 on Monday. \n\nHere are the existing schedules for everyone during the day: \nCarol has meetings on Monday during 11:00 to 11:30, 12:30 to 14:00, 14:30 to 15:30; \nCynthiahas no meetings the whole day.\nJudith has meetings on Monday during 9:00 to 11:30, 12:00 to 13:00, 13:30 to 14:30, 15:00 to 16:30; \nPeter is busy on Monday during 9:00 to 9:30, 10:00 to 16:30; \n\nFind a time that works for everyone's schedule and constraints. \nSOLUTION: Here is the proposed time: Monday, 16:30 - 17:00 \n\nTASK: You need to schedule a meeting for Karen, Carl, Margaret and Lori for half an hour between the work hours of 9:00 to 17:00 on Monday. \n\nHere are the existing schedules for everyone during the day: \nKaren is busy on Monday during 9:30 to 10:00, 11:00 to 12:00, 15:30 to 16:00; \nCarl is busy on Monday during 9:30 to 10:30, 11:00 to 11:30, 13:00 to 13:30, 14:00 to 14:30, 16:00 to 16:30; \nMargaret is busy on Monday during 9:00 to 14:30, 15:00 to 16:30; \nLori is busy on Monday during 9:00 to 12:30, 13:30 to 14:00, 15:30 to 16:00, 16:30 to 17:00; \n\nFind a time that works for everyone's schedule and constraints. \nSOLUTION: Here is the proposed time: Monday, 14:30 - 15:00 \n\nTASK: You need to schedule a meeting for Lawrence, Brenda, Keith and Kevin for half an hour between the work hours of 9:00 to 17:00 on Monday. \n\nHere are the existing schedules for everyone during the day: \nLawrence has meetings on Monday during 9:30 to 10:00, 11:00 to 11:30, 12:00 to 12:30, 13:30 to 15:00; \nBrenda has meetings on Monday during 9:30 to 10:00, 13:00 to 13:30, 14:00 to 14:30, 16:30 to 17:00; \nKeith has blocked their calendar on Monday during 10:00 to 10:30, 12:00 to 13:00, 14:00 to 16:00, 16:30 to 17:00; \nKevin has blocked their calendar on Monday during 9:00 to 9:30, 10:00 to 10:30, 12:30 to 13:30, 14:00 to 15:00, 15:30 to 16:00, 16:30 to 17:00; \n\nLawrence do not want to meet on Monday after 14:30. Find a time that works for everyone's schedule and constraints. \nSOLUTION: Here is the proposed time: Monday, 11:30 - 12:00 \n\nTASK: You need to schedule a meeting for Marilyn, Pamela, Karen and Nancy for half an hour between the work hours of 9:00 to 17:00 on Monday. \n\nHere are the existing schedules for everyone during the day: \nMarilyn has meetings on Monday during 9:30 to 10:30, 11:00 to 11:30, 12:00 to 13:00, 15:30 to 16:00; \nPamela has blocked their calendar on Monday during 11:00 to 11:30, 14:00 to 14:30; \nKaren is busy on Monday during 9:00 to 10:00, 10:30 to 11:30, 12:30 to 13:30, 14:00 to 14:30, 15:00 to 16:00, 16:30 to 17:00; \nNancy is busy on Monday during 9:00 to 12:00, 12:30 to 13:00, 13:30 to 14:00, 15:30 to 16:00, 16:30 to 17:00; \n\nMarilyn would like to avoid more meetings on Monday after 15:00. Find a time that works for everyone's schedule and constraints. \nSOLUTION: Here is the proposed time: Monday, 14:30 - 15:00 \n\nTASK: You need to schedule a meeting for Jeremy, Sara, Jerry and Kathleen for half an hour between the work hours of 9:00 to 17:00 on Monday. \n\nHere are the existing schedules for everyone during the day: \nJeremyhas no meetings the whole day.\nSara has blocked their calendar on Monday during 14:30 to 15:00, 16:30 to 17:00; \nJerry has blocked their calendar on Monday during 9:30 to 10:30, 11:00 to 12:00, 13:30 to 14:00, 14:30 to 17:00; \nKathleen has meetings on Monday during 9:00 to 9:30, 10:00 to 11:00, 11:30 to 12:30, 14:00 to 14:30, 15:30 to 16:00, 16:30 to 17:00; \n\nFind a time that works for everyone's schedule and constraints. \nSOLUTION: Here is the proposed time: Monday, 12:30 - 13:00 \n\nTASK: You need to schedule a meeting for Janice, Isabella, Linda and Billy for half an hour between the work hours of 9:00 to 17:00 on Monday. \n\nHere are the existing schedules for everyone during the day: \nJanice has blocked their calendar on Monday during 11:30 to 12:30; \nIsabellahas no meetings the whole day.\nLinda has blocked their calendar on Monday during 9:30 to 11:30, 12:00 to 13:00, 13:30 to 16:30; \nBilly is busy on Monday during 9:00 to 9:30, 10:30 to 11:30, 13:30 to 14:00, 14:30 to 16:00, 16:30 to 17:00; \n\nFind a time that works for everyone's schedule and constraints. \nSOLUTION: "", 'golden_plan': 'Here is the proposed time: Monday, 13:00 - 13:30 ', 'pred_5shot_pro': 'Here is the proposed time: Monday, 16:30 - 17:00 \n', 'prompt_0shot': ""You are an expert at scheduling meetings. You are given a few constraints on the existing schedule of each participant, the meeting duration, and possibly some preferences on the meeting time. Note there exists a solution that works with existing schedule of every participant. Here are a few example tasks and solutions:\n\nTASK: You need to schedule a meeting for Janice, Isabella, Linda and Billy for half an hour between the work hours of 9:00 to 17:00 on Monday. \n\nHere are the existing schedules for everyone during the day: \nJanice has blocked their calendar on Monday during 11:30 to 12:30; \nIsabellahas no meetings the whole day.\nLinda has blocked their calendar on Monday during 9:30 to 11:30, 12:00 to 13:00, 13:30 to 16:30; \nBilly is busy on Monday during 9:00 to 9:30, 10:30 to 11:30, 13:30 to 14:00, 14:30 to 16:00, 16:30 to 17:00; \n\nFind a time that works for everyone's schedule and constraints. \nSOLUTION: ""}",False,1319.0,21.0,0.4840710163116455,0.00014029999999999997,react
calendar_scheduling_example_203,"Here is the proposed time: Monday, 12:30 - 13:00","{'num_people': '5', 'num_days': '1', 'duration': '0.5', 'prompt_5shot': ""You are an expert at scheduling meetings. You are given a few constraints on the existing schedule of each participant, the meeting duration, and possibly some preferences on the meeting time. Note there exists a solution that works with existing schedule of every participant. Here are a few example tasks and solutions:\n\nTASK: You need to schedule a meeting for George, Steven, Aaron, Patrick and Cynthia for half an hour between the work hours of 9:00 to 17:00 on Monday. \n\nHere are the existing schedules for everyone during the day: \nGeorgehas no meetings the whole day.\nSteven is free the entire day.\nAaron has blocked their calendar on Monday during 9:00 to 10:00, 11:30 to 12:00, 15:30 to 17:00; \nPatrick has blocked their calendar on Monday during 9:00 to 9:30, 10:00 to 11:00, 11:30 to 12:00, 12:30 to 14:00, 15:00 to 15:30; \nCynthia is busy on Monday during 9:00 to 9:30, 10:30 to 11:30, 12:30 to 14:30, 15:00 to 16:30; \n\nAaron can not meet on Monday after 12:30. Find a time that works for everyone's schedule and constraints. \nSOLUTION: Here is the proposed time: Monday, 12:00 - 12:30 \n\nTASK: You need to schedule a meeting for Elizabeth, Eugene, Nancy, Justin and Roy for half an hour between the work hours of 9:00 to 17:00 on Monday. \n\nHere are the existing schedules for everyone during the day: \nElizabeth's calendar is wide open the entire day.\nEugene has blocked their calendar on Monday during 12:00 to 12:30, 13:30 to 14:00, 15:00 to 16:00; \nNancy has meetings on Monday during 10:30 to 11:00, 12:00 to 13:00, 14:00 to 14:30, 15:00 to 16:00; \nJustin has meetings on Monday during 9:30 to 10:00, 10:30 to 11:30, 12:00 to 12:30, 13:00 to 13:30, 14:30 to 17:00; \nRoy is busy on Monday during 10:00 to 11:00, 11:30 to 12:30, 13:30 to 14:00, 14:30 to 16:00; \n\nFind a time that works for everyone's schedule and constraints. \nSOLUTION: Here is the proposed time: Monday, 9:00 - 9:30 \n\nTASK: You need to schedule a meeting for Mason, Linda, Barbara, Roger and Lisa for half an hour between the work hours of 9:00 to 17:00 on Monday. \n\nHere are the existing schedules for everyone during the day: \nMasonhas no meetings the whole day.\nLinda is busy on Monday during 9:30 to 11:00, 12:00 to 12:30, 13:00 to 13:30, 16:30 to 17:00; \nBarbara has blocked their calendar on Monday during 9:00 to 9:30, 12:00 to 13:00, 15:30 to 16:00; \nRoger has meetings on Monday during 9:00 to 9:30, 13:00 to 14:30, 15:00 to 17:00; \nLisa has blocked their calendar on Monday during 9:00 to 10:00, 10:30 to 11:30, 12:00 to 12:30, 13:00 to 14:30, 15:00 to 17:00; \n\nMason would rather not meet on Monday after 13:30. Find a time that works for everyone's schedule and constraints. \nSOLUTION: Here is the proposed time: Monday, 11:30 - 12:00 \n\nTASK: You need to schedule a meeting for Thomas, Olivia, Doris, Amber and Ronald for half an hour between the work hours of 9:00 to 17:00 on Monday. \n\nHere are the existing schedules for everyone during the day: \nThomas has meetings on Monday during 12:00 to 12:30, 16:30 to 17:00; \nOlivia has blocked their calendar on Monday during 10:30 to 11:30, 13:00 to 14:00, 16:00 to 17:00; \nDoris is busy on Monday during 13:30 to 14:00, 16:30 to 17:00; \nAmber is busy on Monday during 10:00 to 10:30, 12:00 to 13:00, 14:00 to 15:00, 15:30 to 17:00; \nRonald has meetings on Monday during 9:30 to 11:30, 12:00 to 13:00, 13:30 to 14:00, 15:00 to 15:30; \n\nRonald would rather not meet on Monday before 11:30. Find a time that works for everyone's schedule and constraints. \nSOLUTION: Here is the proposed time: Monday, 11:30 - 12:00 \n\nTASK: You need to schedule a meeting for Patrick, Kathleen, Frank, Patricia and Carolyn for half an hour between the work hours of 9:00 to 17:00 on Monday. \n\nHere are the existing schedules for everyone during the day: \nPatrick is free the entire day.\nKathleen has meetings on Monday during 9:30 to 10:00, 15:00 to 15:30; \nFrank has blocked their calendar on Monday during 11:00 to 11:30, 15:30 to 17:00; \nPatricia is busy on Monday during 9:00 to 12:00, 14:30 to 15:00, 16:00 to 16:30; \nCarolyn has meetings on Monday during 9:00 to 9:30, 11:00 to 12:30, 13:00 to 17:00; \n\nFind a time that works for everyone's schedule and constraints. \nSOLUTION: Here is the proposed time: Monday, 12:30 - 13:00 \n\nTASK: You need to schedule a meeting for Elijah, Janet, Brian, Carl and Timothy for half an hour between the work hours of 9:00 to 17:00 on Monday. \n\nHere are the existing schedules for everyone during the day: \nElijah is busy on Monday during 10:00 to 11:00, 12:00 to 12:30, 15:00 to 15:30; \nJanet has meetings on Monday during 9:30 to 10:30, 13:30 to 15:30; \nBrianhas no meetings the whole day.\nCarl has meetings on Monday during 9:30 to 16:30; \nTimothy is busy on Monday during 10:30 to 12:00, 13:30 to 14:00, 14:30 to 16:00, 16:30 to 17:00; \n\nFind a time that works for everyone's schedule and constraints. \nSOLUTION: "", 'golden_plan': 'Here is the proposed time: Monday, 9:00 - 9:30 ', 'pred_5shot_pro': ""Here is the proposed time: **Monday, 9:00 - 9:30** \n\nLet's break down why this works:\n\n* **Elijah:** Free until 10:00\n* **Janet:** Free until 9:30\n* **Brian:** Free all day\n* **Carl:** Busy until 16:30, but the 9:00-9:30 slot works.\n* **Timothy:** Free until 10:30 \n\nThis time slot fits within everyone's availability. \n"", 'prompt_0shot': ""You are an expert at scheduling meetings. You are given a few constraints on the existing schedule of each participant, the meeting duration, and possibly some preferences on the meeting time. Note there exists a solution that works with existing schedule of every participant. Here are a few example tasks and solutions:\n\nTASK: You need to schedule a meeting for Elijah, Janet, Brian, Carl and Timothy for half an hour between the work hours of 9:00 to 17:00 on Monday. \n\nHere are the existing schedules for everyone during the day: \nElijah is busy on Monday during 10:00 to 11:00, 12:00 to 12:30, 15:00 to 15:30; \nJanet has meetings on Monday during 9:30 to 10:30, 13:30 to 15:30; \nBrianhas no meetings the whole day.\nCarl has meetings on Monday during 9:30 to 16:30; \nTimothy is busy on Monday during 10:30 to 12:00, 13:30 to 14:00, 14:30 to 16:00, 16:30 to 17:00; \n\nFind a time that works for everyone's schedule and constraints. \nSOLUTION: ""}",False,4006.0,1020.0,3.9141504764556885,0.0008086,react
calendar_scheduling_example_504,"Here is the proposed time: Monday, 09:30 - 10:00
","{'num_people': '2', 'num_days': '1', 'duration': '0.5', 'prompt_5shot': ""You are an expert at scheduling meetings. You are given a few constraints on the existing schedule of each participant, the meeting duration, and possibly some preferences on the meeting time. Note there exists a solution that works with existing schedule of every participant. Here are a few example tasks and solutions:\n\nTASK: You need to schedule a meeting for Debra and Eric for one hour between the work hours of 9:00 to 17:00 on Monday. \n\nHere are the existing schedules for everyone during the day: \nDebra has blocked their calendar on Monday during 10:00 to 10:30, 12:00 to 13:00, 14:00 to 14:30, 15:00 to 15:30, 16:30 to 17:00; \nEric has blocked their calendar on Monday during 9:00 to 10:00, 10:30 to 12:30, 13:30 to 14:00, 16:30 to 17:00; \n\nFind a time that works for everyone's schedule and constraints. \nSOLUTION: Here is the proposed time: Monday, 15:30 - 16:30 \n\nTASK: You need to schedule a meeting for Helen and Vincent for one hour between the work hours of 9:00 to 17:00 on Monday. \n\nHere are the existing schedules for everyone during the day: \nHelen is busy on Monday during 10:00 to 11:00, 15:00 to 15:30, 16:00 to 16:30; \nVincent has blocked their calendar on Monday during 10:00 to 10:30, 11:00 to 11:30, 12:00 to 13:00, 13:30 to 14:30, 15:00 to 17:00; \n\nFind a time that works for everyone's schedule and constraints. \nSOLUTION: Here is the proposed time: Monday, 9:00 - 10:00 \n\nTASK: You need to schedule a meeting for Dylan and Samuel for half an hour between the work hours of 9:00 to 17:00 on Monday. \n\nHere are the existing schedules for everyone during the day: \nDylan's calendar is wide open the entire day.\nSamuel is busy on Monday during 9:00 to 11:00, 11:30 to 13:00, 13:30 to 14:00, 14:30 to 16:00, 16:30 to 17:00; \n\nDylan do not want to meet on Monday after 13:30. Find a time that works for everyone's schedule and constraints. \nSOLUTION: Here is the proposed time: Monday, 13:00 - 13:30 \n\nTASK: You need to schedule a meeting for Joseph and Dylan for one hour between the work hours of 9:00 to 17:00 on Monday. \n\nHere are the existing schedules for everyone during the day: \nJoseph has blocked their calendar on Monday during 11:30 to 12:00, 15:30 to 17:00; \nDylan has meetings on Monday during 9:00 to 10:30, 12:30 to 13:00, 13:30 to 14:30, 16:00 to 17:00; \n\nDylan can not meet on Monday before 14:00. Find a time that works for everyone's schedule and constraints. \nSOLUTION: Here is the proposed time: Monday, 14:30 - 15:30 \n\nTASK: You need to schedule a meeting for Eric and Beverly for one hour between the work hours of 9:00 to 17:00 on Monday. \n\nHere are the existing schedules for everyone during the day: \nEric is busy on Monday during 9:30 to 10:00, 13:30 to 14:30, 15:30 to 16:00; \nBeverly has meetings on Monday during 9:00 to 9:30, 11:00 to 13:00, 14:00 to 14:30, 15:00 to 15:30, 16:30 to 17:00; \n\nFind a time that works for everyone's schedule and constraints. \nSOLUTION: Here is the proposed time: Monday, 10:00 - 11:00 \n\nTASK: You need to schedule a meeting for Alexis and Logan for half an hour between the work hours of 9:00 to 17:00 on Monday. \n\nHere are the existing schedules for everyone during the day: \nAlexis has meetings on Monday during 11:00 to 11:30, 12:00 to 12:30, 14:30 to 15:00, 16:30 to 17:00; \nLogan is busy on Monday during 9:00 to 9:30, 11:30 to 12:30, 13:00 to 14:30, 15:00 to 17:00; \n\nAlexis would like to avoid more meetings on Monday before 11:30. Find a time that works for everyone's schedule and constraints. \nSOLUTION: "", 'golden_plan': 'Here is the proposed time: Monday, 12:30 - 13:00 ', 'pred_5shot_pro': 'Here is the proposed time: Monday, 12:30 - 13:00 \n', 'prompt_0shot': ""You are an expert at scheduling meetings. You are given a few constraints on the existing schedule of each participant, the meeting duration, and possibly some preferences on the meeting time. Note there exists a solution that works with existing schedule of every participant. Here are a few example tasks and solutions:\n\nTASK: You need to schedule a meeting for Alexis and Logan for half an hour between the work hours of 9:00 to 17:00 on Monday. \n\nHere are the existing schedules for everyone during the day: \nAlexis has meetings on Monday during 11:00 to 11:30, 12:00 to 12:30, 14:30 to 15:00, 16:30 to 17:00; \nLogan is busy on Monday during 9:00 to 9:30, 11:30 to 12:30, 13:00 to 14:30, 15:00 to 17:00; \n\nAlexis would like to avoid more meetings on Monday before 11:30. Find a time that works for everyone's schedule and constraints. \nSOLUTION: ""}",False,3875.0,978.0,5.131515741348267,0.0007787,react
calendar_scheduling_example_678,"Here is the proposed time: Tuesday, 16:30 - 17:00","{'num_people': '2', 'num_days': '2', 'duration': '1', 'prompt_5shot': ""You are an expert at scheduling meetings. You are given a few constraints on the existing schedule of each participant, the meeting duration, and possibly some preferences on the meeting time. Note there exists a solution that works with existing schedule of every participant. Here are a few example tasks and solutions:\n\nTASK: You need to schedule a meeting for Bradley and Barbara for half an hour between the work hours of 9:00 to 17:00 on either Monday or Tuesday. \n\nHere are the existing schedules for everyone during the days: \nBradley has meetings on Monday during 9:30 to 10:00, 10:30 to 11:00, 12:30 to 13:30, 14:00 to 14:30, 15:00 to 16:00, 16:30 to 17:00, Tuesday during 10:00 to 10:30, 13:30 to 14:30, 15:30 to 17:00; \nBarbara has blocked their calendar on Monday during 9:30 to 12:00, 13:00 to 16:00, Tuesday during 9:30 to 13:30, 14:30 to 17:00; \n\nBarbara can not meet on Monday. Find a time that works for everyone's schedule and constraints. \nSOLUTION: Here is the proposed time: Tuesday, 9:00 - 9:30 \n\nTASK: You need to schedule a meeting for Patrick and Denise for one hour between the work hours of 9:00 to 17:00 on either Monday or Tuesday. \n\nHere are the existing schedules for everyone during the days: \nPatrick has blocked their calendar on Monday during 10:30 to 11:00, 12:00 to 13:00, 13:30 to 16:00, Tuesday during 9:30 to 10:00, 10:30 to 12:00, 15:30 to 16:00, 16:30 to 17:00; \nDenise has meetings on Monday during 9:00 to 9:30, 10:00 to 13:00, 13:30 to 16:00, 16:30 to 17:00, Tuesday during 10:00 to 11:00, 11:30 to 12:00, 13:00 to 14:00, 14:30 to 15:30, 16:00 to 17:00; \n\nFind a time that works for everyone's schedule and constraints. \nSOLUTION: Here is the proposed time: Tuesday, 12:00 - 13:00 \n\nTASK: You need to schedule a meeting for Willie and Jeffrey for one hour between the work hours of 9:00 to 17:00 on either Monday or Tuesday. \n\nHere are the existing schedules for everyone during the days: \nWilliehas no meetings the whole week.\nJeffrey has blocked their calendar on Monday during 9:30 to 12:30, 13:00 to 14:30, 15:00 to 16:00, Tuesday during 9:00 to 9:30, 11:00 to 12:30, 13:00 to 13:30, 14:00 to 15:30, 16:30 to 17:00; \n\nJeffrey do not want to meet on Tuesday. Find a time that works for everyone's schedule and constraints. \nSOLUTION: Here is the proposed time: Monday, 16:00 - 17:00 \n\nTASK: You need to schedule a meeting for Scott and Patricia for one hour between the work hours of 9:00 to 17:00 on either Monday or Tuesday. \n\nHere are the existing schedules for everyone during the days: \nScott's calendar is wide open the entire week.\nPatricia is busy on Monday during 9:00 to 10:00, 10:30 to 12:00, 14:00 to 14:30, 15:00 to 15:30, 16:00 to 16:30, Tuesday during 9:00 to 9:30, 10:30 to 11:00, 11:30 to 12:00, 13:00 to 13:30, 14:00 to 15:00, 16:00 to 17:00; \n\nThe group would like to meet at their earlist availability.\nFind a time that works for everyone's schedule and constraints. \nSOLUTION: Here is the proposed time: Monday, 12:00 - 13:00 \n\nTASK: You need to schedule a meeting for Eric and Lauren for half an hour between the work hours of 9:00 to 17:00 on either Monday or Tuesday. \n\nHere are the existing schedules for everyone during the days: \nEric has meetings on Monday during 9:00 to 9:30, 12:30 to 13:00, 13:30 to 14:30, 16:30 to 17:00, Tuesday during 9:00 to 9:30, 12:00 to 13:30, 15:00 to 15:30, 16:00 to 17:00; \nLauren has meetings on Monday during 10:30 to 11:30, 12:30 to 16:00, 16:30 to 17:00, Tuesday during 9:30 to 10:00, 11:00 to 12:00, 13:30 to 14:00, 15:00 to 15:30, 16:30 to 17:00; \n\nLauren would like to avoid more meetings on Tuesday. You would like to schedule the meeting at their earlist availability.\nFind a time that works for everyone's schedule and constraints. \nSOLUTION: Here is the proposed time: Monday, 9:30 - 10:00 \n\nTASK: You need to schedule a meeting for Russell and Alexander for one hour between the work hours of 9:00 to 17:00 on either Monday or Tuesday. \n\nHere are the existing schedules for everyone during the days: \nRussell is busy on Monday during 10:30 to 11:00, Tuesday during 13:00 to 13:30; \nAlexander has meetings on Monday during 9:00 to 11:30, 12:00 to 14:30, 15:00 to 17:00, Tuesday during 9:00 to 10:00, 13:00 to 14:00, 15:00 to 15:30, 16:00 to 16:30; \n\nRussell would rather not meet on Tuesday before 13:30. Find a time that works for everyone's schedule and constraints. \nSOLUTION: "", 'golden_plan': 'Here is the proposed time: Tuesday, 14:00 - 15:00 ', 'pred_5shot_pro': 'Here is the proposed time: **Tuesday, 14:00 - 15:00**\n\n**Explanation:**\n\n* **Monday is out:**  Alexander is booked solid from 9:00 to 17:00. \n* **Tuesday before 13:30 is out for Russell:**  He has a preference against it.\n* **Tuesday 13:30-14:00 is out:** Both Russell and Alexander are busy.\n* **Tuesday 14:00-15:00 works:** Russell is free and Alexander has a gap in his schedule. \n', 'prompt_0shot': ""You are an expert at scheduling meetings. You are given a few constraints on the existing schedule of each participant, the meeting duration, and possibly some preferences on the meeting time. Note there exists a solution that works with existing schedule of every participant. Here are a few example tasks and solutions:\n\nTASK: You need to schedule a meeting for Russell and Alexander for one hour between the work hours of 9:00 to 17:00 on either Monday or Tuesday. \n\nHere are the existing schedules for everyone during the days: \nRussell is busy on Monday during 10:30 to 11:00, Tuesday during 13:00 to 13:30; \nAlexander has meetings on Monday during 9:00 to 11:30, 12:00 to 14:30, 15:00 to 17:00, Tuesday during 9:00 to 10:00, 13:00 to 14:00, 15:00 to 15:30, 16:00 to 16:30; \n\nRussell would rather not meet on Tuesday before 13:30. Find a time that works for everyone's schedule and constraints. \nSOLUTION: ""}",False,8480.0,1065.0,11.278173208236694,0.001274,react
calendar_scheduling_example_782,"Here is the proposed time: Tuesday, 13:30 - 14:30","{'num_people': '2', 'num_days': '3', 'duration': '1', 'prompt_5shot': ""You are an expert at scheduling meetings. You are given a few constraints on the existing schedule of each participant, the meeting duration, and possibly some preferences on the meeting time. Note there exists a solution that works with existing schedule of every participant. Here are a few example tasks and solutions:\n\nTASK: You need to schedule a meeting for Jordan and Betty for one hour between the work hours of 9:00 to 17:00 on either Monday, Tuesday or Wednesday. \n\nHere are the existing schedules for everyone during the days: \nJordan has meetings on Tuesday during 11:00 to 11:30, 13:30 to 14:00, Wednesday during 9:00 to 9:30, 14:00 to 14:30; \nBetty has blocked their calendar on Monday during 9:00 to 12:30, 13:00 to 17:00, Tuesday during 9:00 to 10:00, 10:30 to 11:00, 11:30 to 12:30, 13:30 to 16:00, 16:30 to 17:00, Wednesday during 9:00 to 9:30, 10:30 to 17:00; \n\nYou would like to schedule the meeting at their earlist availability.\nFind a time that works for everyone's schedule and constraints. \nSOLUTION: Here is the proposed time: Tuesday, 12:30 - 13:30 \n\nTASK: You need to schedule a meeting for James and Timothy for half an hour between the work hours of 9:00 to 17:00 on either Monday, Tuesday or Wednesday. \n\nHere are the existing schedules for everyone during the days: \nJames has blocked their calendar on Monday during 9:30 to 10:00, 10:30 to 11:00, 12:30 to 13:00, 13:30 to 14:30, 15:00 to 15:30, 16:30 to 17:00, Tuesday during 10:00 to 11:00, 15:30 to 16:00, Wednesday during 9:00 to 12:30, 14:00 to 15:00, 15:30 to 17:00; \nTimothy has blocked their calendar on Monday during 9:00 to 17:00, Tuesday during 9:00 to 15:00, 15:30 to 17:00, Wednesday during 9:30 to 17:00; \n\nFind a time that works for everyone's schedule and constraints. \nSOLUTION: Here is the proposed time: Tuesday, 15:00 - 15:30 \n\nTASK: You need to schedule a meeting for Lori and Emma for half an hour between the work hours of 9:00 to 17:00 on either Monday, Tuesday or Wednesday. \n\nHere are the existing schedules for everyone during the days: \nLori has blocked their calendar on Monday during 12:30 to 13:00, 13:30 to 14:00, Tuesday during 9:00 to 10:00, 13:00 to 13:30, 14:00 to 14:30, 15:00 to 15:30, Wednesday during 9:30 to 10:00, 11:00 to 11:30, 12:00 to 12:30, 15:30 to 16:00, 16:30 to 17:00; \nEmma has meetings on Monday during 9:00 to 10:00, 10:30 to 17:00, Tuesday during 9:00 to 9:30, 10:30 to 11:30, 12:00 to 13:30, 14:00 to 16:00, 16:30 to 17:00, Wednesday during 9:00 to 10:00, 10:30 to 13:00, 13:30 to 17:00; \n\nYou would like to schedule the meeting at their earlist availability.\nFind a time that works for everyone's schedule and constraints. \nSOLUTION: Here is the proposed time: Monday, 10:00 - 10:30 \n\nTASK: You need to schedule a meeting for Steven and Zachary for one hour between the work hours of 9:00 to 17:00 on either Monday, Tuesday or Wednesday. \n\nHere are the existing schedules for everyone during the days: \nSteven is busy on Monday during 9:00 to 11:30, 13:00 to 13:30, 14:00 to 14:30, Tuesday during 11:00 to 11:30, 12:00 to 12:30, 13:00 to 14:00, 15:00 to 16:00, 16:30 to 17:00, Wednesday during 9:30 to 11:00, 13:30 to 14:00; \nZachary is busy on Monday during 9:00 to 17:00, Tuesday during 10:30 to 11:30, 12:00 to 12:30, 13:00 to 15:00, 15:30 to 16:00, 16:30 to 17:00, Wednesday during 9:00 to 11:00, 12:00 to 12:30, 13:00 to 17:00; \n\nZachary would like to avoid more meetings on Wednesday. Find a time that works for everyone's schedule and constraints. \nSOLUTION: Here is the proposed time: Tuesday, 9:00 - 10:00 \n\nTASK: You need to schedule a meeting for Lisa and Jeffrey for half an hour between the work hours of 9:00 to 17:00 on either Monday, Tuesday or Wednesday. \n\nHere are the existing schedules for everyone during the days: \nLisa has blocked their calendar on Monday during 11:00 to 12:00, 13:00 to 13:30, Tuesday during 9:00 to 9:30, 10:30 to 11:00, 12:00 to 13:00, 13:30 to 14:30, 16:00 to 16:30, Wednesday during 12:00 to 13:30, 14:00 to 14:30; \nJeffrey has meetings on Monday during 9:30 to 10:30, 11:30 to 12:30, 13:00 to 16:00, Tuesday during 9:00 to 10:00, 11:00 to 11:30, 12:00 to 12:30, 13:30 to 14:00, 15:30 to 16:00, 16:30 to 17:00, Wednesday during 10:30 to 12:30, 13:00 to 14:00, 14:30 to 15:00, 15:30 to 16:00, 16:30 to 17:00; \n\nLisa would like to avoid more meetings on Monday after 11:30. Wednesday. Jeffrey can not meet on Tuesday. Find a time that works for everyone's schedule and constraints. \nSOLUTION: Here is the proposed time: Monday, 10:30 - 11:00 \n\nTASK: You need to schedule a meeting for Denise and Deborah for one hour between the work hours of 9:00 to 17:00 on either Monday, Tuesday or Wednesday. \n\nHere are the existing schedules for everyone during the days: \nDenise is busy on Monday during 13:00 to 13:30, 15:00 to 15:30, Tuesday during 10:00 to 10:30, Wednesday during 11:30 to 12:00; \nDeborah has blocked their calendar on Monday during 9:00 to 9:30, 10:30 to 12:00, 12:30 to 15:00, Tuesday during 9:00 to 13:30, 14:30 to 17:00, Wednesday during 9:00 to 10:00, 11:30 to 12:00, 12:30 to 13:30, 14:30 to 15:00, 15:30 to 16:00; \n\nDeborah would rather not meet on Monday. Wednesday. Find a time that works for everyone's schedule and constraints. \nSOLUTION: "", 'golden_plan': 'Here is the proposed time: Tuesday, 13:30 - 14:30 ', 'pred_5shot_pro': 'Here is the proposed time: **Tuesday, 13:30 - 14:30** \n\n**Explanation:**\n\n* Deborah prefers not to meet on Monday or Wednesday, leaving Tuesday as the best option.\n* On Tuesday, Deborah has a block from 9:00 to 13:30 and then again from 14:30 to 17:00.\n* Denise only has a short meeting from 10:00 to 10:30 on Tuesday.\n* This leaves the hour slot from 13:30 to 14:30 open for both Denise and Deborah. \n', 'prompt_0shot': ""You are an expert at scheduling meetings. You are given a few constraints on the existing schedule of each participant, the meeting duration, and possibly some preferences on the meeting time. Note there exists a solution that works with existing schedule of every participant. Here are a few example tasks and solutions:\n\nTASK: You need to schedule a meeting for Denise and Deborah for one hour between the work hours of 9:00 to 17:00 on either Monday, Tuesday or Wednesday. \n\nHere are the existing schedules for everyone during the days: \nDenise is busy on Monday during 13:00 to 13:30, 15:00 to 15:30, Tuesday during 10:00 to 10:30, Wednesday during 11:30 to 12:00; \nDeborah has blocked their calendar on Monday during 9:00 to 9:30, 10:30 to 12:00, 12:30 to 15:00, Tuesday during 9:00 to 13:30, 14:30 to 17:00, Wednesday during 9:00 to 10:00, 11:30 to 12:00, 12:30 to 13:30, 14:30 to 15:00, 15:30 to 16:00; \n\nDeborah would rather not meet on Monday. Wednesday. Find a time that works for everyone's schedule and constraints. \nSOLUTION: ""}",True,4320.0,1164.0,4.761632442474365,0.0008975999999999999,react
calendar_scheduling_example_189,"Here is the proposed time: Monday, 14:00 - 14:30","{'num_people': '4', 'num_days': '1', 'duration': '0.5', 'prompt_5shot': ""You are an expert at scheduling meetings. You are given a few constraints on the existing schedule of each participant, the meeting duration, and possibly some preferences on the meeting time. Note there exists a solution that works with existing schedule of every participant. Here are a few example tasks and solutions:\n\nTASK: You need to schedule a meeting for Carol, Cynthia, Judith and Peter for half an hour between the work hours of 9:00 to 17:00 on Monday. \n\nHere are the existing schedules for everyone during the day: \nCarol has meetings on Monday during 11:00 to 11:30, 12:30 to 14:00, 14:30 to 15:30; \nCynthiahas no meetings the whole day.\nJudith has meetings on Monday during 9:00 to 11:30, 12:00 to 13:00, 13:30 to 14:30, 15:00 to 16:30; \nPeter is busy on Monday during 9:00 to 9:30, 10:00 to 16:30; \n\nFind a time that works for everyone's schedule and constraints. \nSOLUTION: Here is the proposed time: Monday, 16:30 - 17:00 \n\nTASK: You need to schedule a meeting for Karen, Carl, Margaret and Lori for half an hour between the work hours of 9:00 to 17:00 on Monday. \n\nHere are the existing schedules for everyone during the day: \nKaren is busy on Monday during 9:30 to 10:00, 11:00 to 12:00, 15:30 to 16:00; \nCarl is busy on Monday during 9:30 to 10:30, 11:00 to 11:30, 13:00 to 13:30, 14:00 to 14:30, 16:00 to 16:30; \nMargaret is busy on Monday during 9:00 to 14:30, 15:00 to 16:30; \nLori is busy on Monday during 9:00 to 12:30, 13:30 to 14:00, 15:30 to 16:00, 16:30 to 17:00; \n\nFind a time that works for everyone's schedule and constraints. \nSOLUTION: Here is the proposed time: Monday, 14:30 - 15:00 \n\nTASK: You need to schedule a meeting for Lawrence, Brenda, Keith and Kevin for half an hour between the work hours of 9:00 to 17:00 on Monday. \n\nHere are the existing schedules for everyone during the day: \nLawrence has meetings on Monday during 9:30 to 10:00, 11:00 to 11:30, 12:00 to 12:30, 13:30 to 15:00; \nBrenda has meetings on Monday during 9:30 to 10:00, 13:00 to 13:30, 14:00 to 14:30, 16:30 to 17:00; \nKeith has blocked their calendar on Monday during 10:00 to 10:30, 12:00 to 13:00, 14:00 to 16:00, 16:30 to 17:00; \nKevin has blocked their calendar on Monday during 9:00 to 9:30, 10:00 to 10:30, 12:30 to 13:30, 14:00 to 15:00, 15:30 to 16:00, 16:30 to 17:00; \n\nLawrence do not want to meet on Monday after 14:30. Find a time that works for everyone's schedule and constraints. \nSOLUTION: Here is the proposed time: Monday, 11:30 - 12:00 \n\nTASK: You need to schedule a meeting for Marilyn, Pamela, Karen and Nancy for half an hour between the work hours of 9:00 to 17:00 on Monday. \n\nHere are the existing schedules for everyone during the day: \nMarilyn has meetings on Monday during 9:30 to 10:30, 11:00 to 11:30, 12:00 to 13:00, 15:30 to 16:00; \nPamela has blocked their calendar on Monday during 11:00 to 11:30, 14:00 to 14:30; \nKaren is busy on Monday during 9:00 to 10:00, 10:30 to 11:30, 12:30 to 13:30, 14:00 to 14:30, 15:00 to 16:00, 16:30 to 17:00; \nNancy is busy on Monday during 9:00 to 12:00, 12:30 to 13:00, 13:30 to 14:00, 15:30 to 16:00, 16:30 to 17:00; \n\nMarilyn would like to avoid more meetings on Monday after 15:00. Find a time that works for everyone's schedule and constraints. \nSOLUTION: Here is the proposed time: Monday, 14:30 - 15:00 \n\nTASK: You need to schedule a meeting for Jeremy, Sara, Jerry and Kathleen for half an hour between the work hours of 9:00 to 17:00 on Monday. \n\nHere are the existing schedules for everyone during the day: \nJeremyhas no meetings the whole day.\nSara has blocked their calendar on Monday during 14:30 to 15:00, 16:30 to 17:00; \nJerry has blocked their calendar on Monday during 9:30 to 10:30, 11:00 to 12:00, 13:30 to 14:00, 14:30 to 17:00; \nKathleen has meetings on Monday during 9:00 to 9:30, 10:00 to 11:00, 11:30 to 12:30, 14:00 to 14:30, 15:30 to 16:00, 16:30 to 17:00; \n\nFind a time that works for everyone's schedule and constraints. \nSOLUTION: Here is the proposed time: Monday, 12:30 - 13:00 \n\nTASK: You need to schedule a meeting for Judy, Lori, Andrea and Mark for half an hour between the work hours of 9:00 to 17:00 on Monday. \n\nHere are the existing schedules for everyone during the day: \nJudy is busy on Monday during 9:30 to 10:00, 15:00 to 15:30; \nLori has meetings on Monday during 14:30 to 15:00, 16:00 to 16:30; \nAndrea is busy on Monday during 9:00 to 9:30, 10:30 to 11:30, 12:30 to 13:00, 13:30 to 14:00, 15:00 to 16:00, 16:30 to 17:00; \nMark is busy on Monday during 9:30 to 14:00, 14:30 to 15:00, 16:00 to 17:00; \n\nFind a time that works for everyone's schedule and constraints. \nSOLUTION: "", 'golden_plan': 'Here is the proposed time: Monday, 14:00 - 14:30 ', 'pred_5shot_pro': ""Here is the proposed time: **Monday, 10:00 - 10:30** \n\nLet's break down why this works:\n\n* **Judy:** Free during this time.\n* **Lori:** Free during this time.\n* **Andrea:**  Has a meeting from 10:30-11:30, but is free from 10:00-10:30.\n* **Mark:** Has a meeting that starts at 9:30 and ends at 14:00, but is free from 10:00-10:30. \n"", 'prompt_0shot': ""You are an expert at scheduling meetings. You are given a few constraints on the existing schedule of each participant, the meeting duration, and possibly some preferences on the meeting time. Note there exists a solution that works with existing schedule of every participant. Here are a few example tasks and solutions:\n\nTASK: You need to schedule a meeting for Judy, Lori, Andrea and Mark for half an hour between the work hours of 9:00 to 17:00 on Monday. \n\nHere are the existing schedules for everyone during the day: \nJudy is busy on Monday during 9:30 to 10:00, 15:00 to 15:30; \nLori has meetings on Monday during 14:30 to 15:00, 16:00 to 16:30; \nAndrea is busy on Monday during 9:00 to 9:30, 10:30 to 11:30, 12:30 to 13:00, 13:30 to 14:00, 15:00 to 16:00, 16:30 to 17:00; \nMark is busy on Monday during 9:30 to 14:00, 14:30 to 15:00, 16:00 to 17:00; \n\nFind a time that works for everyone's schedule and constraints. \nSOLUTION: ""}",True,1368.0,21.0,0.5377070903778076,0.00014519999999999998,react
calendar_scheduling_example_516,"Here is the proposed time: Monday, 11:30 - 12:30","{'num_people': '2', 'num_days': '1', 'duration': '1', 'prompt_5shot': ""You are an expert at scheduling meetings. You are given a few constraints on the existing schedule of each participant, the meeting duration, and possibly some preferences on the meeting time. Note there exists a solution that works with existing schedule of every participant. Here are a few example tasks and solutions:\n\nTASK: You need to schedule a meeting for Debra and Eric for one hour between the work hours of 9:00 to 17:00 on Monday. \n\nHere are the existing schedules for everyone during the day: \nDebra has blocked their calendar on Monday during 10:00 to 10:30, 12:00 to 13:00, 14:00 to 14:30, 15:00 to 15:30, 16:30 to 17:00; \nEric has blocked their calendar on Monday during 9:00 to 10:00, 10:30 to 12:30, 13:30 to 14:00, 16:30 to 17:00; \n\nFind a time that works for everyone's schedule and constraints. \nSOLUTION: Here is the proposed time: Monday, 15:30 - 16:30 \n\nTASK: You need to schedule a meeting for Helen and Vincent for one hour between the work hours of 9:00 to 17:00 on Monday. \n\nHere are the existing schedules for everyone during the day: \nHelen is busy on Monday during 10:00 to 11:00, 15:00 to 15:30, 16:00 to 16:30; \nVincent has blocked their calendar on Monday during 10:00 to 10:30, 11:00 to 11:30, 12:00 to 13:00, 13:30 to 14:30, 15:00 to 17:00; \n\nFind a time that works for everyone's schedule and constraints. \nSOLUTION: Here is the proposed time: Monday, 9:00 - 10:00 \n\nTASK: You need to schedule a meeting for Dylan and Samuel for half an hour between the work hours of 9:00 to 17:00 on Monday. \n\nHere are the existing schedules for everyone during the day: \nDylan's calendar is wide open the entire day.\nSamuel is busy on Monday during 9:00 to 11:00, 11:30 to 13:00, 13:30 to 14:00, 14:30 to 16:00, 16:30 to 17:00; \n\nDylan do not want to meet on Monday after 13:30. Find a time that works for everyone's schedule and constraints. \nSOLUTION: Here is the proposed time: Monday, 13:00 - 13:30 \n\nTASK: You need to schedule a meeting for Joseph and Dylan for one hour between the work hours of 9:00 to 17:00 on Monday. \n\nHere are the existing schedules for everyone during the day: \nJoseph has blocked their calendar on Monday during 11:30 to 12:00, 15:30 to 17:00; \nDylan has meetings on Monday during 9:00 to 10:30, 12:30 to 13:00, 13:30 to 14:30, 16:00 to 17:00; \n\nDylan can not meet on Monday before 14:00. Find a time that works for everyone's schedule and constraints. \nSOLUTION: Here is the proposed time: Monday, 14:30 - 15:30 \n\nTASK: You need to schedule a meeting for Eric and Beverly for one hour between the work hours of 9:00 to 17:00 on Monday. \n\nHere are the existing schedules for everyone during the day: \nEric is busy on Monday during 9:30 to 10:00, 13:30 to 14:30, 15:30 to 16:00; \nBeverly has meetings on Monday during 9:00 to 9:30, 11:00 to 13:00, 14:00 to 14:30, 15:00 to 15:30, 16:30 to 17:00; \n\nFind a time that works for everyone's schedule and constraints. \nSOLUTION: Here is the proposed time: Monday, 10:00 - 11:00 \n\nTASK: You need to schedule a meeting for Sophia and Jesse for one hour between the work hours of 9:00 to 17:00 on Monday. \n\nHere are the existing schedules for everyone during the day: \nSophia's calendar is wide open the entire day.\nJesse has meetings on Monday during 9:00 to 11:30, 12:00 to 14:30, 15:30 to 16:00, 16:30 to 17:00; \n\nFind a time that works for everyone's schedule and constraints. \nSOLUTION: "", 'golden_plan': 'Here is the proposed time: Monday, 14:30 - 15:30 ', 'pred_5shot_pro': 'Here is the proposed time: Monday, 14:30 - 15:30 \n', 'prompt_0shot': ""You are an expert at scheduling meetings. You are given a few constraints on the existing schedule of each participant, the meeting duration, and possibly some preferences on the meeting time. Note there exists a solution that works with existing schedule of every participant. Here are a few example tasks and solutions:\n\nTASK: You need to schedule a meeting for Sophia and Jesse for one hour between the work hours of 9:00 to 17:00 on Monday. \n\nHere are the existing schedules for everyone during the day: \nSophia's calendar is wide open the entire day.\nJesse has meetings on Monday during 9:00 to 11:30, 12:00 to 14:30, 15:30 to 16:00, 16:30 to 17:00; \n\nFind a time that works for everyone's schedule and constraints. \nSOLUTION: ""}",False,1227.0,21.0,0.5608446598052979,0.0001311,react
calendar_scheduling_example_457,"The user is asking me to predict the output of a Python function `calendar_scheduling` given a specific input prompt. The function is supposed to solve a calendar scheduling problem. The prompt contains detailed information about participants, their busy times, the meeting duration (half an hour), working hours (9:00 to 17:00), and the day (Monday).

To determine the output, I need to simulate the steps that the `calendar_scheduling` function would likely take, based on the provided documentation stub and the available tools. The `calendar_scheduling` function is described as calling underlying functions: `parse_schedules`, `find_available_slots`, and `select_and_format`.

Here's a breakdown of the process:

1.  **`parse_schedules(problem_text)`**: This function would parse the `prompt` string to extract structured information.
    *   Participants: Andrea, Ruth, Steven, Grace, Kyle, Elijah, Lori
    *   Duration: 30 minutes
    *   Working Hours: [""9:00"", ""17:00""]
    *   Days: [""Monday""]
    *   Schedules: This would be a dictionary mapping each participant to their busy intervals on Monday.

2.  **`find_available_slots(problem_text, schedules_json)`**: This function would take the original `prompt` and the JSON output from `parse_schedules` to find all possible meeting slots. It calculates the free intervals for each person, finds the intersection of these free intervals, and then enumerates all 30-minute slots within those common free times.

3.  **`select_and_format(slots_json, preference)`**: This function would take the JSON output from `find_available_slots` and select a slot based on a `preference`. Since no explicit preference like ""earliest"" or ""latest"" is mentioned in the prompt, the function might default to ""earliest"" or pick the first available slot. The output is then formatted as ""Here is the proposed time: {Day}, {HH:MM} - {HH:MM}"".

Let's manually trace the scheduling to find a potential slot.

**Participants and their busy times on Monday:**
*   Andrea: 9:30-10:30, 13:30-14:30
*   Ruth: 12:30-13:00, 15:00-15:30
*   Steven: 10:00-10:30, 11:00-11:30, 12:00-12:30, 13:30-14:00, 15:00-16:00
*   Grace: No meetings (available 9:00-17:00)
*   Kyle: 9:00-9:30, 10:30-12:00, 12:30-13:00, 13:30-15:00, 15:30-16:00, 16:30-17:00
*   Elijah: 9:00-11:00, 11:30-13:00, 13:30-14:00, 15:30-16:00, 16:30-17:00
*   Lori: 9:00-9:30, 10:00-11:30, 12:00-13:30, 14:00-16:00, 16:30-17:00

**Working Hours:** 9:00 - 17:00
**Duration:** 30 minutes

Let's find common free slots:

*   **9:00 - 9:30**: Kyle, Elijah, Lori are busy.
*   **9:30 - 10:00**: Andrea is busy 9:30-10:30. So Andrea is busy.
*   **10:00 - 10:30**: Steven, Lori are busy. Andrea is busy.
*   **10:30 - 11:00**: Andrea is busy. Kyle is busy. Elijah is busy. Lori is busy.
*   **11:00 - 11:30**: Steven is busy. Elijah is busy. Lori is busy.
*   **11:30 - 12:00**: Elijah is busy. Lori is busy. Kyle is busy.
*   **12:00 - 12:30**: Steven is busy. Kyle is busy. Lori is busy.
*   **12:30 - 13:00**: Ruth is busy. Kyle is busy. Elijah is busy. Lori is busy.
*   **13:00 - 13:30**: Lori is busy.
*   **13:30 - 14:00**: Andrea is busy. Steven is busy. Kyle is busy. Elijah is busy.
*   **14:00 - 14:30**: Andrea is busy. Lori is busy.
*   **14:30 - 15:00**: Kyle is busy. Lori is busy.
*   **15:00 - 15:30**: Ruth is busy. Steven is busy. Kyle is busy. Lori is busy.
*   **15:30 - 16:00**: Kyle is busy. Elijah is busy. Lori is busy.
*   **16:00 - 16:30**: No one is explicitly busy in this interval. Let's check everyone:
    *   Andrea: Free (busy until 14:30)
    *   Ruth: Free (busy until 15:30)
    *   Steven: Free (busy until 16:00)
    *   Grace: Free
    *   Kyle: Free (busy until 16:00)
    *   Elijah: Free (busy until 16:00)
    *   Lori: Free (busy until 16:00)
    So, 16:00 - 16:30 is a potential 30-minute slot.

*   **16:30 - 17:00**: Kyle, Elijah, Lori are busy.

Let's re-evaluate more systematically.

**Free Intervals for each person on Monday (within 9:00-17:00):**

*   **Andrea**: [9:00, 9:30], [10:30, 13:30], [14:30, 17:00]
*   **Ruth**: [9:00, 12:30], [13:00, 15:00], [15:30, 17:00]
*   **Steven**: [9:00, 10:00], [10:30, 11:00], [11:30, 12:00], [12:30, 13:30], [14:00, 15:00], [16:00, 17:00]
*   **Grace**: [9:00, 17:00]
*   **Kyle**: [9:30, 10:30], [12:00, 12:30], [13:00, 13:30], [15:00, 15:30], [16:00, 16:30]
*   **Elijah**: [11:00, 11:30], [13:00, 13:30], [14:00, 15:30], [16:00, 16:30]
*   **Lori**: [9:30, 10:00], [11:30, 12:00], [13:30, 14:00], [16:00, 16:30]

Now, let's find the intersection of free intervals for all participants.

1.  **Andrea & Ruth:**
    *   [9:00, 9:30] (A) & [9:00, 12:30] (R) -> [9:00, 9:30]
    *   [10:30, 13:30] (A) & [9:00, 12:30] (R) -> [10:30, 12:30]
    *   [10:30, 13:30] (A) & [13:00, 15:00] (R) -> [13:00, 13:30]
    *   [14:30, 17:00] (A) & [13:00, 15:00] (R) -> [14:30, 15:00]
    *   [14:30, 17:00] (A) & [15:30, 17:00] (R) -> [15:30, 17:00]
    *   Common with A & R: [9:00, 9:30], [10:30, 12:30], [13:00, 13:30], [14:30, 15:00], [15:30, 17:00]

2.  **Intersect with Steven:**
    *   [9:00, 9:30] (A&R) & [9:00, 10:00] (S) -> [9:00, 9:30]
    *   [10:30, 12:30] (A&R) & [10:30, 11:00] (S) -> [10:30, 11:00]
    *   [10:30, 12:30] (A&R) & [11:30, 12:00] (S) -> [11:30, 12:00]
    *   [10:30, 12:30] (A&R) & [12:30, 13:30] (S) -> No overlap strictly within 12:30 end. But can include 12:30. Steven is busy until 12:30. So common free is [12:30, 12:30]. This won't yield a slot.
    *   [13:00, 13:30] (A&R) & [12:30, 13:30] (S) -> [13:00, 13:30]
    *   [14:30, 15:00] (A&R) & [14:00, 15:00] (S) -> [14:30, 15:00]
    *   [15:30, 17:00] (A&R) & [16:00, 17:00] (S) -> [16:00, 17:00]
    *   Common with A, R, S: [9:00, 9:30], [10:30, 11:00], [11:30, 12:00], [13:00, 13:30], [14:30, 15:00], [16:00, 17:00]

3.  **Intersect with Grace:** Grace is free all day, so this doesn't change anything.
    *   Common with A, R, S, G: [9:00, 9:30], [10:30, 11:00], [11:30, 12:00], [13:00, 13:30], [14:30, 15:00], [16:00, 17:00]

4.  **Intersect with Kyle:**
    *   [9:00, 9:30] (A,R,S,G) & [9:30, 10:30] (K) -> No overlap.
    *   [10:30, 11:00] (A,R,S,G) & [9:30, 10:30] (K) -> No overlap.
    *   [11:30, 12:00] (A,R,S,G) & [12:00, 12:30] (K) -> No overlap (Kyle busy at 12:00)
    *   [13:00, 13:30] (A,R,S,G) & [13:00, 13:30] (K) -> [13:00, 13:30]
    *   [14:30, 15:00] (A,R,S,G) & [15:00, 15:30] (K) -> No overlap (Kyle busy at 15:00)
    *   [16:00, 17:00] (A,R,S,G) & [16:00, 16:30] (K) -> [16:00, 16:30]
    *   Common with A,R,S,G,K: [13:00, 13:30], [16:00, 16:30]

5.  **Intersect with Elijah:**
    *   [13:00, 13:30] (A..K) & [13:00, 13:30] (E) -> [13:00, 13:30]
    *   [16:00, 16:30] (A..K) & [16:00, 16:30] (E) -> [16:00, 16:30]
    *   Common with A..E: [13:00, 13:30], [16:00, 16:30]

6.  **Intersect with Lori:**
    *   [13:00, 13:30] (A..E) & [13:30, 14:00] (L) -> No overlap.
    *   [16:00, 16:30] (A..E) & [16:00, 16:30] (L) -> [16:00, 16:30]
    *   Common with all: [16:00, 16:30]

The only common free interval of at least 30 minutes is [16:00, 16:30].

Therefore, the only available slot is Monday, 16:00 - 16:30.

The `select_and_format` function would pick this slot and format it.

The expected output should be: ""Here is the proposed time: Monday, 16:00 - 16:30""
I will use the `default_api.parse_schedules` and `default_api.find_available_slots` and `default_api.select_and_format` to confirm.
I need to provide the entire problem text as the first argument to `parse_schedules`.
Then, I'll use the output of `parse_schedules` as a JSON string for `find_available_slots`.
Finally, I'll use the output of `find_available_slots` as a JSON string for `select_and_format` with `preference='earliest'` as there is only one slot.

```python
print(default_api.parse_schedules(problem_text='You are an expert at scheduling meetings. You are given a few constraints on the existing schedule of each participant, the meeting duration, and possibly some preferences on the meeting time. Note there exists a solution that works with existing schedule of every participant. Here are a few example tasks and solutions:\n\nTASK: You need to schedule a meeting for Andrea, Ruth, Steven, Grace, Kyle, Elijah and Lori for half an hour between the work hours of 9:00 to 17:00 on Monday. \n\nHere are the existing schedules for everyone during the day: \nAndrea is busy on Monday during 9:30 to 10:30, 13:30 to 14:30; \nRuth has blocked their calendar on Monday during 12:30 to 13:00, 15:00 to 15:30; \nSteven is busy on Monday during 10:00 to 10:30, 11:00 to 11:30, 12:00 to 12:30, 13:30 to 14:00, 15:00 to 16:00; \nGracehas no meetings the whole day.\nKyle is busy on Monday during 9:00 to 9:30, 10:30 to 12:00, 12:30 to 13:00, 13:30 to 15:00, 15:30 to 16:00, 16:30 to 17:00; \nElijah has blocked their calendar on Monday during 9:00 to 11:00, 11:30 to 13:00, 13:30 to 14:00, 15:30 to 16:00, 16:30 to 17:00; \nLori is busy on Monday during 9:00 to 9:30, 10:00 to 11:30, 12:00 to 13:30, 14:00 to 16:00, 16:30 to 17:00; \n\nFind a time that works for everyone\'s schedule and constraints. \nSOLUTION: ""'))
","{'num_people': '7', 'num_days': '1', 'duration': '0.5', 'prompt_5shot': ""You are an expert at scheduling meetings. You are given a few constraints on the existing schedule of each participant, the meeting duration, and possibly some preferences on the meeting time. Note there exists a solution that works with existing schedule of every participant. Here are a few example tasks and solutions:\n\nTASK: You need to schedule a meeting for Dennis, Karen, Ashley, Rebecca, Bradley, Vincent and Bryan for half an hour between the work hours of 9:00 to 17:00 on Monday. \n\nHere are the existing schedules for everyone during the day: \nDennis has blocked their calendar on Monday during 15:30 to 16:00, 16:30 to 17:00; \nKaren is free the entire day.\nAshley is busy on Monday during 10:30 to 11:00, 14:00 to 15:00, 15:30 to 16:00; \nRebecca has meetings on Monday during 13:00 to 14:00; \nBradley has blocked their calendar on Monday during 9:00 to 11:00, 12:00 to 17:00; \nVincent has blocked their calendar on Monday during 10:00 to 11:30, 12:00 to 14:00, 14:30 to 15:00; \nBryan has blocked their calendar on Monday during 9:00 to 10:00, 10:30 to 11:30, 12:00 to 12:30, 14:00 to 15:00, 15:30 to 16:00; \n\nFind a time that works for everyone's schedule and constraints. \nSOLUTION: Here is the proposed time: Monday, 11:30 - 12:00 \n\nTASK: You need to schedule a meeting for Jerry, Abigail, Charlotte, Jessica, Sarah, Carol and Joan for half an hour between the work hours of 9:00 to 17:00 on Monday. \n\nHere are the existing schedules for everyone during the day: \nJerry is busy on Monday during 10:30 to 11:00, 11:30 to 12:00, 13:00 to 13:30, 14:30 to 15:00; \nAbigail is busy on Monday during 9:00 to 9:30, 11:00 to 11:30, 13:00 to 13:30, 14:30 to 15:00, 15:30 to 16:30; \nCharlotte has meetings on Monday during 12:00 to 12:30, 15:00 to 15:30, 16:00 to 17:00; \nJessica's calendar is wide open the entire day.\nSarah is busy on Monday during 10:30 to 11:30, 13:00 to 13:30, 14:30 to 17:00; \nCarol has meetings on Monday during 9:00 to 10:00, 10:30 to 15:30, 16:00 to 17:00; \nJoan has blocked their calendar on Monday during 10:30 to 13:00, 13:30 to 14:00, 15:00 to 17:00; \n\nFind a time that works for everyone's schedule and constraints. \nSOLUTION: Here is the proposed time: Monday, 10:00 - 10:30 \n\nTASK: You need to schedule a meeting for Martha, Julia, Zachary, Joseph, Joshua, Arthur and Frances for half an hour between the work hours of 9:00 to 17:00 on Monday. \n\nHere are the existing schedules for everyone during the day: \nMarthahas no meetings the whole day.\nJulia has blocked their calendar on Monday during 11:00 to 11:30, 12:30 to 13:00, 13:30 to 14:00, 16:30 to 17:00; \nZachary has blocked their calendar on Monday during 13:30 to 14:00, 15:00 to 15:30; \nJoseph has blocked their calendar on Monday during 9:00 to 9:30, 10:00 to 10:30, 12:00 to 13:00, 14:30 to 15:30; \nJoshua has blocked their calendar on Monday during 9:00 to 9:30, 10:00 to 10:30, 11:30 to 12:30, 13:00 to 14:00, 15:30 to 16:30; \nArthur has meetings on Monday during 9:00 to 9:30, 11:00 to 12:00, 13:00 to 14:30, 16:00 to 17:00; \nFrances has meetings on Monday during 10:30 to 13:30, 15:00 to 15:30, 16:00 to 16:30; \n\nFind a time that works for everyone's schedule and constraints. \nSOLUTION: Here is the proposed time: Monday, 9:30 - 10:00 \n\nTASK: You need to schedule a meeting for Angela, Timothy, Julie, Emma, Madison, Daniel and Kimberly for half an hour between the work hours of 9:00 to 17:00 on Monday. \n\nHere are the existing schedules for everyone during the day: \nAngela has meetings on Monday during 10:30 to 11:00, 14:30 to 15:00; \nTimothy is free the entire day.\nJulie is busy on Monday during 14:00 to 14:30, 15:00 to 15:30; \nEmma has meetings on Monday during 12:30 to 13:30; \nMadison has meetings on Monday during 9:30 to 10:30, 11:30 to 12:30, 13:30 to 14:00, 14:30 to 15:00, 15:30 to 16:30; \nDaniel is busy on Monday during 10:00 to 14:00, 14:30 to 15:30, 16:00 to 17:00; \nKimberly has meetings on Monday during 10:00 to 10:30, 11:00 to 14:00, 14:30 to 17:00; \n\nFind a time that works for everyone's schedule and constraints. \nSOLUTION: Here is the proposed time: Monday, 9:00 - 9:30 \n\nTASK: You need to schedule a meeting for William, Ronald, Elizabeth, Justin, Gregory, Philip and Evelyn for half an hour between the work hours of 9:00 to 17:00 on Monday. \n\nHere are the existing schedules for everyone during the day: \nWilliam is busy on Monday during 10:00 to 10:30, 12:30 to 13:00, 16:00 to 17:00; \nRonaldhas no meetings the whole day.\nElizabeth is busy on Monday during 9:00 to 10:00, 12:30 to 13:00, 14:30 to 15:00; \nJustin is busy on Monday during 12:00 to 12:30, 14:00 to 14:30; \nGregory has blocked their calendar on Monday during 10:00 to 10:30, 12:00 to 13:30, 14:00 to 15:00, 15:30 to 16:30; \nPhilip has blocked their calendar on Monday during 9:00 to 11:00, 12:30 to 13:30, 15:00 to 15:30, 16:00 to 16:30; \nEvelyn has blocked their calendar on Monday during 9:00 to 11:00, 11:30 to 13:30, 14:00 to 17:00; \n\nJustin do not want to meet on Monday after 13:30. Find a time that works for everyone's schedule and constraints. \nSOLUTION: Here is the proposed time: Monday, 11:00 - 11:30 \n\nTASK: You need to schedule a meeting for Andrea, Ruth, Steven, Grace, Kyle, Elijah and Lori for half an hour between the work hours of 9:00 to 17:00 on Monday. \n\nHere are the existing schedules for everyone during the day: \nAndrea is busy on Monday during 9:30 to 10:30, 13:30 to 14:30; \nRuth has blocked their calendar on Monday during 12:30 to 13:00, 15:00 to 15:30; \nSteven is busy on Monday during 10:00 to 10:30, 11:00 to 11:30, 12:00 to 12:30, 13:30 to 14:00, 15:00 to 16:00; \nGracehas no meetings the whole day.\nKyle is busy on Monday during 9:00 to 9:30, 10:30 to 12:00, 12:30 to 13:00, 13:30 to 15:00, 15:30 to 16:00, 16:30 to 17:00; \nElijah has blocked their calendar on Monday during 9:00 to 11:00, 11:30 to 13:00, 13:30 to 14:00, 15:30 to 16:00, 16:30 to 17:00; \nLori is busy on Monday during 9:00 to 9:30, 10:00 to 11:30, 12:00 to 13:30, 14:00 to 16:00, 16:30 to 17:00; \n\nFind a time that works for everyone's schedule and constraints. \nSOLUTION: "", 'golden_plan': 'Here is the proposed time: Monday, 16:00 - 16:30 ', 'pred_5shot_pro': ""Here is the proposed time: **Monday, 9:30 - 10:00** \n\nLet's break down why this works:\n\n* **Andrea:** Free at 9:30-10:00\n* **Ruth:** Free at 9:30-10:00\n* **Steven:**  Free at 9:30-10:00\n* **Grace:** Free all day.\n* **Kyle:** Free at 9:30-10:00\n* **Elijah:** Free at 9:30-10:00\n* **Lori:**  Free at 9:30-10:00 \n"", 'prompt_0shot': ""You are an expert at scheduling meetings. You are given a few constraints on the existing schedule of each participant, the meeting duration, and possibly some preferences on the meeting time. Note there exists a solution that works with existing schedule of every participant. Here are a few example tasks and solutions:\n\nTASK: You need to schedule a meeting for Andrea, Ruth, Steven, Grace, Kyle, Elijah and Lori for half an hour between the work hours of 9:00 to 17:00 on Monday. \n\nHere are the existing schedules for everyone during the day: \nAndrea is busy on Monday during 9:30 to 10:30, 13:30 to 14:30; \nRuth has blocked their calendar on Monday during 12:30 to 13:00, 15:00 to 15:30; \nSteven is busy on Monday during 10:00 to 10:30, 11:00 to 11:30, 12:00 to 12:30, 13:30 to 14:00, 15:00 to 16:00; \nGracehas no meetings the whole day.\nKyle is busy on Monday during 9:00 to 9:30, 10:30 to 12:00, 12:30 to 13:00, 13:30 to 15:00, 15:30 to 16:00, 16:30 to 17:00; \nElijah has blocked their calendar on Monday during 9:00 to 11:00, 11:30 to 13:00, 13:30 to 14:00, 15:30 to 16:00, 16:30 to 17:00; \nLori is busy on Monday during 9:00 to 9:30, 10:00 to 11:30, 12:00 to 13:30, 14:00 to 16:00, 16:30 to 17:00; \n\nFind a time that works for everyone's schedule and constraints. \nSOLUTION: ""}",False,1570.0,4414.0,18.31599187850952,0.0019226,react
calendar_scheduling_example_875,**exception raised**: Exceeded maximum retries (2) for output validation,"{'num_people': '2', 'num_days': '4', 'duration': '1', 'prompt_5shot': ""You are an expert at scheduling meetings. You are given a few constraints on the existing schedule of each participant, the meeting duration, and possibly some preferences on the meeting time. Note there exists a solution that works with existing schedule of every participant. Here are a few example tasks and solutions:\n\nTASK: You need to schedule a meeting for Diane and Austin for half an hour between the work hours of 9:00 to 17:00 on either Monday, Tuesday, Wednesday or Thursday. \n\nHere are the existing schedules for everyone during the days: \nDiane has meetings on Monday during 9:00 to 9:30, 11:00 to 11:30, 13:30 to 14:00, Tuesday during 11:30 to 12:00, 16:30 to 17:00, Wednesday during 12:30 to 13:00, 14:00 to 14:30, Thursday during 9:30 to 10:00, 14:30 to 15:00, 15:30 to 16:00; \nAustin is busy on Monday during 9:00 to 10:00, 10:30 to 17:00, Tuesday during 9:00 to 17:00, Wednesday during 9:00 to 10:00, 11:00 to 16:00, Thursday during 9:00 to 12:00, 12:30 to 17:00; \n\nDiane would rather not meet on Thursday. Austin do not want to meet on Wednesday. Find a time that works for everyone's schedule and constraints. \nSOLUTION: Here is the proposed time: Monday, 10:00 - 10:30 \n\nTASK: You need to schedule a meeting for Henry and Patricia for half an hour between the work hours of 9:00 to 17:00 on either Monday, Tuesday, Wednesday or Thursday. \n\nHere are the existing schedules for everyone during the days: \nHenry is free the entire week.\nPatricia has blocked their calendar on Monday during 10:30 to 11:00, 11:30 to 13:30, 14:30 to 15:00, 15:30 to 16:00, Tuesday during 9:00 to 11:00, 11:30 to 12:00, 12:30 to 13:00, 15:00 to 15:30, 16:00 to 17:00, Wednesday during 9:00 to 11:30, 12:30 to 14:00, 16:00 to 16:30, Thursday during 10:00 to 10:30, 11:00 to 12:30, 14:00 to 15:00, 16:30 to 17:00; \n\nHenry can not meet on Monday. Wednesday. Thursday. Patricia would rather not meet on Tuesday after 12:30. Find a time that works for everyone's schedule and constraints. \nSOLUTION: Here is the proposed time: Tuesday, 12:00 - 12:30 \n\nTASK: You need to schedule a meeting for Charles and Walter for half an hour between the work hours of 9:00 to 17:00 on either Monday, Tuesday, Wednesday or Thursday. \n\nHere are the existing schedules for everyone during the days: \nCharles is busy on Monday during 9:00 to 11:00, 13:00 to 13:30, 16:00 to 16:30, Tuesday during 10:00 to 10:30, 11:30 to 12:00, 12:30 to 14:00, Wednesday during 9:30 to 10:30, 12:00 to 12:30, 13:00 to 14:00, 14:30 to 16:00, 16:30 to 17:00, Thursday during 10:00 to 12:00, 14:30 to 15:30, 16:00 to 17:00; \nWalter has meetings on Monday during 10:00 to 14:00, 14:30 to 15:00, 15:30 to 16:30, Tuesday during 9:00 to 10:00, 10:30 to 13:30, 14:00 to 15:30, 16:00 to 17:00, Wednesday during 10:30 to 11:00, 12:00 to 14:00, 15:30 to 16:00, Thursday during 9:00 to 15:00, 15:30 to 16:00, 16:30 to 17:00; \n\nCharles do not want to meet on Tuesday. Walter can not meet on Monday after 16:30. Wednesday. Find a time that works for everyone's schedule and constraints. \nSOLUTION: Here is the proposed time: Monday, 15:00 - 15:30 \n\nTASK: You need to schedule a meeting for Bryan and Abigail for half an hour between the work hours of 9:00 to 17:00 on either Monday, Tuesday, Wednesday or Thursday. \n\nHere are the existing schedules for everyone during the days: \nBryan is busy on Monday during 9:00 to 10:30, 11:30 to 12:00, 12:30 to 13:30, 15:00 to 15:30, 16:30 to 17:00, Tuesday during 10:30 to 11:00, 13:30 to 14:00, 16:30 to 17:00, Wednesday during 9:30 to 10:00, 12:00 to 13:00, Thursday during 10:30 to 11:00, 11:30 to 13:00, 13:30 to 14:00, 16:30 to 17:00; \nAbigail has meetings on Monday during 9:00 to 9:30, 10:00 to 10:30, 11:00 to 11:30, 12:30 to 13:00, 13:30 to 14:00, 14:30 to 15:00, 15:30 to 17:00, Tuesday during 9:30 to 14:00, 15:00 to 15:30, 16:00 to 16:30, Wednesday during 9:00 to 12:00, 12:30 to 13:00, 13:30 to 14:30, 15:00 to 15:30, 16:00 to 17:00, Thursday during 9:00 to 9:30, 10:00 to 13:30, 14:00 to 17:00; \n\nBryan can not meet on Tuesday. Abigail would like to avoid more meetings on Monday. Wednesday after 13:30. Thursday. Find a time that works for everyone's schedule and constraints. \nSOLUTION: Here is the proposed time: Wednesday, 13:00 - 13:30 \n\nTASK: You need to schedule a meeting for Nicole and Ronald for one hour between the work hours of 9:00 to 17:00 on either Monday, Tuesday, Wednesday or Thursday. \n\nHere are the existing schedules for everyone during the days: \nNicole is busy on Monday during 10:00 to 10:30, 11:30 to 12:00, 13:00 to 13:30, 14:00 to 14:30, 15:00 to 15:30, 16:30 to 17:00, Tuesday during 9:00 to 9:30, 10:30 to 11:30, 12:30 to 13:30, 14:00 to 15:30, 16:00 to 17:00, Wednesday during 9:00 to 9:30, 10:30 to 11:00, 12:30 to 13:30, 16:00 to 16:30, Thursday during 9:00 to 9:30, 11:00 to 12:30, 13:30 to 14:30, 16:30 to 17:00; \nRonald has blocked their calendar on Monday during 9:00 to 15:30, 16:30 to 17:00, Tuesday during 9:00 to 10:00, 11:00 to 11:30, 16:30 to 17:00, Wednesday during 9:00 to 12:00, 13:00 to 13:30, 14:00 to 14:30, 15:00 to 15:30, 16:00 to 17:00, Thursday during 9:00 to 9:30, 11:00 to 12:30, 13:00 to 14:30, 15:00 to 16:00; \n\nThe group would like to meet at their earlist availability.\nFind a time that works for everyone's schedule and constraints. \nSOLUTION: Here is the proposed time: Monday, 15:30 - 16:30 \n\nTASK: You need to schedule a meeting for Natalie and William for one hour between the work hours of 9:00 to 17:00 on either Monday, Tuesday, Wednesday or Thursday. \n\nHere are the existing schedules for everyone during the days: \nNatalie is busy on Monday during 9:00 to 9:30, 10:00 to 12:00, 12:30 to 13:00, 14:00 to 14:30, 15:00 to 16:30, Tuesday during 9:00 to 9:30, 10:00 to 10:30, 12:30 to 14:00, 16:00 to 17:00, Wednesday during 11:00 to 11:30, 16:00 to 16:30, Thursday during 10:00 to 11:00, 11:30 to 15:00, 15:30 to 16:00, 16:30 to 17:00; \nWilliam is busy on Monday during 9:30 to 11:00, 11:30 to 17:00, Tuesday during 9:00 to 13:00, 13:30 to 16:00, Wednesday during 9:00 to 12:30, 13:00 to 14:30, 15:30 to 16:00, 16:30 to 17:00, Thursday during 9:00 to 10:30, 11:00 to 11:30, 12:00 to 12:30, 13:00 to 14:00, 15:00 to 17:00; \n\nFind a time that works for everyone's schedule and constraints. \nSOLUTION: "", 'golden_plan': 'Here is the proposed time: Wednesday, 14:30 - 15:30 ', 'pred_5shot_pro': 'Here is the proposed time: Tuesday, 16:00 - 17:00 \n', 'prompt_0shot': ""You are an expert at scheduling meetings. You are given a few constraints on the existing schedule of each participant, the meeting duration, and possibly some preferences on the meeting time. Note there exists a solution that works with existing schedule of every participant. Here are a few example tasks and solutions:\n\nTASK: You need to schedule a meeting for Natalie and William for one hour between the work hours of 9:00 to 17:00 on either Monday, Tuesday, Wednesday or Thursday. \n\nHere are the existing schedules for everyone during the days: \nNatalie is busy on Monday during 9:00 to 9:30, 10:00 to 12:00, 12:30 to 13:00, 14:00 to 14:30, 15:00 to 16:30, Tuesday during 9:00 to 9:30, 10:00 to 10:30, 12:30 to 14:00, 16:00 to 17:00, Wednesday during 11:00 to 11:30, 16:00 to 16:30, Thursday during 10:00 to 11:00, 11:30 to 15:00, 15:30 to 16:00, 16:30 to 17:00; \nWilliam is busy on Monday during 9:30 to 11:00, 11:30 to 17:00, Tuesday during 9:00 to 13:00, 13:30 to 16:00, Wednesday during 9:00 to 12:30, 13:00 to 14:30, 15:30 to 16:00, 16:30 to 17:00, Thursday during 9:00 to 10:30, 11:00 to 11:30, 12:00 to 12:30, 13:00 to 14:00, 15:00 to 17:00; \n\nFind a time that works for everyone's schedule and constraints. \nSOLUTION: ""}",False,,,,,react
calendar_scheduling_example_174,"Here is the proposed time: Monday, 13:00 - 13:30","{'num_people': '4', 'num_days': '1', 'duration': '0.5', 'prompt_5shot': ""You are an expert at scheduling meetings. You are given a few constraints on the existing schedule of each participant, the meeting duration, and possibly some preferences on the meeting time. Note there exists a solution that works with existing schedule of every participant. Here are a few example tasks and solutions:\n\nTASK: You need to schedule a meeting for Carol, Cynthia, Judith and Peter for half an hour between the work hours of 9:00 to 17:00 on Monday. \n\nHere are the existing schedules for everyone during the day: \nCarol has meetings on Monday during 11:00 to 11:30, 12:30 to 14:00, 14:30 to 15:30; \nCynthiahas no meetings the whole day.\nJudith has meetings on Monday during 9:00 to 11:30, 12:00 to 13:00, 13:30 to 14:30, 15:00 to 16:30; \nPeter is busy on Monday during 9:00 to 9:30, 10:00 to 16:30; \n\nFind a time that works for everyone's schedule and constraints. \nSOLUTION: Here is the proposed time: Monday, 16:30 - 17:00 \n\nTASK: You need to schedule a meeting for Karen, Carl, Margaret and Lori for half an hour between the work hours of 9:00 to 17:00 on Monday. \n\nHere are the existing schedules for everyone during the day: \nKaren is busy on Monday during 9:30 to 10:00, 11:00 to 12:00, 15:30 to 16:00; \nCarl is busy on Monday during 9:30 to 10:30, 11:00 to 11:30, 13:00 to 13:30, 14:00 to 14:30, 16:00 to 16:30; \nMargaret is busy on Monday during 9:00 to 14:30, 15:00 to 16:30; \nLori is busy on Monday during 9:00 to 12:30, 13:30 to 14:00, 15:30 to 16:00, 16:30 to 17:00; \n\nFind a time that works for everyone's schedule and constraints. \nSOLUTION: Here is the proposed time: Monday, 14:30 - 15:00 \n\nTASK: You need to schedule a meeting for Lawrence, Brenda, Keith and Kevin for half an hour between the work hours of 9:00 to 17:00 on Monday. \n\nHere are the existing schedules for everyone during the day: \nLawrence has meetings on Monday during 9:30 to 10:00, 11:00 to 11:30, 12:00 to 12:30, 13:30 to 15:00; \nBrenda has meetings on Monday during 9:30 to 10:00, 13:00 to 13:30, 14:00 to 14:30, 16:30 to 17:00; \nKeith has blocked their calendar on Monday during 10:00 to 10:30, 12:00 to 13:00, 14:00 to 16:00, 16:30 to 17:00; \nKevin has blocked their calendar on Monday during 9:00 to 9:30, 10:00 to 10:30, 12:30 to 13:30, 14:00 to 15:00, 15:30 to 16:00, 16:30 to 17:00; \n\nLawrence do not want to meet on Monday after 14:30. Find a time that works for everyone's schedule and constraints. \nSOLUTION: Here is the proposed time: Monday, 11:30 - 12:00 \n\nTASK: You need to schedule a meeting for Marilyn, Pamela, Karen and Nancy for half an hour between the work hours of 9:00 to 17:00 on Monday. \n\nHere are the existing schedules for everyone during the day: \nMarilyn has meetings on Monday during 9:30 to 10:30, 11:00 to 11:30, 12:00 to 13:00, 15:30 to 16:00; \nPamela has blocked their calendar on Monday during 11:00 to 11:30, 14:00 to 14:30; \nKaren is busy on Monday during 9:00 to 10:00, 10:30 to 11:30, 12:30 to 13:30, 14:00 to 14:30, 15:00 to 16:00, 16:30 to 17:00; \nNancy is busy on Monday during 9:00 to 12:00, 12:30 to 13:00, 13:30 to 14:00, 15:30 to 16:00, 16:30 to 17:00; \n\nMarilyn would like to avoid more meetings on Monday after 15:00. Find a time that works for everyone's schedule and constraints. \nSOLUTION: Here is the proposed time: Monday, 14:30 - 15:00 \n\nTASK: You need to schedule a meeting for Jeremy, Sara, Jerry and Kathleen for half an hour between the work hours of 9:00 to 17:00 on Monday. \n\nHere are the existing schedules for everyone during the day: \nJeremyhas no meetings the whole day.\nSara has blocked their calendar on Monday during 14:30 to 15:00, 16:30 to 17:00; \nJerry has blocked their calendar on Monday during 9:30 to 10:30, 11:00 to 12:00, 13:30 to 14:00, 14:30 to 17:00; \nKathleen has meetings on Monday during 9:00 to 9:30, 10:00 to 11:00, 11:30 to 12:30, 14:00 to 14:30, 15:30 to 16:00, 16:30 to 17:00; \n\nFind a time that works for everyone's schedule and constraints. \nSOLUTION: Here is the proposed time: Monday, 12:30 - 13:00 \n\nTASK: You need to schedule a meeting for Kevin, David, Stephen and Helen for half an hour between the work hours of 9:00 to 17:00 on Monday. \n\nHere are the existing schedules for everyone during the day: \nKevin has blocked their calendar on Monday during 11:30 to 12:00, 14:30 to 16:00; \nDavid has meetings on Monday during 10:00 to 11:00; \nStephen has meetings on Monday during 9:00 to 11:30, 12:00 to 13:00, 14:00 to 15:30, 16:00 to 17:00; \nHelen has blocked their calendar on Monday during 9:00 to 13:30, 14:30 to 17:00; \n\nFind a time that works for everyone's schedule and constraints. \nSOLUTION: "", 'golden_plan': 'Here is the proposed time: Monday, 13:30 - 14:00 ', 'pred_5shot_pro': ""Here is the proposed time: **Monday, 13:30 - 14:00** \n\nLet's break down why this works:\n\n* **Kevin:** Free during this time.\n* **David:** Free during this time.\n* **Stephen:** Has a meeting until 13:00 and then another at 14:00, leaving this slot open.\n* **Helen:** Has a meeting until 13:30, making the second half of this slot available. \n"", 'prompt_0shot': ""You are an expert at scheduling meetings. You are given a few constraints on the existing schedule of each participant, the meeting duration, and possibly some preferences on the meeting time. Note there exists a solution that works with existing schedule of every participant. Here are a few example tasks and solutions:\n\nTASK: You need to schedule a meeting for Kevin, David, Stephen and Helen for half an hour between the work hours of 9:00 to 17:00 on Monday. \n\nHere are the existing schedules for everyone during the day: \nKevin has blocked their calendar on Monday during 11:30 to 12:00, 14:30 to 16:00; \nDavid has meetings on Monday during 10:00 to 11:00; \nStephen has meetings on Monday during 9:00 to 11:30, 12:00 to 13:00, 14:00 to 15:30, 16:00 to 17:00; \nHelen has blocked their calendar on Monday during 9:00 to 13:30, 14:30 to 17:00; \n\nFind a time that works for everyone's schedule and constraints. \nSOLUTION: ""}",False,16425.0,5254.0,24.78149151802063,0.0037440999999999998,react
calendar_scheduling_example_224,"The user is asking me to predict the output of a Python function `calendar_scheduling` given a specific `prompt`.
The `calendar_scheduling` function is described to solve a calendar scheduling problem and return a string in the format 'Here is the proposed time: {Day}, {HH:MM} - {HH:MM}'.

To determine the output, I need to simulate the steps described in the available tool definitions, as the `calendar_scheduling` function likely uses these tools internally.

1.  **`parse_schedules`**: This tool parses the `problem_text` into a structured JSON. I need to extract the relevant information from the prompt for this step.
    *   Participants: Marilyn, Wayne, Julia, Deborah, Virginia
    *   Duration: half an hour (30 minutes)
    *   Working hours: 9:00 to 17:00
    *   Day: Monday
    *   Busy schedules:
        *   Marilyn: [""16:00"", ""17:00""]
        *   Wayne: [""9:30"", ""10:00""], [""10:30"", ""11:30""], [""12:00"", ""12:30""], [""13:00"", ""14:00""]
        *   Julia: [""12:30"", ""13:00""], [""14:00"", ""14:30""]
        *   Deborah: [""9:00"", ""11:00""], [""11:30"", ""14:30""], [""15:00"", ""15:30""], [""16:30"", ""17:00""]
        *   Virginia: [""9:00"", ""9:30""], [""10:00"", ""11:30""], [""12:30"", ""13:30""], [""15:00"", ""17:00""]

2.  **`find_available_slots`**: This tool takes the original problem text and the `schedules_json` and finds all possible slots. I need to calculate the free slots for each participant and find the intersection.
    *   Working hours: 09:00 - 17:00
    *   Duration: 30 minutes

    Let's analyze the busy times for Monday and find the free slots for each person, then the common free slots.

    *   **Marilyn**: Busy [""16:00"", ""17:00""]. Free: [""09:00"", ""16:00""]
    *   **Wayne**: Busy [""09:30"", ""10:00""], [""10:30"", ""11:30""], [""12:00"", ""12:30""], [""13:00"", ""14:00""]. Free: [""09:00"", ""09:30""], [""10:00"", ""10:30""], [""11:30"", ""12:00""], [""12:30"", ""13:00""], [""14:00"", ""17:00""]
    *   **Julia**: Busy [""12:30"", ""13:00""], [""14:00"", ""14:30""]. Free: [""09:00"", ""12:30""], [""13:00"", ""14:00""], [""14:30"", ""17:00""]
    *   **Deborah**: Busy [""09:00"", ""11:00""], [""11:30"", ""14:30""], [""15:00"", ""15:30""], [""16:30"", ""17:00""]. Free: [""11:00"", ""11:30""], [""14:30"", ""15:00""], [""15:30"", ""16:30""]
    *   **Virginia**: Busy [""09:00"", ""09:30""], [""10:00"", ""11:30""], [""12:30"", ""13:30""], [""15:00"", ""17:00""]. Free: [""09:30"", ""10:00""], [""11:30"", ""12:30""], [""13:30"", ""15:00""]

    Now let's find the intersection of free slots for all participants on Monday:
    *   Marilyn: [""09:00"", ""16:00""]
    *   Wayne: [""09:00"", ""09:30""], [""10:00"", ""10:30""], [""11:30"", ""12:00""], [""12:30"", ""13:00""], [""14:00"", ""17:00""]
    *   Julia: [""09:00"", ""12:30""], [""13:00"", ""14:00""], [""14:30"", ""17:00""]
    *   Deborah: [""11:00"", ""11:30""], [""14:30"", ""15:00""], [""15:30"", ""16:30""]
    *   Virginia: [""09:30"", ""10:00""], [""11:30"", ""12:30""], [""13:30"", ""15:00""]

    Let's calculate the intersection day by day. Only Monday is relevant.

    *   Intersection of Marilyn and Wayne: [""09:00"", ""09:30""], [""10:00"", ""10:30""], [""11:30"", ""12:00""], [""12:30"", ""13:00""], [""14:00"", ""16:00""]
    *   Intersecting with Julia: [""09:00"", ""09:30""], [""10:00"", ""10:30""], [""11:30"", ""12:00""], [""12:30"", ""13:00""], [""14:00"", ""14:30""], [""14:30"", ""16:00""] => [""09:00"", ""09:30""], [""10:00"", ""10:30""], [""11:30"", ""12:00""], [""12:30"", ""13:00""], [""14:00"", ""16:00""] (Julia's [14:30, 17:00] overlaps with Marilyn/Wayne's [14:00, 16:00])
    *   Intersecting with Deborah: Deborah's free slots are [""11:00"", ""11:30""], [""14:30"", ""15:00""], [""15:30"", ""16:30""].
        *   Comparing with [""09:00"", ""09:30""], [""10:00"", ""10:30""], [""11:30"", ""12:00""], [""12:30"", ""13:00""], [""14:00"", ""16:00""]
        *   No overlap for [""11:00"", ""11:30""]
        *   Overlap for [""14:30"", ""15:00""] with [""14:00"", ""16:00""] -> [""14:30"", ""15:00""]
        *   Overlap for [""15:30"", ""16:30""] with [""14:00"", ""16:00""] -> [""15:30"", ""16:00""]
        *   Current common free slots: [""14:30"", ""15:00""], [""15:30"", ""16:00""]
    *   Intersecting with Virginia: Virginia's free slots are [""09:30"", ""10:00""], [""11:30"", ""12:30""], [""13:30"", ""15:00""].
        *   Comparing with [""14:30"", ""15:00""], [""15:30"", ""16:00""]
        *   Virginia's [""13:30"", ""15:00""] overlaps with [""14:30"", ""15:00""] -> [""14:30"", ""15:00""]
        *   Virginia's [""13:30"", ""15:00""] does not overlap with [""15:30"", ""16:00""]
        *   The only common free slot is [""14:30"", ""15:00""].

    Now, find slots of 30 minutes within [""14:30"", ""15:00""].
    The only slot is [""14:30"", ""15:00""].

3.  **`select_and_format`**: This tool picks the best slot based on `preference`. The prompt does not specify a preference, so the `calendar_scheduling` function would likely default to ""earliest"" or find the only slot. In this case, there's only one slot.
    *   Slot: {""day"": ""Monday"", ""start"": ""14:30"", ""end"": ""15:00""}
    *   Preference: Assuming ""earliest"" as no preference is given.

    The output format is 'Here is the proposed time: {Day}, {HH:MM} - {HH:MM}'.
    So, the output should be ""Here is the proposed time: Monday, 14:30 - 15:00"".

Let's double-check the calculations.

Marilyn: Free [09:00, 16:00]
Wayne: Busy [09:30, 10:00], [10:30, 11:30], [12:00, 12:30], [13:00, 14:00]. Free [09:00, 09:30], [10:00, 10:30], [11:30, 12:00], [12:30, 13:00], [14:00, 17:00]
Julia: Busy [12:30, 13:00], [14:00, 14:30]. Free [09:00, 12:30], [13:00, 14:00], [14:30, 17:00]
Deborah: Busy [09:00, 11:00], [11:30, 14:30], [15:00, 15:30], [16:30, 17:00]. Free [11:00, 11:30], [14:30, 15:00], [15:30, 16:30]
Virginia: Busy [09:00, 09:30], [10:00, 11:30], [12:30, 13:30], [15:00, 17:00]. Free [09:30, 10:00], [11:30, 12:30], [13:30, 15:00]

Common Free Slots (30 min duration):

Consider intervals from Deborah, as she seems to have the least free time.
Deborah's free intervals: [11:00, 11:30], [14:30, 15:00], [15:30, 16:30]

1.  **[11:00, 11:30]**:
    *   Marilyn: Free (within [09:00, 16:00])
    *   Wayne: Free (between [10:30, 11:30] and [12:00, 12:30] => Free [11:30, 12:00] WRONG. Wayne is busy until 11:30. So Wayne is free from [11:30, 12:00]. So [11:00, 11:30] is NOT free for Wayne.)
    *   Let's re-evaluate Wayne's free time:
        Busy: [09:30, 10:00], [10:30, 11:30], [12:00, 12:30], [13:00, 14:00]
        Free: [09:00, 09:30], [10:00, 10:30], [11:30, 12:00], [12:30, 13:00], [14:00, 17:00]
    *   So, for [11:00, 11:30]:
        *   Marilyn: Free
        *   Wayne: Not Free (Busy until 11:30)
        *   This interval is invalid.

2.  **[14:30, 15:00]**:
    *   Marilyn: Free (within [09:00, 16:00])
    *   Wayne: Free (within [14:00, 17:00])
    *   Julia: Free (within [14:30, 17:00])
    *   Deborah: Free (within [14:30, 15:00])
    *   Virginia: Busy [15:00, 17:00]. Virginia is free [13:30, 15:00]. So [14:30, 15:00] is free for Virginia.
    *   All participants are free during [14:30, 15:00]. This interval is 30 minutes long.
    *   So, a valid slot is Monday, 14:30 - 15:00.

3.  **[15:30, 16:30]**:
    *   Marilyn: Free (within [09:00, 16:00])
    *   Wayne: Free (within [14:00, 17:00])
    *   Julia: Free (within [14:30, 17:00])
    *   Deborah: Free (within [15:30, 16:30])
    *   Virginia: Busy [15:00, 17:00]. So Virginia is NOT free during this interval.
    *   This interval is invalid.

The only common free slot of 30 minutes duration is Monday, 14:30 - 15:00.
Since there is only one slot, the `select_and_format` tool would select this slot regardless of preference.

The output should be ""Here is the proposed time: Monday, 14:30 - 15:00"".

Let's quickly re-verify busy times to be extremely sure.

Marilyn: Busy 16:00-17:00
Wayne: Busy 09:30-10:00, 10:30-11:30, 12:00-12:30, 13:00-14:00
Julia: Busy 12:30-13:00, 14:00-14:30
Deborah: Busy 09:00-11:00, 11:30-14:30, 15:00-15:30, 16:30-17:00
Virginia: Busy 09:00-09:30, 10:00-11:30, 12:30-13:30, 15:00-17:00

Let's check the slot 14:30 - 15:00.
Marilyn: Not busy. OK.
Wayne: Not busy. OK.
Julia: Busy 14:00-14:30. So free from 14:30. OK.
Deborah: Busy 11:30-14:30. So free from 14:30. OK.
Virginia: Busy 12:30-13:30 and 15:00-17:00. So free from 13:30 to 15:00. OK.

All checks pass for 14:30 - 15:00.

Final Answer format: 'Here is the proposed time: {Day}, {HH:MM} - {HH:MM}'

Output: Here is the proposed time: Monday, 14:30 - 15:00
The question implies that `calendar_scheduling` function already calls the underlying tools. I should produce the final output string.

```json
{
  ""participants"": [""Marilyn"", ""Wayne"", ""Julia"", ""Deborah"", ""Virginia""],
  ""duration_minutes"": 30,
  ""working_hours"": [""09:00"", ""17:00""],
  ""days"": [""Monday""],
  ""preference"": null,
  ""schedules"": {
    ""Marilyn"": {""Monday"": [[""16:00"", ""17:00""]]},
    ""Wayne"": {""Monday"": [[""09:30"", ""10:00""], [""10:30"", ""11:30""], [""12:00"", ""12:30""], [""13:00"", ""14:00""]]},
    ""Julia"": {""Monday"": [[""12:30"", ""13:00""], [""14:00"", ""14:30""]]},
    ""Deborah"": {""Monday"": [[""09:00"", ""11:00""], [""11:30"", ""14:30""], [""15:00"", ""15:30""], [""16:30"", ""17:00""]]},
    ""Virginia"": {""Monday"": [[""09:00"", ""09:30""], [""10:00"", ""11:30""], [""12:30"", ""13:30""], [""15:00"", ""17:00""]]}
  }
}
```
This would be the output of `parse_schedules`.

Then `find_available_slots` would take the original prompt and this JSON string.
The result of `find_available_slots` would be a JSON string like:
```json
[{""day"": ""Monday"", ""start"": ""14:30"", ""end"": ""15:00""}]
```
Finally, `select_and_format` would take this JSON string and a preference (which is null in this case, or default to earliest).
It would select the first (and only) slot.
The output string would be ""Here is the proposed time: Monday, 14:30 - 15:00"".

The prompt for `calendar_scheduling` is the `problem_text` argument. The `calendar_scheduling` function is assumed to be fully implemented as suggested by the documentation stub. This means it internally calls the `default_api` functions in sequence.
The question asks for a ""possible output of the function for these inputs that is consistent with the documentation"".
So, I should output the final string.

The prompt states ""Note there exists a solution that works with existing schedule of every participant."" which confirms that there should be at least one slot.
The prompt also does not specify a preference like ""earliest"" or ""latest"", so the `calendar_scheduling` function could default to ""earliest"" or pick the only available slot if there's just one. In this case, there's only one slot.

My derivation of the slot 14:30-15:00 seems robust.
The final output format is strictly specified.
So the answer is: ""Here is the proposed time: Monday, 14:30 - 15:00""Here is the proposed time: Monday, 14:30 - 15:00","{'num_people': '5', 'num_days': '1', 'duration': '0.5', 'prompt_5shot': ""You are an expert at scheduling meetings. You are given a few constraints on the existing schedule of each participant, the meeting duration, and possibly some preferences on the meeting time. Note there exists a solution that works with existing schedule of every participant. Here are a few example tasks and solutions:\n\nTASK: You need to schedule a meeting for George, Steven, Aaron, Patrick and Cynthia for half an hour between the work hours of 9:00 to 17:00 on Monday. \n\nHere are the existing schedules for everyone during the day: \nGeorgehas no meetings the whole day.\nSteven is free the entire day.\nAaron has blocked their calendar on Monday during 9:00 to 10:00, 11:30 to 12:00, 15:30 to 17:00; \nPatrick has blocked their calendar on Monday during 9:00 to 9:30, 10:00 to 11:00, 11:30 to 12:00, 12:30 to 14:00, 15:00 to 15:30; \nCynthia is busy on Monday during 9:00 to 9:30, 10:30 to 11:30, 12:30 to 14:30, 15:00 to 16:30; \n\nAaron can not meet on Monday after 12:30. Find a time that works for everyone's schedule and constraints. \nSOLUTION: Here is the proposed time: Monday, 12:00 - 12:30 \n\nTASK: You need to schedule a meeting for Elizabeth, Eugene, Nancy, Justin and Roy for half an hour between the work hours of 9:00 to 17:00 on Monday. \n\nHere are the existing schedules for everyone during the day: \nElizabeth's calendar is wide open the entire day.\nEugene has blocked their calendar on Monday during 12:00 to 12:30, 13:30 to 14:00, 15:00 to 16:00; \nNancy has meetings on Monday during 10:30 to 11:00, 12:00 to 13:00, 14:00 to 14:30, 15:00 to 16:00; \nJustin has meetings on Monday during 9:30 to 10:00, 10:30 to 11:30, 12:00 to 12:30, 13:00 to 13:30, 14:30 to 17:00; \nRoy is busy on Monday during 10:00 to 11:00, 11:30 to 12:30, 13:30 to 14:00, 14:30 to 16:00; \n\nFind a time that works for everyone's schedule and constraints. \nSOLUTION: Here is the proposed time: Monday, 9:00 - 9:30 \n\nTASK: You need to schedule a meeting for Mason, Linda, Barbara, Roger and Lisa for half an hour between the work hours of 9:00 to 17:00 on Monday. \n\nHere are the existing schedules for everyone during the day: \nMasonhas no meetings the whole day.\nLinda is busy on Monday during 9:30 to 11:00, 12:00 to 12:30, 13:00 to 13:30, 16:30 to 17:00; \nBarbara has blocked their calendar on Monday during 9:00 to 9:30, 12:00 to 13:00, 15:30 to 16:00; \nRoger has meetings on Monday during 9:00 to 9:30, 13:00 to 14:30, 15:00 to 17:00; \nLisa has blocked their calendar on Monday during 9:00 to 10:00, 10:30 to 11:30, 12:00 to 12:30, 13:00 to 14:30, 15:00 to 17:00; \n\nMason would rather not meet on Monday after 13:30. Find a time that works for everyone's schedule and constraints. \nSOLUTION: Here is the proposed time: Monday, 11:30 - 12:00 \n\nTASK: You need to schedule a meeting for Thomas, Olivia, Doris, Amber and Ronald for half an hour between the work hours of 9:00 to 17:00 on Monday. \n\nHere are the existing schedules for everyone during the day: \nThomas has meetings on Monday during 12:00 to 12:30, 16:30 to 17:00; \nOlivia has blocked their calendar on Monday during 10:30 to 11:30, 13:00 to 14:00, 16:00 to 17:00; \nDoris is busy on Monday during 13:30 to 14:00, 16:30 to 17:00; \nAmber is busy on Monday during 10:00 to 10:30, 12:00 to 13:00, 14:00 to 15:00, 15:30 to 17:00; \nRonald has meetings on Monday during 9:30 to 11:30, 12:00 to 13:00, 13:30 to 14:00, 15:00 to 15:30; \n\nRonald would rather not meet on Monday before 11:30. Find a time that works for everyone's schedule and constraints. \nSOLUTION: Here is the proposed time: Monday, 11:30 - 12:00 \n\nTASK: You need to schedule a meeting for Patrick, Kathleen, Frank, Patricia and Carolyn for half an hour between the work hours of 9:00 to 17:00 on Monday. \n\nHere are the existing schedules for everyone during the day: \nPatrick is free the entire day.\nKathleen has meetings on Monday during 9:30 to 10:00, 15:00 to 15:30; \nFrank has blocked their calendar on Monday during 11:00 to 11:30, 15:30 to 17:00; \nPatricia is busy on Monday during 9:00 to 12:00, 14:30 to 15:00, 16:00 to 16:30; \nCarolyn has meetings on Monday during 9:00 to 9:30, 11:00 to 12:30, 13:00 to 17:00; \n\nFind a time that works for everyone's schedule and constraints. \nSOLUTION: Here is the proposed time: Monday, 12:30 - 13:00 \n\nTASK: You need to schedule a meeting for Marilyn, Wayne, Julia, Deborah and Virginia for half an hour between the work hours of 9:00 to 17:00 on Monday. \n\nHere are the existing schedules for everyone during the day: \nMarilyn has meetings on Monday during 16:00 to 17:00; \nWayne has blocked their calendar on Monday during 9:30 to 10:00, 10:30 to 11:30, 12:00 to 12:30, 13:00 to 14:00; \nJulia has blocked their calendar on Monday during 12:30 to 13:00, 14:00 to 14:30; \nDeborah is busy on Monday during 9:00 to 11:00, 11:30 to 14:30, 15:00 to 15:30, 16:30 to 17:00; \nVirginia has blocked their calendar on Monday during 9:00 to 9:30, 10:00 to 11:30, 12:30 to 13:30, 15:00 to 17:00; \n\nFind a time that works for everyone's schedule and constraints. \nSOLUTION: "", 'golden_plan': 'Here is the proposed time: Monday, 14:30 - 15:00 ', 'pred_5shot_pro': ""Here is the proposed time: **Monday, 13:30 - 14:00** \n\nLet's break down why this works:\n\n* **Marilyn:** Free at this time.\n* **Wayne:** Free at this time.\n* **Julia:** Free at this time.\n* **Deborah:** Free at this time.\n* **Virginia:** Free at this time. \n"", 'prompt_0shot': ""You are an expert at scheduling meetings. You are given a few constraints on the existing schedule of each participant, the meeting duration, and possibly some preferences on the meeting time. Note there exists a solution that works with existing schedule of every participant. Here are a few example tasks and solutions:\n\nTASK: You need to schedule a meeting for Marilyn, Wayne, Julia, Deborah and Virginia for half an hour between the work hours of 9:00 to 17:00 on Monday. \n\nHere are the existing schedules for everyone during the day: \nMarilyn has meetings on Monday during 16:00 to 17:00; \nWayne has blocked their calendar on Monday during 9:30 to 10:00, 10:30 to 11:30, 12:00 to 12:30, 13:00 to 14:00; \nJulia has blocked their calendar on Monday during 12:30 to 13:00, 14:00 to 14:30; \nDeborah is busy on Monday during 9:00 to 11:00, 11:30 to 14:30, 15:00 to 15:30, 16:30 to 17:00; \nVirginia has blocked their calendar on Monday during 9:00 to 9:30, 10:00 to 11:30, 12:30 to 13:30, 15:00 to 17:00; \n\nFind a time that works for everyone's schedule and constraints. \nSOLUTION: ""}",True,1412.0,4862.0,19.95969009399414,0.002086,react
calendar_scheduling_example_838,"Here is the proposed time: Wednesday, 15:00 - 16:00
","{'num_people': '2', 'num_days': '4', 'duration': '1', 'prompt_5shot': ""You are an expert at scheduling meetings. You are given a few constraints on the existing schedule of each participant, the meeting duration, and possibly some preferences on the meeting time. Note there exists a solution that works with existing schedule of every participant. Here are a few example tasks and solutions:\n\nTASK: You need to schedule a meeting for Diane and Austin for half an hour between the work hours of 9:00 to 17:00 on either Monday, Tuesday, Wednesday or Thursday. \n\nHere are the existing schedules for everyone during the days: \nDiane has meetings on Monday during 9:00 to 9:30, 11:00 to 11:30, 13:30 to 14:00, Tuesday during 11:30 to 12:00, 16:30 to 17:00, Wednesday during 12:30 to 13:00, 14:00 to 14:30, Thursday during 9:30 to 10:00, 14:30 to 15:00, 15:30 to 16:00; \nAustin is busy on Monday during 9:00 to 10:00, 10:30 to 17:00, Tuesday during 9:00 to 17:00, Wednesday during 9:00 to 10:00, 11:00 to 16:00, Thursday during 9:00 to 12:00, 12:30 to 17:00; \n\nDiane would rather not meet on Thursday. Austin do not want to meet on Wednesday. Find a time that works for everyone's schedule and constraints. \nSOLUTION: Here is the proposed time: Monday, 10:00 - 10:30 \n\nTASK: You need to schedule a meeting for Henry and Patricia for half an hour between the work hours of 9:00 to 17:00 on either Monday, Tuesday, Wednesday or Thursday. \n\nHere are the existing schedules for everyone during the days: \nHenry is free the entire week.\nPatricia has blocked their calendar on Monday during 10:30 to 11:00, 11:30 to 13:30, 14:30 to 15:00, 15:30 to 16:00, Tuesday during 9:00 to 11:00, 11:30 to 12:00, 12:30 to 13:00, 15:00 to 15:30, 16:00 to 17:00, Wednesday during 9:00 to 11:30, 12:30 to 14:00, 16:00 to 16:30, Thursday during 10:00 to 10:30, 11:00 to 12:30, 14:00 to 15:00, 16:30 to 17:00; \n\nHenry can not meet on Monday. Wednesday. Thursday. Patricia would rather not meet on Tuesday after 12:30. Find a time that works for everyone's schedule and constraints. \nSOLUTION: Here is the proposed time: Tuesday, 12:00 - 12:30 \n\nTASK: You need to schedule a meeting for Charles and Walter for half an hour between the work hours of 9:00 to 17:00 on either Monday, Tuesday, Wednesday or Thursday. \n\nHere are the existing schedules for everyone during the days: \nCharles is busy on Monday during 9:00 to 11:00, 13:00 to 13:30, 16:00 to 16:30, Tuesday during 10:00 to 10:30, 11:30 to 12:00, 12:30 to 14:00, Wednesday during 9:30 to 10:30, 12:00 to 12:30, 13:00 to 14:00, 14:30 to 16:00, 16:30 to 17:00, Thursday during 10:00 to 12:00, 14:30 to 15:30, 16:00 to 17:00; \nWalter has meetings on Monday during 10:00 to 14:00, 14:30 to 15:00, 15:30 to 16:30, Tuesday during 9:00 to 10:00, 10:30 to 13:30, 14:00 to 15:30, 16:00 to 17:00, Wednesday during 10:30 to 11:00, 12:00 to 14:00, 15:30 to 16:00, Thursday during 9:00 to 15:00, 15:30 to 16:00, 16:30 to 17:00; \n\nCharles do not want to meet on Tuesday. Walter can not meet on Monday after 16:30. Wednesday. Find a time that works for everyone's schedule and constraints. \nSOLUTION: Here is the proposed time: Monday, 15:00 - 15:30 \n\nTASK: You need to schedule a meeting for Bryan and Abigail for half an hour between the work hours of 9:00 to 17:00 on either Monday, Tuesday, Wednesday or Thursday. \n\nHere are the existing schedules for everyone during the days: \nBryan is busy on Monday during 9:00 to 10:30, 11:30 to 12:00, 12:30 to 13:30, 15:00 to 15:30, 16:30 to 17:00, Tuesday during 10:30 to 11:00, 13:30 to 14:00, 16:30 to 17:00, Wednesday during 9:30 to 10:00, 12:00 to 13:00, Thursday during 10:30 to 11:00, 11:30 to 13:00, 13:30 to 14:00, 16:30 to 17:00; \nAbigail has meetings on Monday during 9:00 to 9:30, 10:00 to 10:30, 11:00 to 11:30, 12:30 to 13:00, 13:30 to 14:00, 14:30 to 15:00, 15:30 to 17:00, Tuesday during 9:30 to 14:00, 15:00 to 15:30, 16:00 to 16:30, Wednesday during 9:00 to 12:00, 12:30 to 13:00, 13:30 to 14:30, 15:00 to 15:30, 16:00 to 17:00, Thursday during 9:00 to 9:30, 10:00 to 13:30, 14:00 to 17:00; \n\nBryan can not meet on Tuesday. Abigail would like to avoid more meetings on Monday. Wednesday after 13:30. Thursday. Find a time that works for everyone's schedule and constraints. \nSOLUTION: Here is the proposed time: Wednesday, 13:00 - 13:30 \n\nTASK: You need to schedule a meeting for Nicole and Ronald for one hour between the work hours of 9:00 to 17:00 on either Monday, Tuesday, Wednesday or Thursday. \n\nHere are the existing schedules for everyone during the days: \nNicole is busy on Monday during 10:00 to 10:30, 11:30 to 12:00, 13:00 to 13:30, 14:00 to 14:30, 15:00 to 15:30, 16:30 to 17:00, Tuesday during 9:00 to 9:30, 10:30 to 11:30, 12:30 to 13:30, 14:00 to 15:30, 16:00 to 17:00, Wednesday during 9:00 to 9:30, 10:30 to 11:00, 12:30 to 13:30, 16:00 to 16:30, Thursday during 9:00 to 9:30, 11:00 to 12:30, 13:30 to 14:30, 16:30 to 17:00; \nRonald has blocked their calendar on Monday during 9:00 to 15:30, 16:30 to 17:00, Tuesday during 9:00 to 10:00, 11:00 to 11:30, 16:30 to 17:00, Wednesday during 9:00 to 12:00, 13:00 to 13:30, 14:00 to 14:30, 15:00 to 15:30, 16:00 to 17:00, Thursday during 9:00 to 9:30, 11:00 to 12:30, 13:00 to 14:30, 15:00 to 16:00; \n\nThe group would like to meet at their earlist availability.\nFind a time that works for everyone's schedule and constraints. \nSOLUTION: Here is the proposed time: Monday, 15:30 - 16:30 \n\nTASK: You need to schedule a meeting for Laura and Marie for one hour between the work hours of 9:00 to 17:00 on either Monday, Tuesday, Wednesday or Thursday. \n\nHere are the existing schedules for everyone during the days: \nLaura is busy on Monday during 14:30 to 15:00, Wednesday during 12:00 to 12:30; \nMarie has blocked their calendar on Monday during 9:00 to 10:00, 11:00 to 15:30, 16:00 to 17:00, Tuesday during 9:00 to 9:30, 11:30 to 12:00, 12:30 to 15:30, 16:00 to 16:30, Wednesday during 9:00 to 9:30, 10:30 to 11:30, 12:30 to 14:00, 14:30 to 15:00, 15:30 to 16:30, Thursday during 9:00 to 9:30, 10:00 to 11:30, 12:00 to 15:30, 16:00 to 17:00; \n\nLaura can not meet on Monday. Tuesday. Find a time that works for everyone's schedule and constraints. \nSOLUTION: "", 'golden_plan': 'Here is the proposed time: Wednesday, 9:30 - 10:30 ', 'pred_5shot_pro': 'Here is the proposed time: Wednesday, 10:00 - 11:00 \n', 'prompt_0shot': ""You are an expert at scheduling meetings. You are given a few constraints on the existing schedule of each participant, the meeting duration, and possibly some preferences on the meeting time. Note there exists a solution that works with existing schedule of every participant. Here are a few example tasks and solutions:\n\nTASK: You need to schedule a meeting for Laura and Marie for one hour between the work hours of 9:00 to 17:00 on either Monday, Tuesday, Wednesday or Thursday. \n\nHere are the existing schedules for everyone during the days: \nLaura is busy on Monday during 14:30 to 15:00, Wednesday during 12:00 to 12:30; \nMarie has blocked their calendar on Monday during 9:00 to 10:00, 11:00 to 15:30, 16:00 to 17:00, Tuesday during 9:00 to 9:30, 11:30 to 12:00, 12:30 to 15:30, 16:00 to 16:30, Wednesday during 9:00 to 9:30, 10:30 to 11:30, 12:30 to 14:00, 14:30 to 15:00, 15:30 to 16:30, Thursday during 9:00 to 9:30, 10:00 to 11:30, 12:00 to 15:30, 16:00 to 17:00; \n\nLaura can not meet on Monday. Tuesday. Find a time that works for everyone's schedule and constraints. \nSOLUTION: ""}",False,4724.0,1330.0,9.998227596282959,0.0010044,react
calendar_scheduling_example_315,**exception raised**: Exceeded maximum retries (2) for output validation,"{'num_people': '6', 'num_days': '1', 'duration': '0.5', 'prompt_5shot': ""You are an expert at scheduling meetings. You are given a few constraints on the existing schedule of each participant, the meeting duration, and possibly some preferences on the meeting time. Note there exists a solution that works with existing schedule of every participant. Here are a few example tasks and solutions:\n\nTASK: You need to schedule a meeting for Gabriel, Brandon, Janet, Maria, Joshua and Victoria for half an hour between the work hours of 9:00 to 17:00 on Monday. \n\nHere are the existing schedules for everyone during the day: \nGabrielhas no meetings the whole day.\nBrandon's calendar is wide open the entire day.\nJanet is busy on Monday during 9:30 to 10:00, 13:00 to 13:30; \nMaria has meetings on Monday during 10:00 to 12:00, 13:30 to 14:00, 14:30 to 15:00, 16:00 to 17:00; \nJoshua has meetings on Monday during 9:30 to 10:00, 10:30 to 11:30, 12:30 to 14:00, 14:30 to 15:30; \nVictoria has blocked their calendar on Monday during 9:30 to 10:30, 12:00 to 13:30, 14:30 to 15:00, 15:30 to 16:30; \n\nMaria would like to avoid more meetings on Monday after 14:00. Find a time that works for everyone's schedule and constraints. \nSOLUTION: Here is the proposed time: Monday, 9:00 - 9:30 \n\nTASK: You need to schedule a meeting for Jeffrey, Samantha, Abigail, Amanda, Jordan and Samuel for half an hour between the work hours of 9:00 to 17:00 on Monday. \n\nHere are the existing schedules for everyone during the day: \nJeffrey has meetings on Monday during 10:00 to 11:00, 12:00 to 14:00; \nSamantha is busy on Monday during 9:30 to 10:00, 13:00 to 13:30, 14:00 to 14:30, 15:00 to 15:30, 16:00 to 17:00; \nAbigail has blocked their calendar on Monday during 9:00 to 10:00, 11:30 to 12:00, 16:00 to 16:30; \nAmanda has blocked their calendar on Monday during 9:30 to 15:30, 16:00 to 17:00; \nJordan has meetings on Monday during 9:30 to 10:00, 11:00 to 14:00, 14:30 to 15:30, 16:30 to 17:00; \nSamuel is busy on Monday during 9:00 to 9:30, 10:00 to 13:30, 14:30 to 15:30, 16:00 to 17:00; \n\nFind a time that works for everyone's schedule and constraints. \nSOLUTION: Here is the proposed time: Monday, 15:30 - 16:00 \n\nTASK: You need to schedule a meeting for Janice, Melissa, Helen, Kelly, Catherine and Jordan for half an hour between the work hours of 9:00 to 17:00 on Monday. \n\nHere are the existing schedules for everyone during the day: \nJanice has blocked their calendar on Monday during 10:30 to 11:00, 11:30 to 12:00, 13:00 to 13:30, 14:30 to 15:00, 15:30 to 16:00, 16:30 to 17:00; \nMelissahas no meetings the whole day.\nHelen is busy on Monday during 9:30 to 10:00, 11:30 to 12:00, 15:30 to 16:00, 16:30 to 17:00; \nKelly is busy on Monday during 9:00 to 9:30, 10:00 to 11:00, 11:30 to 17:00; \nCatherine is busy on Monday during 9:00 to 9:30, 10:00 to 10:30, 11:30 to 14:00, 15:30 to 16:00; \nJordan has meetings on Monday during 9:00 to 11:00, 11:30 to 15:00, 15:30 to 17:00; \n\nFind a time that works for everyone's schedule and constraints. \nSOLUTION: Here is the proposed time: Monday, 11:00 - 11:30 \n\nTASK: You need to schedule a meeting for Maria, Joshua, Julia, Gloria, Amy and Judith for half an hour between the work hours of 9:00 to 17:00 on Monday. \n\nHere are the existing schedules for everyone during the day: \nMaria is busy on Monday during 9:30 to 10:00, 10:30 to 11:00, 14:30 to 15:00, 16:30 to 17:00; \nJoshua is busy on Monday during 9:30 to 10:00, 11:00 to 11:30; \nJulia has meetings on Monday during 9:30 to 10:00, 10:30 to 11:00, 11:30 to 12:00, 14:30 to 15:30, 16:00 to 16:30; \nGloria has meetings on Monday during 11:00 to 12:00, 12:30 to 14:00, 14:30 to 17:00; \nAmy has meetings on Monday during 10:30 to 11:00, 11:30 to 12:30, 13:00 to 15:00, 16:30 to 17:00; \nJudith is busy on Monday during 9:30 to 11:00, 11:30 to 12:00, 13:00 to 14:30, 15:00 to 15:30, 16:00 to 17:00; \n\nFind a time that works for everyone's schedule and constraints. \nSOLUTION: Here is the proposed time: Monday, 9:00 - 9:30 \n\nTASK: You need to schedule a meeting for Kimberly, Adam, Terry, Judy, Scott and Elijah for half an hour between the work hours of 9:00 to 17:00 on Monday. \n\nHere are the existing schedules for everyone during the day: \nKimberly has meetings on Monday during 10:00 to 10:30, 15:00 to 15:30; \nAdam has meetings on Monday during 11:30 to 12:00, 12:30 to 13:00; \nTerry has meetings on Monday during 11:30 to 12:30; \nJudy is busy on Monday during 9:00 to 11:00, 12:00 to 13:30, 15:30 to 16:00; \nScott has meetings on Monday during 9:30 to 10:00, 11:00 to 12:00, 12:30 to 13:30, 14:00 to 14:30, 15:00 to 15:30, 16:00 to 16:30; \nElijah has meetings on Monday during 11:00 to 13:30, 14:00 to 16:00, 16:30 to 17:00; \n\nFind a time that works for everyone's schedule and constraints. \nSOLUTION: Here is the proposed time: Monday, 13:30 - 14:00 \n\nTASK: You need to schedule a meeting for Gloria, Roy, Kimberly, Robert, Jesse and Sophia for half an hour between the work hours of 9:00 to 17:00 on Monday. \n\nHere are the existing schedules for everyone during the day: \nGloria is free the entire day.\nRoy has blocked their calendar on Monday during 9:00 to 10:00; \nKimberly is busy on Monday during 9:00 to 9:30, 11:00 to 12:00, 16:30 to 17:00; \nRobert has blocked their calendar on Monday during 9:00 to 9:30, 10:00 to 11:00, 13:00 to 13:30, 14:00 to 15:00, 15:30 to 16:00, 16:30 to 17:00; \nJesse is busy on Monday during 9:00 to 9:30, 10:00 to 11:00, 11:30 to 12:30, 13:00 to 14:00, 14:30 to 15:00; \nSophia has meetings on Monday during 9:00 to 12:00, 13:00 to 17:00; \n\nFind a time that works for everyone's schedule and constraints. \nSOLUTION: "", 'golden_plan': 'Here is the proposed time: Monday, 12:30 - 13:00 ', 'pred_5shot_pro': 'Here is the proposed time: Monday, 12:30 - 13:00 \n', 'prompt_0shot': ""You are an expert at scheduling meetings. You are given a few constraints on the existing schedule of each participant, the meeting duration, and possibly some preferences on the meeting time. Note there exists a solution that works with existing schedule of every participant. Here are a few example tasks and solutions:\n\nTASK: You need to schedule a meeting for Gloria, Roy, Kimberly, Robert, Jesse and Sophia for half an hour between the work hours of 9:00 to 17:00 on Monday. \n\nHere are the existing schedules for everyone during the day: \nGloria is free the entire day.\nRoy has blocked their calendar on Monday during 9:00 to 10:00; \nKimberly is busy on Monday during 9:00 to 9:30, 11:00 to 12:00, 16:30 to 17:00; \nRobert has blocked their calendar on Monday during 9:00 to 9:30, 10:00 to 11:00, 13:00 to 13:30, 14:00 to 15:00, 15:30 to 16:00, 16:30 to 17:00; \nJesse is busy on Monday during 9:00 to 9:30, 10:00 to 11:00, 11:30 to 12:30, 13:00 to 14:00, 14:30 to 15:00; \nSophia has meetings on Monday during 9:00 to 12:00, 13:00 to 17:00; \n\nFind a time that works for everyone's schedule and constraints. \nSOLUTION: ""}",False,,,,,react
calendar_scheduling_example_274,"Here is the proposed time: Monday, 15:00 - 15:30
","{'num_people': '5', 'num_days': '1', 'duration': '0.5', 'prompt_5shot': ""You are an expert at scheduling meetings. You are given a few constraints on the existing schedule of each participant, the meeting duration, and possibly some preferences on the meeting time. Note there exists a solution that works with existing schedule of every participant. Here are a few example tasks and solutions:\n\nTASK: You need to schedule a meeting for George, Steven, Aaron, Patrick and Cynthia for half an hour between the work hours of 9:00 to 17:00 on Monday. \n\nHere are the existing schedules for everyone during the day: \nGeorgehas no meetings the whole day.\nSteven is free the entire day.\nAaron has blocked their calendar on Monday during 9:00 to 10:00, 11:30 to 12:00, 15:30 to 17:00; \nPatrick has blocked their calendar on Monday during 9:00 to 9:30, 10:00 to 11:00, 11:30 to 12:00, 12:30 to 14:00, 15:00 to 15:30; \nCynthia is busy on Monday during 9:00 to 9:30, 10:30 to 11:30, 12:30 to 14:30, 15:00 to 16:30; \n\nAaron can not meet on Monday after 12:30. Find a time that works for everyone's schedule and constraints. \nSOLUTION: Here is the proposed time: Monday, 12:00 - 12:30 \n\nTASK: You need to schedule a meeting for Elizabeth, Eugene, Nancy, Justin and Roy for half an hour between the work hours of 9:00 to 17:00 on Monday. \n\nHere are the existing schedules for everyone during the day: \nElizabeth's calendar is wide open the entire day.\nEugene has blocked their calendar on Monday during 12:00 to 12:30, 13:30 to 14:00, 15:00 to 16:00; \nNancy has meetings on Monday during 10:30 to 11:00, 12:00 to 13:00, 14:00 to 14:30, 15:00 to 16:00; \nJustin has meetings on Monday during 9:30 to 10:00, 10:30 to 11:30, 12:00 to 12:30, 13:00 to 13:30, 14:30 to 17:00; \nRoy is busy on Monday during 10:00 to 11:00, 11:30 to 12:30, 13:30 to 14:00, 14:30 to 16:00; \n\nFind a time that works for everyone's schedule and constraints. \nSOLUTION: Here is the proposed time: Monday, 9:00 - 9:30 \n\nTASK: You need to schedule a meeting for Mason, Linda, Barbara, Roger and Lisa for half an hour between the work hours of 9:00 to 17:00 on Monday. \n\nHere are the existing schedules for everyone during the day: \nMasonhas no meetings the whole day.\nLinda is busy on Monday during 9:30 to 11:00, 12:00 to 12:30, 13:00 to 13:30, 16:30 to 17:00; \nBarbara has blocked their calendar on Monday during 9:00 to 9:30, 12:00 to 13:00, 15:30 to 16:00; \nRoger has meetings on Monday during 9:00 to 9:30, 13:00 to 14:30, 15:00 to 17:00; \nLisa has blocked their calendar on Monday during 9:00 to 10:00, 10:30 to 11:30, 12:00 to 12:30, 13:00 to 14:30, 15:00 to 17:00; \n\nMason would rather not meet on Monday after 13:30. Find a time that works for everyone's schedule and constraints. \nSOLUTION: Here is the proposed time: Monday, 11:30 - 12:00 \n\nTASK: You need to schedule a meeting for Thomas, Olivia, Doris, Amber and Ronald for half an hour between the work hours of 9:00 to 17:00 on Monday. \n\nHere are the existing schedules for everyone during the day: \nThomas has meetings on Monday during 12:00 to 12:30, 16:30 to 17:00; \nOlivia has blocked their calendar on Monday during 10:30 to 11:30, 13:00 to 14:00, 16:00 to 17:00; \nDoris is busy on Monday during 13:30 to 14:00, 16:30 to 17:00; \nAmber is busy on Monday during 10:00 to 10:30, 12:00 to 13:00, 14:00 to 15:00, 15:30 to 17:00; \nRonald has meetings on Monday during 9:30 to 11:30, 12:00 to 13:00, 13:30 to 14:00, 15:00 to 15:30; \n\nRonald would rather not meet on Monday before 11:30. Find a time that works for everyone's schedule and constraints. \nSOLUTION: Here is the proposed time: Monday, 11:30 - 12:00 \n\nTASK: You need to schedule a meeting for Patrick, Kathleen, Frank, Patricia and Carolyn for half an hour between the work hours of 9:00 to 17:00 on Monday. \n\nHere are the existing schedules for everyone during the day: \nPatrick is free the entire day.\nKathleen has meetings on Monday during 9:30 to 10:00, 15:00 to 15:30; \nFrank has blocked their calendar on Monday during 11:00 to 11:30, 15:30 to 17:00; \nPatricia is busy on Monday during 9:00 to 12:00, 14:30 to 15:00, 16:00 to 16:30; \nCarolyn has meetings on Monday during 9:00 to 9:30, 11:00 to 12:30, 13:00 to 17:00; \n\nFind a time that works for everyone's schedule and constraints. \nSOLUTION: Here is the proposed time: Monday, 12:30 - 13:00 \n\nTASK: You need to schedule a meeting for Kevin, Joyce, Kathryn, Bruce and Ronald for half an hour between the work hours of 9:00 to 17:00 on Monday. \n\nHere are the existing schedules for everyone during the day: \nKevin is busy on Monday during 11:30 to 12:00, 14:00 to 14:30, 16:00 to 17:00; \nJoyce is free the entire day.\nKathryn has meetings on Monday during 9:00 to 9:30, 11:30 to 12:00; \nBruce is busy on Monday during 9:00 to 10:30, 11:00 to 13:30, 14:00 to 17:00; \nRonald is busy on Monday during 9:30 to 11:00, 11:30 to 13:30, 14:30 to 15:00, 15:30 to 16:00, 16:30 to 17:00; \n\nFind a time that works for everyone's schedule and constraints. \nSOLUTION: "", 'golden_plan': 'Here is the proposed time: Monday, 13:30 - 14:00 ', 'pred_5shot_pro': ""Here is the proposed time: **Monday, 10:30 - 11:00** \n\nLet's break down why this works:\n\n* **Kevin:** Free during this time.\n* **Joyce:** Free all day.\n* **Kathryn:** Free after 9:30.\n* **Bruce:** Has a long block from 11:00 to 13:30, but 10:30-11:00 is open.\n* **Ronald:** Free between 11:00 and 11:30. \n"", 'prompt_0shot': ""You are an expert at scheduling meetings. You are given a few constraints on the existing schedule of each participant, the meeting duration, and possibly some preferences on the meeting time. Note there exists a solution that works with existing schedule of every participant. Here are a few example tasks and solutions:\n\nTASK: You need to schedule a meeting for Kevin, Joyce, Kathryn, Bruce and Ronald for half an hour between the work hours of 9:00 to 17:00 on Monday. \n\nHere are the existing schedules for everyone during the day: \nKevin is busy on Monday during 11:30 to 12:00, 14:00 to 14:30, 16:00 to 17:00; \nJoyce is free the entire day.\nKathryn has meetings on Monday during 9:00 to 9:30, 11:30 to 12:00; \nBruce is busy on Monday during 9:00 to 10:30, 11:00 to 13:30, 14:00 to 17:00; \nRonald is busy on Monday during 9:30 to 11:00, 11:30 to 13:30, 14:30 to 15:00, 15:30 to 16:00, 16:30 to 17:00; \n\nFind a time that works for everyone's schedule and constraints. \nSOLUTION: ""}",False,1378.0,21.0,0.4942464828491211,0.00014619999999999998,react
calendar_scheduling_example_444,"Here is the proposed time: Monday, 10:30 - 11:00","{'num_people': '7', 'num_days': '1', 'duration': '0.5', 'prompt_5shot': ""You are an expert at scheduling meetings. You are given a few constraints on the existing schedule of each participant, the meeting duration, and possibly some preferences on the meeting time. Note there exists a solution that works with existing schedule of every participant. Here are a few example tasks and solutions:\n\nTASK: You need to schedule a meeting for Dennis, Karen, Ashley, Rebecca, Bradley, Vincent and Bryan for half an hour between the work hours of 9:00 to 17:00 on Monday. \n\nHere are the existing schedules for everyone during the day: \nDennis has blocked their calendar on Monday during 15:30 to 16:00, 16:30 to 17:00; \nKaren is free the entire day.\nAshley is busy on Monday during 10:30 to 11:00, 14:00 to 15:00, 15:30 to 16:00; \nRebecca has meetings on Monday during 13:00 to 14:00; \nBradley has blocked their calendar on Monday during 9:00 to 11:00, 12:00 to 17:00; \nVincent has blocked their calendar on Monday during 10:00 to 11:30, 12:00 to 14:00, 14:30 to 15:00; \nBryan has blocked their calendar on Monday during 9:00 to 10:00, 10:30 to 11:30, 12:00 to 12:30, 14:00 to 15:00, 15:30 to 16:00; \n\nFind a time that works for everyone's schedule and constraints. \nSOLUTION: Here is the proposed time: Monday, 11:30 - 12:00 \n\nTASK: You need to schedule a meeting for Jerry, Abigail, Charlotte, Jessica, Sarah, Carol and Joan for half an hour between the work hours of 9:00 to 17:00 on Monday. \n\nHere are the existing schedules for everyone during the day: \nJerry is busy on Monday during 10:30 to 11:00, 11:30 to 12:00, 13:00 to 13:30, 14:30 to 15:00; \nAbigail is busy on Monday during 9:00 to 9:30, 11:00 to 11:30, 13:00 to 13:30, 14:30 to 15:00, 15:30 to 16:30; \nCharlotte has meetings on Monday during 12:00 to 12:30, 15:00 to 15:30, 16:00 to 17:00; \nJessica's calendar is wide open the entire day.\nSarah is busy on Monday during 10:30 to 11:30, 13:00 to 13:30, 14:30 to 17:00; \nCarol has meetings on Monday during 9:00 to 10:00, 10:30 to 15:30, 16:00 to 17:00; \nJoan has blocked their calendar on Monday during 10:30 to 13:00, 13:30 to 14:00, 15:00 to 17:00; \n\nFind a time that works for everyone's schedule and constraints. \nSOLUTION: Here is the proposed time: Monday, 10:00 - 10:30 \n\nTASK: You need to schedule a meeting for Martha, Julia, Zachary, Joseph, Joshua, Arthur and Frances for half an hour between the work hours of 9:00 to 17:00 on Monday. \n\nHere are the existing schedules for everyone during the day: \nMarthahas no meetings the whole day.\nJulia has blocked their calendar on Monday during 11:00 to 11:30, 12:30 to 13:00, 13:30 to 14:00, 16:30 to 17:00; \nZachary has blocked their calendar on Monday during 13:30 to 14:00, 15:00 to 15:30; \nJoseph has blocked their calendar on Monday during 9:00 to 9:30, 10:00 to 10:30, 12:00 to 13:00, 14:30 to 15:30; \nJoshua has blocked their calendar on Monday during 9:00 to 9:30, 10:00 to 10:30, 11:30 to 12:30, 13:00 to 14:00, 15:30 to 16:30; \nArthur has meetings on Monday during 9:00 to 9:30, 11:00 to 12:00, 13:00 to 14:30, 16:00 to 17:00; \nFrances has meetings on Monday during 10:30 to 13:30, 15:00 to 15:30, 16:00 to 16:30; \n\nFind a time that works for everyone's schedule and constraints. \nSOLUTION: Here is the proposed time: Monday, 9:30 - 10:00 \n\nTASK: You need to schedule a meeting for Angela, Timothy, Julie, Emma, Madison, Daniel and Kimberly for half an hour between the work hours of 9:00 to 17:00 on Monday. \n\nHere are the existing schedules for everyone during the day: \nAngela has meetings on Monday during 10:30 to 11:00, 14:30 to 15:00; \nTimothy is free the entire day.\nJulie is busy on Monday during 14:00 to 14:30, 15:00 to 15:30; \nEmma has meetings on Monday during 12:30 to 13:30; \nMadison has meetings on Monday during 9:30 to 10:30, 11:30 to 12:30, 13:30 to 14:00, 14:30 to 15:00, 15:30 to 16:30; \nDaniel is busy on Monday during 10:00 to 14:00, 14:30 to 15:30, 16:00 to 17:00; \nKimberly has meetings on Monday during 10:00 to 10:30, 11:00 to 14:00, 14:30 to 17:00; \n\nFind a time that works for everyone's schedule and constraints. \nSOLUTION: Here is the proposed time: Monday, 9:00 - 9:30 \n\nTASK: You need to schedule a meeting for William, Ronald, Elizabeth, Justin, Gregory, Philip and Evelyn for half an hour between the work hours of 9:00 to 17:00 on Monday. \n\nHere are the existing schedules for everyone during the day: \nWilliam is busy on Monday during 10:00 to 10:30, 12:30 to 13:00, 16:00 to 17:00; \nRonaldhas no meetings the whole day.\nElizabeth is busy on Monday during 9:00 to 10:00, 12:30 to 13:00, 14:30 to 15:00; \nJustin is busy on Monday during 12:00 to 12:30, 14:00 to 14:30; \nGregory has blocked their calendar on Monday during 10:00 to 10:30, 12:00 to 13:30, 14:00 to 15:00, 15:30 to 16:30; \nPhilip has blocked their calendar on Monday during 9:00 to 11:00, 12:30 to 13:30, 15:00 to 15:30, 16:00 to 16:30; \nEvelyn has blocked their calendar on Monday during 9:00 to 11:00, 11:30 to 13:30, 14:00 to 17:00; \n\nJustin do not want to meet on Monday after 13:30. Find a time that works for everyone's schedule and constraints. \nSOLUTION: Here is the proposed time: Monday, 11:00 - 11:30 \n\nTASK: You need to schedule a meeting for Abigail, Roy, Brian, Deborah, Eric, Susan and Joyce for half an hour between the work hours of 9:00 to 17:00 on Monday. \n\nHere are the existing schedules for everyone during the day: \nAbigail has meetings on Monday during 12:00 to 12:30, 14:30 to 15:00; \nRoy has meetings on Monday during 9:30 to 10:30, 13:30 to 14:00, 16:30 to 17:00; \nBrianhas no meetings the whole day.\nDeborah has meetings on Monday during 12:00 to 13:00, 14:00 to 14:30, 15:30 to 16:00; \nEric is busy on Monday during 9:30 to 10:00, 11:30 to 12:00, 12:30 to 13:00, 14:00 to 16:00, 16:30 to 17:00; \nSusan has blocked their calendar on Monday during 9:00 to 10:00, 10:30 to 12:00, 12:30 to 14:30, 15:00 to 16:00, 16:30 to 17:00; \nJoyce is busy on Monday during 9:30 to 10:00, 10:30 to 12:30, 14:00 to 15:00, 16:30 to 17:00; \n\nFind a time that works for everyone's schedule and constraints. \nSOLUTION: "", 'golden_plan': 'Here is the proposed time: Monday, 16:00 - 16:30 ', 'pred_5shot_pro': 'SOLUTION: Here is the proposed time: Monday, 10:00 - 10:30 \n', 'prompt_0shot': ""You are an expert at scheduling meetings. You are given a few constraints on the existing schedule of each participant, the meeting duration, and possibly some preferences on the meeting time. Note there exists a solution that works with existing schedule of every participant. Here are a few example tasks and solutions:\n\nTASK: You need to schedule a meeting for Abigail, Roy, Brian, Deborah, Eric, Susan and Joyce for half an hour between the work hours of 9:00 to 17:00 on Monday. \n\nHere are the existing schedules for everyone during the day: \nAbigail has meetings on Monday during 12:00 to 12:30, 14:30 to 15:00; \nRoy has meetings on Monday during 9:30 to 10:30, 13:30 to 14:00, 16:30 to 17:00; \nBrianhas no meetings the whole day.\nDeborah has meetings on Monday during 12:00 to 13:00, 14:00 to 14:30, 15:30 to 16:00; \nEric is busy on Monday during 9:30 to 10:00, 11:30 to 12:00, 12:30 to 13:00, 14:00 to 16:00, 16:30 to 17:00; \nSusan has blocked their calendar on Monday during 9:00 to 10:00, 10:30 to 12:00, 12:30 to 14:30, 15:00 to 16:00, 16:30 to 17:00; \nJoyce is busy on Monday during 9:30 to 10:00, 10:30 to 12:30, 14:00 to 15:00, 16:30 to 17:00; \n\nFind a time that works for everyone's schedule and constraints. \nSOLUTION: ""}",False,1527.0,21.0,0.4918556213378906,0.00016109999999999999,react
calendar_scheduling_example_808,**exception raised**: Exceeded maximum retries (2) for output validation,"{'num_people': '2', 'num_days': '4', 'duration': '0.5', 'prompt_5shot': ""You are an expert at scheduling meetings. You are given a few constraints on the existing schedule of each participant, the meeting duration, and possibly some preferences on the meeting time. Note there exists a solution that works with existing schedule of every participant. Here are a few example tasks and solutions:\n\nTASK: You need to schedule a meeting for Diane and Austin for half an hour between the work hours of 9:00 to 17:00 on either Monday, Tuesday, Wednesday or Thursday. \n\nHere are the existing schedules for everyone during the days: \nDiane has meetings on Monday during 9:00 to 9:30, 11:00 to 11:30, 13:30 to 14:00, Tuesday during 11:30 to 12:00, 16:30 to 17:00, Wednesday during 12:30 to 13:00, 14:00 to 14:30, Thursday during 9:30 to 10:00, 14:30 to 15:00, 15:30 to 16:00; \nAustin is busy on Monday during 9:00 to 10:00, 10:30 to 17:00, Tuesday during 9:00 to 17:00, Wednesday during 9:00 to 10:00, 11:00 to 16:00, Thursday during 9:00 to 12:00, 12:30 to 17:00; \n\nDiane would rather not meet on Thursday. Austin do not want to meet on Wednesday. Find a time that works for everyone's schedule and constraints. \nSOLUTION: Here is the proposed time: Monday, 10:00 - 10:30 \n\nTASK: You need to schedule a meeting for Henry and Patricia for half an hour between the work hours of 9:00 to 17:00 on either Monday, Tuesday, Wednesday or Thursday. \n\nHere are the existing schedules for everyone during the days: \nHenry is free the entire week.\nPatricia has blocked their calendar on Monday during 10:30 to 11:00, 11:30 to 13:30, 14:30 to 15:00, 15:30 to 16:00, Tuesday during 9:00 to 11:00, 11:30 to 12:00, 12:30 to 13:00, 15:00 to 15:30, 16:00 to 17:00, Wednesday during 9:00 to 11:30, 12:30 to 14:00, 16:00 to 16:30, Thursday during 10:00 to 10:30, 11:00 to 12:30, 14:00 to 15:00, 16:30 to 17:00; \n\nHenry can not meet on Monday. Wednesday. Thursday. Patricia would rather not meet on Tuesday after 12:30. Find a time that works for everyone's schedule and constraints. \nSOLUTION: Here is the proposed time: Tuesday, 12:00 - 12:30 \n\nTASK: You need to schedule a meeting for Charles and Walter for half an hour between the work hours of 9:00 to 17:00 on either Monday, Tuesday, Wednesday or Thursday. \n\nHere are the existing schedules for everyone during the days: \nCharles is busy on Monday during 9:00 to 11:00, 13:00 to 13:30, 16:00 to 16:30, Tuesday during 10:00 to 10:30, 11:30 to 12:00, 12:30 to 14:00, Wednesday during 9:30 to 10:30, 12:00 to 12:30, 13:00 to 14:00, 14:30 to 16:00, 16:30 to 17:00, Thursday during 10:00 to 12:00, 14:30 to 15:30, 16:00 to 17:00; \nWalter has meetings on Monday during 10:00 to 14:00, 14:30 to 15:00, 15:30 to 16:30, Tuesday during 9:00 to 10:00, 10:30 to 13:30, 14:00 to 15:30, 16:00 to 17:00, Wednesday during 10:30 to 11:00, 12:00 to 14:00, 15:30 to 16:00, Thursday during 9:00 to 15:00, 15:30 to 16:00, 16:30 to 17:00; \n\nCharles do not want to meet on Tuesday. Walter can not meet on Monday after 16:30. Wednesday. Find a time that works for everyone's schedule and constraints. \nSOLUTION: Here is the proposed time: Monday, 15:00 - 15:30 \n\nTASK: You need to schedule a meeting for Bryan and Abigail for half an hour between the work hours of 9:00 to 17:00 on either Monday, Tuesday, Wednesday or Thursday. \n\nHere are the existing schedules for everyone during the days: \nBryan is busy on Monday during 9:00 to 10:30, 11:30 to 12:00, 12:30 to 13:30, 15:00 to 15:30, 16:30 to 17:00, Tuesday during 10:30 to 11:00, 13:30 to 14:00, 16:30 to 17:00, Wednesday during 9:30 to 10:00, 12:00 to 13:00, Thursday during 10:30 to 11:00, 11:30 to 13:00, 13:30 to 14:00, 16:30 to 17:00; \nAbigail has meetings on Monday during 9:00 to 9:30, 10:00 to 10:30, 11:00 to 11:30, 12:30 to 13:00, 13:30 to 14:00, 14:30 to 15:00, 15:30 to 17:00, Tuesday during 9:30 to 14:00, 15:00 to 15:30, 16:00 to 16:30, Wednesday during 9:00 to 12:00, 12:30 to 13:00, 13:30 to 14:30, 15:00 to 15:30, 16:00 to 17:00, Thursday during 9:00 to 9:30, 10:00 to 13:30, 14:00 to 17:00; \n\nBryan can not meet on Tuesday. Abigail would like to avoid more meetings on Monday. Wednesday after 13:30. Thursday. Find a time that works for everyone's schedule and constraints. \nSOLUTION: Here is the proposed time: Wednesday, 13:00 - 13:30 \n\nTASK: You need to schedule a meeting for Nicole and Ronald for one hour between the work hours of 9:00 to 17:00 on either Monday, Tuesday, Wednesday or Thursday. \n\nHere are the existing schedules for everyone during the days: \nNicole is busy on Monday during 10:00 to 10:30, 11:30 to 12:00, 13:00 to 13:30, 14:00 to 14:30, 15:00 to 15:30, 16:30 to 17:00, Tuesday during 9:00 to 9:30, 10:30 to 11:30, 12:30 to 13:30, 14:00 to 15:30, 16:00 to 17:00, Wednesday during 9:00 to 9:30, 10:30 to 11:00, 12:30 to 13:30, 16:00 to 16:30, Thursday during 9:00 to 9:30, 11:00 to 12:30, 13:30 to 14:30, 16:30 to 17:00; \nRonald has blocked their calendar on Monday during 9:00 to 15:30, 16:30 to 17:00, Tuesday during 9:00 to 10:00, 11:00 to 11:30, 16:30 to 17:00, Wednesday during 9:00 to 12:00, 13:00 to 13:30, 14:00 to 14:30, 15:00 to 15:30, 16:00 to 17:00, Thursday during 9:00 to 9:30, 11:00 to 12:30, 13:00 to 14:30, 15:00 to 16:00; \n\nThe group would like to meet at their earlist availability.\nFind a time that works for everyone's schedule and constraints. \nSOLUTION: Here is the proposed time: Monday, 15:30 - 16:30 \n\nTASK: You need to schedule a meeting for Michelle and Laura for half an hour between the work hours of 9:00 to 17:00 on either Monday, Tuesday, Wednesday or Thursday. \n\nHere are the existing schedules for everyone during the days: \nMichelle has meetings on Monday during 13:30 to 14:00, 14:30 to 15:00, Tuesday during 10:30 to 12:00, 12:30 to 13:00, 14:30 to 15:30, 16:30 to 17:00, Wednesday during 9:30 to 10:00, 14:00 to 14:30, 16:00 to 16:30, Thursday during 10:00 to 10:30, 11:00 to 12:00, 13:00 to 13:30, 15:00 to 15:30, 16:30 to 17:00; \nLaura is busy on Monday during 9:30 to 10:00, 10:30 to 13:00, 14:30 to 15:30, 16:00 to 16:30, Tuesday during 9:00 to 10:30, 11:00 to 12:00, 12:30 to 14:30, 15:30 to 17:00, Wednesday during 9:00 to 11:30, 12:00 to 13:30, 14:30 to 15:30, 16:00 to 17:00, Thursday during 9:00 to 12:30, 13:00 to 17:00; \n\nMichelle would like to avoid more meetings on Tuesday. Thursday. Laura do not want to meet on Monday after 14:30. Wednesday. Find a time that works for everyone's schedule and constraints. \nSOLUTION: "", 'golden_plan': 'Here is the proposed time: Monday, 14:00 - 14:30 ', 'pred_5shot_pro': 'Here is the proposed time: Monday, 13:00 - 13:30 \n', 'prompt_0shot': ""You are an expert at scheduling meetings. You are given a few constraints on the existing schedule of each participant, the meeting duration, and possibly some preferences on the meeting time. Note there exists a solution that works with existing schedule of every participant. Here are a few example tasks and solutions:\n\nTASK: You need to schedule a meeting for Michelle and Laura for half an hour between the work hours of 9:00 to 17:00 on either Monday, Tuesday, Wednesday or Thursday. \n\nHere are the existing schedules for everyone during the days: \nMichelle has meetings on Monday during 13:30 to 14:00, 14:30 to 15:00, Tuesday during 10:30 to 12:00, 12:30 to 13:00, 14:30 to 15:30, 16:30 to 17:00, Wednesday during 9:30 to 10:00, 14:00 to 14:30, 16:00 to 16:30, Thursday during 10:00 to 10:30, 11:00 to 12:00, 13:00 to 13:30, 15:00 to 15:30, 16:30 to 17:00; \nLaura is busy on Monday during 9:30 to 10:00, 10:30 to 13:00, 14:30 to 15:30, 16:00 to 16:30, Tuesday during 9:00 to 10:30, 11:00 to 12:00, 12:30 to 14:30, 15:30 to 17:00, Wednesday during 9:00 to 11:30, 12:00 to 13:30, 14:30 to 15:30, 16:00 to 17:00, Thursday during 9:00 to 12:30, 13:00 to 17:00; \n\nMichelle would like to avoid more meetings on Tuesday. Thursday. Laura do not want to meet on Monday after 14:30. Wednesday. Find a time that works for everyone's schedule and constraints. \nSOLUTION: ""}",False,,,,,react
calendar_scheduling_example_919,**exception raised**: Exceeded maximum retries (2) for output validation,"{'num_people': '2', 'num_days': '5', 'duration': '0.5', 'prompt_5shot': ""You are an expert at scheduling meetings. You are given a few constraints on the existing schedule of each participant, the meeting duration, and possibly some preferences on the meeting time. Note there exists a solution that works with existing schedule of every participant. Here are a few example tasks and solutions:\n\nTASK: You need to schedule a meeting for David and Dorothy for half an hour between the work hours of 9:00 to 17:00 on either Monday, Tuesday, Wednesday, Thursday or Friday. \n\nHere are the existing schedules for everyone during the days: \nDavid is busy on Monday during 9:30 to 10:00, 10:30 to 11:30, 12:30 to 13:30, 14:30 to 15:30, Tuesday during 11:30 to 12:00, 15:00 to 15:30, 16:00 to 16:30, Wednesday during 9:30 to 10:30, 11:00 to 11:30, 14:00 to 14:30, 15:00 to 15:30, Thursday during 10:00 to 11:30, 12:00 to 14:30, 15:00 to 16:00, 16:30 to 17:00, Friday during 9:00 to 9:30, 16:00 to 16:30; \nDorothy has blocked their calendar on Monday during 9:00 to 11:30, 12:30 to 13:00, 13:30 to 17:00, Tuesday during 10:00 to 10:30, 11:00 to 11:30, 13:00 to 14:00, 14:30 to 16:00, 16:30 to 17:00, Wednesday during 9:00 to 13:00, 13:30 to 17:00, Thursday during 9:00 to 10:30, 11:00 to 12:30, 14:00 to 14:30, 15:00 to 16:30, Friday during 10:00 to 11:00, 12:00 to 12:30, 14:30 to 17:00; \n\nDavid do not want to meet on Thursday. Dorothy would like to avoid more meetings on Monday. Friday. The group would like to meet at their earlist availability.\nFind a time that works for everyone's schedule and constraints. \nSOLUTION: Here is the proposed time: Tuesday, 9:00 - 9:30 \n\nTASK: You need to schedule a meeting for Elizabeth and Vincent for half an hour between the work hours of 9:00 to 17:00 on either Monday, Tuesday, Wednesday, Thursday or Friday. \n\nHere are the existing schedules for everyone during the days: \nElizabeth is busy on Monday during 9:30 to 10:00, 10:30 to 14:00, 14:30 to 15:00, 16:00 to 16:30, Tuesday during 12:00 to 13:00, Wednesday during 10:00 to 10:30, 11:00 to 11:30, 12:00 to 12:30, 14:30 to 16:00, Thursday during 10:00 to 11:00, 11:30 to 12:30, 15:00 to 15:30, Friday during 9:30 to 10:30, 11:30 to 12:00, 12:30 to 13:00, 14:30 to 16:00; \nVincent has blocked their calendar on Monday during 9:00 to 12:00, 12:30 to 17:00, Tuesday during 9:00 to 11:00, 11:30 to 12:00, 12:30 to 15:00, 15:30 to 17:00, Wednesday during 9:00 to 15:30, 16:00 to 17:00, Thursday during 9:00 to 10:30, 11:00 to 13:00, 14:00 to 17:00, Friday during 9:00 to 17:00; \n\nYou would like to schedule the meeting at their earlist availability.\nFind a time that works for everyone's schedule and constraints. \nSOLUTION: Here is the proposed time: Tuesday, 11:00 - 11:30 \n\nTASK: You need to schedule a meeting for Bobby and Peter for half an hour between the work hours of 9:00 to 17:00 on either Monday, Tuesday, Wednesday, Thursday or Friday. \n\nHere are the existing schedules for everyone during the days: \nBobby is busy on Monday during 11:30 to 12:00, 13:00 to 13:30, 15:00 to 15:30, 16:00 to 16:30, Tuesday during 10:30 to 11:00, 12:30 to 13:30, 14:30 to 15:00, 16:30 to 17:00, Wednesday during 12:00 to 13:00, 15:00 to 15:30, Thursday during 10:00 to 10:30, 11:30 to 12:00, 13:30 to 14:00, Friday during 14:30 to 15:00; \nPeter is busy on Monday during 9:00 to 13:00, 13:30 to 17:00, Tuesday during 9:00 to 14:30, 15:30 to 17:00, Wednesday during 9:00 to 17:00, Thursday during 9:00 to 11:00, 11:30 to 12:30, 13:00 to 17:00, Friday during 9:00 to 12:30, 13:00 to 15:00, 15:30 to 16:30; \n\nBobby would like to avoid more meetings on Friday. Peter would rather not meet on Thursday. Find a time that works for everyone's schedule and constraints. \nSOLUTION: Here is the proposed time: Tuesday, 15:00 - 15:30 \n\nTASK: You need to schedule a meeting for Jacqueline and Joshua for one hour between the work hours of 9:00 to 17:00 on either Monday, Tuesday, Wednesday, Thursday or Friday. \n\nHere are the existing schedules for everyone during the days: \nJacqueline has blocked their calendar on Monday during 12:30 to 13:00, Wednesday during 9:30 to 10:00, 11:30 to 12:00, 13:00 to 14:00, 16:00 to 16:30, Thursday during 9:00 to 9:30, 11:30 to 12:00, 12:30 to 13:00, Friday during 10:00 to 11:30; \nJoshua has blocked their calendar on Monday during 9:30 to 10:00, 11:00 to 11:30, 12:00 to 12:30, 14:00 to 14:30, 16:00 to 17:00, Tuesday during 13:00 to 16:00, Wednesday during 9:00 to 13:00, 13:30 to 14:00, 14:30 to 15:30, 16:00 to 17:00, Thursday during 9:00 to 15:00, 15:30 to 17:00, Friday during 9:00 to 10:00, 11:00 to 12:00, 12:30 to 16:30; \n\nJoshua can not meet on Monday before 14:00. Tuesday. Find a time that works for everyone's schedule and constraints. \nSOLUTION: Here is the proposed time: Monday, 14:30 - 15:30 \n\nTASK: You need to schedule a meeting for Donald and Joshua for one hour between the work hours of 9:00 to 17:00 on either Monday, Tuesday, Wednesday, Thursday or Friday. \n\nHere are the existing schedules for everyone during the days: \nDonald has blocked their calendar on Monday during 9:00 to 9:30, 15:00 to 15:30, Tuesday during 10:00 to 11:00, 15:30 to 16:30, Wednesday during 10:00 to 10:30, 11:30 to 12:00, 15:00 to 15:30, Thursday during 9:00 to 9:30, 11:00 to 11:30, 12:30 to 13:00, Friday during 11:00 to 11:30, 14:30 to 15:00; \nJoshua has blocked their calendar on Monday during 9:00 to 11:30, 12:00 to 14:00, 14:30 to 15:00, 15:30 to 17:00, Tuesday during 9:00 to 12:30, 13:00 to 13:30, 14:00 to 16:30, Wednesday during 9:00 to 9:30, 10:30 to 11:00, 11:30 to 13:00, 13:30 to 14:00, 15:00 to 16:00, 16:30 to 17:00, Thursday during 9:00 to 16:30, Friday during 9:00 to 17:00; \n\nFind a time that works for everyone's schedule and constraints. \nSOLUTION: Here is the proposed time: Wednesday, 14:00 - 15:00 \n\nTASK: You need to schedule a meeting for Joshua and Vincent for half an hour between the work hours of 9:00 to 17:00 on either Monday, Tuesday, Wednesday, Thursday or Friday. \n\nHere are the existing schedules for everyone during the days: \nJoshua has meetings on Monday during 12:30 to 13:00, Tuesday during 13:00 to 13:30; \nVincent has blocked their calendar on Monday during 9:00 to 10:30, 11:00 to 12:00, 13:30 to 14:30, 15:30 to 16:00, Tuesday during 9:00 to 11:00, 11:30 to 12:00, 14:00 to 15:00, Wednesday during 9:30 to 10:00, 11:00 to 11:30, 12:00 to 13:00, 14:00 to 15:00, 15:30 to 16:00, Thursday during 9:00 to 10:30, 11:30 to 14:30, 16:30 to 17:00, Friday during 9:00 to 11:00, 12:00 to 12:30, 13:30 to 14:00, 14:30 to 16:30; \n\nJoshua can not meet on Thursday. The group would like to meet at their earlist availability.\nFind a time that works for everyone's schedule and constraints. \nSOLUTION: "", 'golden_plan': 'Here is the proposed time: Monday, 10:30 - 11:00 ', 'pred_5shot_pro': 'Here is the proposed time: Monday, 10:30 - 11:00 \n', 'prompt_0shot': ""You are an expert at scheduling meetings. You are given a few constraints on the existing schedule of each participant, the meeting duration, and possibly some preferences on the meeting time. Note there exists a solution that works with existing schedule of every participant. Here are a few example tasks and solutions:\n\nTASK: You need to schedule a meeting for Joshua and Vincent for half an hour between the work hours of 9:00 to 17:00 on either Monday, Tuesday, Wednesday, Thursday or Friday. \n\nHere are the existing schedules for everyone during the days: \nJoshua has meetings on Monday during 12:30 to 13:00, Tuesday during 13:00 to 13:30; \nVincent has blocked their calendar on Monday during 9:00 to 10:30, 11:00 to 12:00, 13:30 to 14:30, 15:30 to 16:00, Tuesday during 9:00 to 11:00, 11:30 to 12:00, 14:00 to 15:00, Wednesday during 9:30 to 10:00, 11:00 to 11:30, 12:00 to 13:00, 14:00 to 15:00, 15:30 to 16:00, Thursday during 9:00 to 10:30, 11:30 to 14:30, 16:30 to 17:00, Friday during 9:00 to 11:00, 12:00 to 12:30, 13:30 to 14:00, 14:30 to 16:30; \n\nJoshua can not meet on Thursday. The group would like to meet at their earlist availability.\nFind a time that works for everyone's schedule and constraints. \nSOLUTION: ""}",False,,,,,react
calendar_scheduling_example_998,"**exception raised**: status_code: 503, model_name: gemini/gemini-2.5-flash-lite, body: litellm.ServiceUnavailableError: GeminiException - {
  ""error"": {
    ""code"": 503,
    ""message"": ""This model is currently experiencing high demand. Spikes in demand are usually temporary. Please try again later."",
    ""status"": ""UNAVAILABLE""
  }
}
","{'num_people': '2', 'num_days': '5', 'duration': '0.5', 'prompt_5shot': ""You are an expert at scheduling meetings. You are given a few constraints on the existing schedule of each participant, the meeting duration, and possibly some preferences on the meeting time. Note there exists a solution that works with existing schedule of every participant. Here are a few example tasks and solutions:\n\nTASK: You need to schedule a meeting for David and Dorothy for half an hour between the work hours of 9:00 to 17:00 on either Monday, Tuesday, Wednesday, Thursday or Friday. \n\nHere are the existing schedules for everyone during the days: \nDavid is busy on Monday during 9:30 to 10:00, 10:30 to 11:30, 12:30 to 13:30, 14:30 to 15:30, Tuesday during 11:30 to 12:00, 15:00 to 15:30, 16:00 to 16:30, Wednesday during 9:30 to 10:30, 11:00 to 11:30, 14:00 to 14:30, 15:00 to 15:30, Thursday during 10:00 to 11:30, 12:00 to 14:30, 15:00 to 16:00, 16:30 to 17:00, Friday during 9:00 to 9:30, 16:00 to 16:30; \nDorothy has blocked their calendar on Monday during 9:00 to 11:30, 12:30 to 13:00, 13:30 to 17:00, Tuesday during 10:00 to 10:30, 11:00 to 11:30, 13:00 to 14:00, 14:30 to 16:00, 16:30 to 17:00, Wednesday during 9:00 to 13:00, 13:30 to 17:00, Thursday during 9:00 to 10:30, 11:00 to 12:30, 14:00 to 14:30, 15:00 to 16:30, Friday during 10:00 to 11:00, 12:00 to 12:30, 14:30 to 17:00; \n\nDavid do not want to meet on Thursday. Dorothy would like to avoid more meetings on Monday. Friday. The group would like to meet at their earlist availability.\nFind a time that works for everyone's schedule and constraints. \nSOLUTION: Here is the proposed time: Tuesday, 9:00 - 9:30 \n\nTASK: You need to schedule a meeting for Elizabeth and Vincent for half an hour between the work hours of 9:00 to 17:00 on either Monday, Tuesday, Wednesday, Thursday or Friday. \n\nHere are the existing schedules for everyone during the days: \nElizabeth is busy on Monday during 9:30 to 10:00, 10:30 to 14:00, 14:30 to 15:00, 16:00 to 16:30, Tuesday during 12:00 to 13:00, Wednesday during 10:00 to 10:30, 11:00 to 11:30, 12:00 to 12:30, 14:30 to 16:00, Thursday during 10:00 to 11:00, 11:30 to 12:30, 15:00 to 15:30, Friday during 9:30 to 10:30, 11:30 to 12:00, 12:30 to 13:00, 14:30 to 16:00; \nVincent has blocked their calendar on Monday during 9:00 to 12:00, 12:30 to 17:00, Tuesday during 9:00 to 11:00, 11:30 to 12:00, 12:30 to 15:00, 15:30 to 17:00, Wednesday during 9:00 to 15:30, 16:00 to 17:00, Thursday during 9:00 to 10:30, 11:00 to 13:00, 14:00 to 17:00, Friday during 9:00 to 17:00; \n\nYou would like to schedule the meeting at their earlist availability.\nFind a time that works for everyone's schedule and constraints. \nSOLUTION: Here is the proposed time: Tuesday, 11:00 - 11:30 \n\nTASK: You need to schedule a meeting for Bobby and Peter for half an hour between the work hours of 9:00 to 17:00 on either Monday, Tuesday, Wednesday, Thursday or Friday. \n\nHere are the existing schedules for everyone during the days: \nBobby is busy on Monday during 11:30 to 12:00, 13:00 to 13:30, 15:00 to 15:30, 16:00 to 16:30, Tuesday during 10:30 to 11:00, 12:30 to 13:30, 14:30 to 15:00, 16:30 to 17:00, Wednesday during 12:00 to 13:00, 15:00 to 15:30, Thursday during 10:00 to 10:30, 11:30 to 12:00, 13:30 to 14:00, Friday during 14:30 to 15:00; \nPeter is busy on Monday during 9:00 to 13:00, 13:30 to 17:00, Tuesday during 9:00 to 14:30, 15:30 to 17:00, Wednesday during 9:00 to 17:00, Thursday during 9:00 to 11:00, 11:30 to 12:30, 13:00 to 17:00, Friday during 9:00 to 12:30, 13:00 to 15:00, 15:30 to 16:30; \n\nBobby would like to avoid more meetings on Friday. Peter would rather not meet on Thursday. Find a time that works for everyone's schedule and constraints. \nSOLUTION: Here is the proposed time: Tuesday, 15:00 - 15:30 \n\nTASK: You need to schedule a meeting for Jacqueline and Joshua for one hour between the work hours of 9:00 to 17:00 on either Monday, Tuesday, Wednesday, Thursday or Friday. \n\nHere are the existing schedules for everyone during the days: \nJacqueline has blocked their calendar on Monday during 12:30 to 13:00, Wednesday during 9:30 to 10:00, 11:30 to 12:00, 13:00 to 14:00, 16:00 to 16:30, Thursday during 9:00 to 9:30, 11:30 to 12:00, 12:30 to 13:00, Friday during 10:00 to 11:30; \nJoshua has blocked their calendar on Monday during 9:30 to 10:00, 11:00 to 11:30, 12:00 to 12:30, 14:00 to 14:30, 16:00 to 17:00, Tuesday during 13:00 to 16:00, Wednesday during 9:00 to 13:00, 13:30 to 14:00, 14:30 to 15:30, 16:00 to 17:00, Thursday during 9:00 to 15:00, 15:30 to 17:00, Friday during 9:00 to 10:00, 11:00 to 12:00, 12:30 to 16:30; \n\nJoshua can not meet on Monday before 14:00. Tuesday. Find a time that works for everyone's schedule and constraints. \nSOLUTION: Here is the proposed time: Monday, 14:30 - 15:30 \n\nTASK: You need to schedule a meeting for Donald and Joshua for one hour between the work hours of 9:00 to 17:00 on either Monday, Tuesday, Wednesday, Thursday or Friday. \n\nHere are the existing schedules for everyone during the days: \nDonald has blocked their calendar on Monday during 9:00 to 9:30, 15:00 to 15:30, Tuesday during 10:00 to 11:00, 15:30 to 16:30, Wednesday during 10:00 to 10:30, 11:30 to 12:00, 15:00 to 15:30, Thursday during 9:00 to 9:30, 11:00 to 11:30, 12:30 to 13:00, Friday during 11:00 to 11:30, 14:30 to 15:00; \nJoshua has blocked their calendar on Monday during 9:00 to 11:30, 12:00 to 14:00, 14:30 to 15:00, 15:30 to 17:00, Tuesday during 9:00 to 12:30, 13:00 to 13:30, 14:00 to 16:30, Wednesday during 9:00 to 9:30, 10:30 to 11:00, 11:30 to 13:00, 13:30 to 14:00, 15:00 to 16:00, 16:30 to 17:00, Thursday during 9:00 to 16:30, Friday during 9:00 to 17:00; \n\nFind a time that works for everyone's schedule and constraints. \nSOLUTION: Here is the proposed time: Wednesday, 14:00 - 15:00 \n\nTASK: You need to schedule a meeting for Henry and Amanda for half an hour between the work hours of 9:00 to 17:00 on either Monday, Tuesday, Wednesday, Thursday or Friday. \n\nHere are the existing schedules for everyone during the days: \nHenry's calendar is wide open the entire week.\nAmanda is busy on Monday during 9:00 to 10:00, 10:30 to 12:30, 13:00 to 17:00, Tuesday during 9:30 to 10:00, 12:30 to 16:30, Wednesday during 9:00 to 10:30, 11:00 to 11:30, 12:00 to 13:00, 13:30 to 16:30, Thursday during 9:30 to 11:30, 12:00 to 14:30, 16:30 to 17:00, Friday during 10:00 to 11:00, 11:30 to 12:30, 13:00 to 13:30, 14:30 to 15:30; \n\nThe group would like to meet at their earlist availability.\nFind a time that works for everyone's schedule and constraints. \nSOLUTION: "", 'golden_plan': 'Here is the proposed time: Monday, 10:00 - 10:30 ', 'pred_5shot_pro': 'Here is the proposed time: Monday, 9:00 - 9:30 \n', 'prompt_0shot': ""You are an expert at scheduling meetings. You are given a few constraints on the existing schedule of each participant, the meeting duration, and possibly some preferences on the meeting time. Note there exists a solution that works with existing schedule of every participant. Here are a few example tasks and solutions:\n\nTASK: You need to schedule a meeting for Henry and Amanda for half an hour between the work hours of 9:00 to 17:00 on either Monday, Tuesday, Wednesday, Thursday or Friday. \n\nHere are the existing schedules for everyone during the days: \nHenry's calendar is wide open the entire week.\nAmanda is busy on Monday during 9:00 to 10:00, 10:30 to 12:30, 13:00 to 17:00, Tuesday during 9:30 to 10:00, 12:30 to 16:30, Wednesday during 9:00 to 10:30, 11:00 to 11:30, 12:00 to 13:00, 13:30 to 16:30, Thursday during 9:30 to 11:30, 12:00 to 14:30, 16:30 to 17:00, Friday during 10:00 to 11:00, 11:30 to 12:30, 13:00 to 13:30, 14:30 to 15:30; \n\nThe group would like to meet at their earlist availability.\nFind a time that works for everyone's schedule and constraints. \nSOLUTION: ""}",False,,,,,react
calendar_scheduling_example_358,**exception raised**: Exceeded maximum retries (2) for output validation,"{'num_people': '6', 'num_days': '1', 'duration': '0.5', 'prompt_5shot': ""You are an expert at scheduling meetings. You are given a few constraints on the existing schedule of each participant, the meeting duration, and possibly some preferences on the meeting time. Note there exists a solution that works with existing schedule of every participant. Here are a few example tasks and solutions:\n\nTASK: You need to schedule a meeting for Gabriel, Brandon, Janet, Maria, Joshua and Victoria for half an hour between the work hours of 9:00 to 17:00 on Monday. \n\nHere are the existing schedules for everyone during the day: \nGabrielhas no meetings the whole day.\nBrandon's calendar is wide open the entire day.\nJanet is busy on Monday during 9:30 to 10:00, 13:00 to 13:30; \nMaria has meetings on Monday during 10:00 to 12:00, 13:30 to 14:00, 14:30 to 15:00, 16:00 to 17:00; \nJoshua has meetings on Monday during 9:30 to 10:00, 10:30 to 11:30, 12:30 to 14:00, 14:30 to 15:30; \nVictoria has blocked their calendar on Monday during 9:30 to 10:30, 12:00 to 13:30, 14:30 to 15:00, 15:30 to 16:30; \n\nMaria would like to avoid more meetings on Monday after 14:00. Find a time that works for everyone's schedule and constraints. \nSOLUTION: Here is the proposed time: Monday, 9:00 - 9:30 \n\nTASK: You need to schedule a meeting for Jeffrey, Samantha, Abigail, Amanda, Jordan and Samuel for half an hour between the work hours of 9:00 to 17:00 on Monday. \n\nHere are the existing schedules for everyone during the day: \nJeffrey has meetings on Monday during 10:00 to 11:00, 12:00 to 14:00; \nSamantha is busy on Monday during 9:30 to 10:00, 13:00 to 13:30, 14:00 to 14:30, 15:00 to 15:30, 16:00 to 17:00; \nAbigail has blocked their calendar on Monday during 9:00 to 10:00, 11:30 to 12:00, 16:00 to 16:30; \nAmanda has blocked their calendar on Monday during 9:30 to 15:30, 16:00 to 17:00; \nJordan has meetings on Monday during 9:30 to 10:00, 11:00 to 14:00, 14:30 to 15:30, 16:30 to 17:00; \nSamuel is busy on Monday during 9:00 to 9:30, 10:00 to 13:30, 14:30 to 15:30, 16:00 to 17:00; \n\nFind a time that works for everyone's schedule and constraints. \nSOLUTION: Here is the proposed time: Monday, 15:30 - 16:00 \n\nTASK: You need to schedule a meeting for Janice, Melissa, Helen, Kelly, Catherine and Jordan for half an hour between the work hours of 9:00 to 17:00 on Monday. \n\nHere are the existing schedules for everyone during the day: \nJanice has blocked their calendar on Monday during 10:30 to 11:00, 11:30 to 12:00, 13:00 to 13:30, 14:30 to 15:00, 15:30 to 16:00, 16:30 to 17:00; \nMelissahas no meetings the whole day.\nHelen is busy on Monday during 9:30 to 10:00, 11:30 to 12:00, 15:30 to 16:00, 16:30 to 17:00; \nKelly is busy on Monday during 9:00 to 9:30, 10:00 to 11:00, 11:30 to 17:00; \nCatherine is busy on Monday during 9:00 to 9:30, 10:00 to 10:30, 11:30 to 14:00, 15:30 to 16:00; \nJordan has meetings on Monday during 9:00 to 11:00, 11:30 to 15:00, 15:30 to 17:00; \n\nFind a time that works for everyone's schedule and constraints. \nSOLUTION: Here is the proposed time: Monday, 11:00 - 11:30 \n\nTASK: You need to schedule a meeting for Maria, Joshua, Julia, Gloria, Amy and Judith for half an hour between the work hours of 9:00 to 17:00 on Monday. \n\nHere are the existing schedules for everyone during the day: \nMaria is busy on Monday during 9:30 to 10:00, 10:30 to 11:00, 14:30 to 15:00, 16:30 to 17:00; \nJoshua is busy on Monday during 9:30 to 10:00, 11:00 to 11:30; \nJulia has meetings on Monday during 9:30 to 10:00, 10:30 to 11:00, 11:30 to 12:00, 14:30 to 15:30, 16:00 to 16:30; \nGloria has meetings on Monday during 11:00 to 12:00, 12:30 to 14:00, 14:30 to 17:00; \nAmy has meetings on Monday during 10:30 to 11:00, 11:30 to 12:30, 13:00 to 15:00, 16:30 to 17:00; \nJudith is busy on Monday during 9:30 to 11:00, 11:30 to 12:00, 13:00 to 14:30, 15:00 to 15:30, 16:00 to 17:00; \n\nFind a time that works for everyone's schedule and constraints. \nSOLUTION: Here is the proposed time: Monday, 9:00 - 9:30 \n\nTASK: You need to schedule a meeting for Kimberly, Adam, Terry, Judy, Scott and Elijah for half an hour between the work hours of 9:00 to 17:00 on Monday. \n\nHere are the existing schedules for everyone during the day: \nKimberly has meetings on Monday during 10:00 to 10:30, 15:00 to 15:30; \nAdam has meetings on Monday during 11:30 to 12:00, 12:30 to 13:00; \nTerry has meetings on Monday during 11:30 to 12:30; \nJudy is busy on Monday during 9:00 to 11:00, 12:00 to 13:30, 15:30 to 16:00; \nScott has meetings on Monday during 9:30 to 10:00, 11:00 to 12:00, 12:30 to 13:30, 14:00 to 14:30, 15:00 to 15:30, 16:00 to 16:30; \nElijah has meetings on Monday during 11:00 to 13:30, 14:00 to 16:00, 16:30 to 17:00; \n\nFind a time that works for everyone's schedule and constraints. \nSOLUTION: Here is the proposed time: Monday, 13:30 - 14:00 \n\nTASK: You need to schedule a meeting for Jennifer, Douglas, Lauren, Daniel, Abigail and Catherine for half an hour between the work hours of 9:00 to 17:00 on Monday. \n\nHere are the existing schedules for everyone during the day: \nJennifer has meetings on Monday during 10:30 to 11:00, 13:00 to 14:00, 16:30 to 17:00; \nDouglas has blocked their calendar on Monday during 9:00 to 9:30, 12:30 to 13:00; \nLauren has blocked their calendar on Monday during 9:00 to 9:30, 10:00 to 10:30, 13:00 to 15:00; \nDaniel has meetings on Monday during 9:00 to 10:00, 10:30 to 11:00, 11:30 to 12:30, 13:00 to 14:30, 15:30 to 16:30; \nAbigail has meetings on Monday during 9:30 to 10:30, 11:30 to 12:00, 12:30 to 14:30, 15:30 to 16:00; \nCatherine is busy on Monday during 9:00 to 11:00, 11:30 to 14:00, 14:30 to 15:30, 16:30 to 17:00; \n\nFind a time that works for everyone's schedule and constraints. \nSOLUTION: "", 'golden_plan': 'Here is the proposed time: Monday, 11:00 - 11:30 ', 'pred_5shot_pro': 'Here is the proposed time: Monday, 16:00 - 16:30 \n', 'prompt_0shot': ""You are an expert at scheduling meetings. You are given a few constraints on the existing schedule of each participant, the meeting duration, and possibly some preferences on the meeting time. Note there exists a solution that works with existing schedule of every participant. Here are a few example tasks and solutions:\n\nTASK: You need to schedule a meeting for Jennifer, Douglas, Lauren, Daniel, Abigail and Catherine for half an hour between the work hours of 9:00 to 17:00 on Monday. \n\nHere are the existing schedules for everyone during the day: \nJennifer has meetings on Monday during 10:30 to 11:00, 13:00 to 14:00, 16:30 to 17:00; \nDouglas has blocked their calendar on Monday during 9:00 to 9:30, 12:30 to 13:00; \nLauren has blocked their calendar on Monday during 9:00 to 9:30, 10:00 to 10:30, 13:00 to 15:00; \nDaniel has meetings on Monday during 9:00 to 10:00, 10:30 to 11:00, 11:30 to 12:30, 13:00 to 14:30, 15:30 to 16:30; \nAbigail has meetings on Monday during 9:30 to 10:30, 11:30 to 12:00, 12:30 to 14:30, 15:30 to 16:00; \nCatherine is busy on Monday during 9:00 to 11:00, 11:30 to 14:00, 14:30 to 15:30, 16:30 to 17:00; \n\nFind a time that works for everyone's schedule and constraints. \nSOLUTION: ""}",False,,,,,react
calendar_scheduling_example_750,"Here is the proposed time: Wednesday, 11:00 - 11:30","{'num_people': '2', 'num_days': '3', 'duration': '0.5', 'prompt_5shot': ""You are an expert at scheduling meetings. You are given a few constraints on the existing schedule of each participant, the meeting duration, and possibly some preferences on the meeting time. Note there exists a solution that works with existing schedule of every participant. Here are a few example tasks and solutions:\n\nTASK: You need to schedule a meeting for Jordan and Betty for one hour between the work hours of 9:00 to 17:00 on either Monday, Tuesday or Wednesday. \n\nHere are the existing schedules for everyone during the days: \nJordan has meetings on Tuesday during 11:00 to 11:30, 13:30 to 14:00, Wednesday during 9:00 to 9:30, 14:00 to 14:30; \nBetty has blocked their calendar on Monday during 9:00 to 12:30, 13:00 to 17:00, Tuesday during 9:00 to 10:00, 10:30 to 11:00, 11:30 to 12:30, 13:30 to 16:00, 16:30 to 17:00, Wednesday during 9:00 to 9:30, 10:30 to 17:00; \n\nYou would like to schedule the meeting at their earlist availability.\nFind a time that works for everyone's schedule and constraints. \nSOLUTION: Here is the proposed time: Tuesday, 12:30 - 13:30 \n\nTASK: You need to schedule a meeting for James and Timothy for half an hour between the work hours of 9:00 to 17:00 on either Monday, Tuesday or Wednesday. \n\nHere are the existing schedules for everyone during the days: \nJames has blocked their calendar on Monday during 9:30 to 10:00, 10:30 to 11:00, 12:30 to 13:00, 13:30 to 14:30, 15:00 to 15:30, 16:30 to 17:00, Tuesday during 10:00 to 11:00, 15:30 to 16:00, Wednesday during 9:00 to 12:30, 14:00 to 15:00, 15:30 to 17:00; \nTimothy has blocked their calendar on Monday during 9:00 to 17:00, Tuesday during 9:00 to 15:00, 15:30 to 17:00, Wednesday during 9:30 to 17:00; \n\nFind a time that works for everyone's schedule and constraints. \nSOLUTION: Here is the proposed time: Tuesday, 15:00 - 15:30 \n\nTASK: You need to schedule a meeting for Lori and Emma for half an hour between the work hours of 9:00 to 17:00 on either Monday, Tuesday or Wednesday. \n\nHere are the existing schedules for everyone during the days: \nLori has blocked their calendar on Monday during 12:30 to 13:00, 13:30 to 14:00, Tuesday during 9:00 to 10:00, 13:00 to 13:30, 14:00 to 14:30, 15:00 to 15:30, Wednesday during 9:30 to 10:00, 11:00 to 11:30, 12:00 to 12:30, 15:30 to 16:00, 16:30 to 17:00; \nEmma has meetings on Monday during 9:00 to 10:00, 10:30 to 17:00, Tuesday during 9:00 to 9:30, 10:30 to 11:30, 12:00 to 13:30, 14:00 to 16:00, 16:30 to 17:00, Wednesday during 9:00 to 10:00, 10:30 to 13:00, 13:30 to 17:00; \n\nYou would like to schedule the meeting at their earlist availability.\nFind a time that works for everyone's schedule and constraints. \nSOLUTION: Here is the proposed time: Monday, 10:00 - 10:30 \n\nTASK: You need to schedule a meeting for Steven and Zachary for one hour between the work hours of 9:00 to 17:00 on either Monday, Tuesday or Wednesday. \n\nHere are the existing schedules for everyone during the days: \nSteven is busy on Monday during 9:00 to 11:30, 13:00 to 13:30, 14:00 to 14:30, Tuesday during 11:00 to 11:30, 12:00 to 12:30, 13:00 to 14:00, 15:00 to 16:00, 16:30 to 17:00, Wednesday during 9:30 to 11:00, 13:30 to 14:00; \nZachary is busy on Monday during 9:00 to 17:00, Tuesday during 10:30 to 11:30, 12:00 to 12:30, 13:00 to 15:00, 15:30 to 16:00, 16:30 to 17:00, Wednesday during 9:00 to 11:00, 12:00 to 12:30, 13:00 to 17:00; \n\nZachary would like to avoid more meetings on Wednesday. Find a time that works for everyone's schedule and constraints. \nSOLUTION: Here is the proposed time: Tuesday, 9:00 - 10:00 \n\nTASK: You need to schedule a meeting for Lisa and Jeffrey for half an hour between the work hours of 9:00 to 17:00 on either Monday, Tuesday or Wednesday. \n\nHere are the existing schedules for everyone during the days: \nLisa has blocked their calendar on Monday during 11:00 to 12:00, 13:00 to 13:30, Tuesday during 9:00 to 9:30, 10:30 to 11:00, 12:00 to 13:00, 13:30 to 14:30, 16:00 to 16:30, Wednesday during 12:00 to 13:30, 14:00 to 14:30; \nJeffrey has meetings on Monday during 9:30 to 10:30, 11:30 to 12:30, 13:00 to 16:00, Tuesday during 9:00 to 10:00, 11:00 to 11:30, 12:00 to 12:30, 13:30 to 14:00, 15:30 to 16:00, 16:30 to 17:00, Wednesday during 10:30 to 12:30, 13:00 to 14:00, 14:30 to 15:00, 15:30 to 16:00, 16:30 to 17:00; \n\nLisa would like to avoid more meetings on Monday after 11:30. Wednesday. Jeffrey can not meet on Tuesday. Find a time that works for everyone's schedule and constraints. \nSOLUTION: Here is the proposed time: Monday, 10:30 - 11:00 \n\nTASK: You need to schedule a meeting for Timothy and Mark for half an hour between the work hours of 9:00 to 17:00 on either Monday, Tuesday or Wednesday. \n\nHere are the existing schedules for everyone during the days: \nTimothy has blocked their calendar on Monday during 15:30 to 16:00, Tuesday during 14:30 to 15:30, Wednesday during 10:00 to 11:00, 12:30 to 13:00, 14:30 to 15:00, 16:00 to 16:30; \nMark is busy on Monday during 9:00 to 9:30, 10:30 to 14:00, 14:30 to 15:00, 16:30 to 17:00, Tuesday during 9:00 to 10:30, 11:00 to 12:00, 12:30 to 17:00, Wednesday during 9:00 to 12:30, 13:00 to 13:30, 14:00 to 16:00; \n\nTimothy do not want to meet on Tuesday before 11:00. Mark would like to avoid more meetings on Monday. Wednesday. Find a time that works for everyone's schedule and constraints. \nSOLUTION: "", 'golden_plan': 'Here is the proposed time: Tuesday, 12:00 - 12:30 ', 'pred_5shot_pro': 'Here is the proposed time: Tuesday, 15:00 - 15:30 \n', 'prompt_0shot': ""You are an expert at scheduling meetings. You are given a few constraints on the existing schedule of each participant, the meeting duration, and possibly some preferences on the meeting time. Note there exists a solution that works with existing schedule of every participant. Here are a few example tasks and solutions:\n\nTASK: You need to schedule a meeting for Timothy and Mark for half an hour between the work hours of 9:00 to 17:00 on either Monday, Tuesday or Wednesday. \n\nHere are the existing schedules for everyone during the days: \nTimothy has blocked their calendar on Monday during 15:30 to 16:00, Tuesday during 14:30 to 15:30, Wednesday during 10:00 to 11:00, 12:30 to 13:00, 14:30 to 15:00, 16:00 to 16:30; \nMark is busy on Monday during 9:00 to 9:30, 10:30 to 14:00, 14:30 to 15:00, 16:30 to 17:00, Tuesday during 9:00 to 10:30, 11:00 to 12:00, 12:30 to 17:00, Wednesday during 9:00 to 12:30, 13:00 to 13:30, 14:00 to 16:00; \n\nTimothy do not want to meet on Tuesday before 11:00. Mark would like to avoid more meetings on Monday. Wednesday. Find a time that works for everyone's schedule and constraints. \nSOLUTION: ""}",False,1432.0,21.0,0.48798704147338867,0.00015159999999999997,react
calendar_scheduling_example_83,"The problem asks to find a meeting time for three participants: Anthony, Ronald, and Jonathan. The meeting should be one hour long and take place on Monday between 9:00 and 17:00.

Here's a breakdown of their busy schedules on Monday:
*   **Anthony:** 14:00-14:30, 15:00-15:30
*   **Ronald:** 9:00-10:00, 12:00-12:30, 13:30-14:00
*   **Jonathan:** 9:00-10:00, 11:00-11:30, 12:00-13:00, 14:00-14:30, 15:00-17:00

Let's determine the free slots for each person between 9:00 and 17:00:

*   **Anthony's free slots:**
    *   9:00 - 14:00
    *   14:30 - 15:00
    *   15:30 - 17:00

*   **Ronald's free slots:**
    *   10:00 - 12:00
    *   12:30 - 13:30
    *   14:00 - 17:00

*   **Jonathan's free slots:**
    *   10:00 - 11:00
    *   11:30 - 12:00
    *   13:00 - 14:00
    *   14:30 - 15:00

Now, let's find the intersection of their free slots (times when all three are available):

1.  **Compare Anthony & Ronald:**
    *   (9:00-14:00) ∩ (10:00-12:00) = 10:00-12:00
    *   (9:00-14:00) ∩ (12:30-13:30) = 12:30-13:30
    *   (9:00-14:00) ∩ (14:00-17:00) = 14:00-14:00 (no overlap)
    *   (14:30-15:00) ∩ (14:00-17:00) = 14:30-15:00
    *   (15:30-17:00) ∩ (14:00-17:00) = 15:30-17:00
    *   Common slots for Anthony & Ronald: 10:00-12:00, 12:30-13:30, 14:30-15:00, 15:30-17:00

2.  **Compare Anthony & Ronald's common slots with Jonathan's free slots:**
    *   (10:00-12:00) ∩ (10:00-11:00) = 10:00-11:00
    *   (10:00-12:00) ∩ (11:30-12:00) = 11:30-12:00
    *   (10:00-12:00) ∩ (13:00-14:00) = No overlap
    *   (10:00-12:00) ∩ (14:30-15:00) = No overlap
    *   (12:30-13:30) ∩ (10:00-11:00) = No overlap
    *   (12:30-13:30) ∩ (11:30-12:00) = No overlap
    *   (12:30-13:30) ∩ (13:00-14:00) = 13:00-13:30
    *   (14:30-15:00) ∩ (14:30-15:00) = 14:30-15:00
    *   (15:30-17:00) ∩ (15:00-17:00) = 15:30-17:00 (Jonathan is busy from 15:00-17:00 so this isn't a common slot for all three)

    The common free slots for all three are: 10:00-11:00, 11:30-12:00, 13:00-13:30, 14:30-15:00.

The meeting needs to be one hour long. Let's check if any of these common slots can accommodate a 1-hour meeting:

*   10:00-11:00: This is exactly 1 hour.
*   11:30-12:00: This is only 30 minutes.
*   13:00-13:30: This is only 30 minutes.
*   14:30-15:00: This is only 30 minutes.

The only slot that can accommodate a 1-hour meeting is 10:00-11:00.

Therefore, the proposed output is:
""Here is the proposed time: Monday, 10:00 - 11:00""
","{'num_people': '3', 'num_days': '1', 'duration': '1', 'prompt_5shot': ""You are an expert at scheduling meetings. You are given a few constraints on the existing schedule of each participant, the meeting duration, and possibly some preferences on the meeting time. Note there exists a solution that works with existing schedule of every participant. Here are a few example tasks and solutions:\n\nTASK: You need to schedule a meeting for Roger, Karen and Dorothy for half an hour between the work hours of 9:00 to 17:00 on Monday. \n\nHere are the existing schedules for everyone during the day: \nRoger's calendar is wide open the entire day.\nKaren has meetings on Monday during 10:00 to 10:30, 11:30 to 12:00, 12:30 to 13:00, 14:00 to 15:00, 15:30 to 16:00; \nDorothy is busy on Monday during 9:00 to 10:00, 10:30 to 11:00, 11:30 to 12:00, 12:30 to 13:00, 14:00 to 15:30, 16:00 to 17:00; \n\nYou would like to schedule the meeting at their earlist availability.\nFind a time that works for everyone's schedule and constraints. \nSOLUTION: Here is the proposed time: Monday, 11:00 - 11:30 \n\nTASK: You need to schedule a meeting for Douglas, Lawrence and Isabella for half an hour between the work hours of 9:00 to 17:00 on Monday. \n\nHere are the existing schedules for everyone during the day: \nDouglas has meetings on Monday during 12:00 to 12:30, 15:00 to 15:30; \nLawrence has meetings on Monday during 10:30 to 12:00, 13:00 to 13:30, 14:00 to 14:30, 15:30 to 16:00; \nIsabella is busy on Monday during 9:00 to 12:30, 13:30 to 17:00; \n\nFind a time that works for everyone's schedule and constraints. \nSOLUTION: Here is the proposed time: Monday, 12:30 - 13:00 \n\nTASK: You need to schedule a meeting for Joshua, Denise and Jeremy for one hour between the work hours of 9:00 to 17:00 on Monday. \n\nHere are the existing schedules for everyone during the day: \nJoshua is busy on Monday during 10:00 to 10:30, 12:00 to 12:30, 14:00 to 14:30, 15:00 to 15:30; \nDenise's calendar is wide open the entire day.\nJeremy has meetings on Monday during 9:30 to 10:30, 12:00 to 13:00, 13:30 to 14:00, 14:30 to 15:00, 15:30 to 16:00, 16:30 to 17:00; \n\nFind a time that works for everyone's schedule and constraints. \nSOLUTION: Here is the proposed time: Monday, 10:30 - 11:30 \n\nTASK: You need to schedule a meeting for Alan, Elizabeth and Denise for half an hour between the work hours of 9:00 to 17:00 on Monday. \n\nHere are the existing schedules for everyone during the day: \nAlan has blocked their calendar on Monday during 13:00 to 13:30, 14:00 to 14:30; \nElizabeth is busy on Monday during 9:00 to 9:30, 11:00 to 11:30; \nDenise has blocked their calendar on Monday during 9:00 to 10:00, 10:30 to 11:30, 12:30 to 13:00, 13:30 to 14:00, 14:30 to 16:00, 16:30 to 17:00; \n\nYou would like to schedule the meeting at their earlist availability.\nFind a time that works for everyone's schedule and constraints. \nSOLUTION: Here is the proposed time: Monday, 10:00 - 10:30 \n\nTASK: You need to schedule a meeting for Mason, Bruce and Christopher for half an hour between the work hours of 9:00 to 17:00 on Monday. \n\nHere are the existing schedules for everyone during the day: \nMason has meetings on Monday during 9:30 to 10:00, 11:00 to 11:30, 14:30 to 15:00, 16:30 to 17:00; \nBruce is free the entire day.\nChristopher is busy on Monday during 9:30 to 10:30, 11:30 to 12:30, 15:00 to 17:00; \n\nMason would rather not meet on Monday before 12:30. Find a time that works for everyone's schedule and constraints. \nSOLUTION: Here is the proposed time: Monday, 12:30 - 13:00 \n\nTASK: You need to schedule a meeting for Anthony, Ronald and Jonathan for one hour between the work hours of 9:00 to 17:00 on Monday. \n\nHere are the existing schedules for everyone during the day: \nAnthony is busy on Monday during 14:00 to 14:30, 15:00 to 15:30; \nRonald has meetings on Monday during 9:00 to 10:00, 12:00 to 12:30, 13:30 to 14:00; \nJonathan has meetings on Monday during 9:00 to 10:00, 11:00 to 11:30, 12:00 to 13:00, 14:00 to 14:30, 15:00 to 17:00; \n\nFind a time that works for everyone's schedule and constraints. \nSOLUTION: "", 'golden_plan': 'Here is the proposed time: Monday, 10:00 - 11:00 ', 'pred_5shot_pro': 'Here is the proposed time: Monday, 10:30 - 11:30 \n', 'prompt_0shot': ""You are an expert at scheduling meetings. You are given a few constraints on the existing schedule of each participant, the meeting duration, and possibly some preferences on the meeting time. Note there exists a solution that works with existing schedule of every participant. Here are a few example tasks and solutions:\n\nTASK: You need to schedule a meeting for Anthony, Ronald and Jonathan for one hour between the work hours of 9:00 to 17:00 on Monday. \n\nHere are the existing schedules for everyone during the day: \nAnthony is busy on Monday during 14:00 to 14:30, 15:00 to 15:30; \nRonald has meetings on Monday during 9:00 to 10:00, 12:00 to 12:30, 13:30 to 14:00; \nJonathan has meetings on Monday during 9:00 to 10:00, 11:00 to 11:30, 12:00 to 13:00, 14:00 to 14:30, 15:00 to 17:00; \n\nFind a time that works for everyone's schedule and constraints. \nSOLUTION: ""}",True,1316.0,1390.0,3.933227777481079,0.0006876,react
calendar_scheduling_example_787,"Here is the proposed time: Monday, 15:00 - 16:00","{'num_people': '2', 'num_days': '3', 'duration': '1', 'prompt_5shot': ""You are an expert at scheduling meetings. You are given a few constraints on the existing schedule of each participant, the meeting duration, and possibly some preferences on the meeting time. Note there exists a solution that works with existing schedule of every participant. Here are a few example tasks and solutions:\n\nTASK: You need to schedule a meeting for Jordan and Betty for one hour between the work hours of 9:00 to 17:00 on either Monday, Tuesday or Wednesday. \n\nHere are the existing schedules for everyone during the days: \nJordan has meetings on Tuesday during 11:00 to 11:30, 13:30 to 14:00, Wednesday during 9:00 to 9:30, 14:00 to 14:30; \nBetty has blocked their calendar on Monday during 9:00 to 12:30, 13:00 to 17:00, Tuesday during 9:00 to 10:00, 10:30 to 11:00, 11:30 to 12:30, 13:30 to 16:00, 16:30 to 17:00, Wednesday during 9:00 to 9:30, 10:30 to 17:00; \n\nYou would like to schedule the meeting at their earlist availability.\nFind a time that works for everyone's schedule and constraints. \nSOLUTION: Here is the proposed time: Tuesday, 12:30 - 13:30 \n\nTASK: You need to schedule a meeting for James and Timothy for half an hour between the work hours of 9:00 to 17:00 on either Monday, Tuesday or Wednesday. \n\nHere are the existing schedules for everyone during the days: \nJames has blocked their calendar on Monday during 9:30 to 10:00, 10:30 to 11:00, 12:30 to 13:00, 13:30 to 14:30, 15:00 to 15:30, 16:30 to 17:00, Tuesday during 10:00 to 11:00, 15:30 to 16:00, Wednesday during 9:00 to 12:30, 14:00 to 15:00, 15:30 to 17:00; \nTimothy has blocked their calendar on Monday during 9:00 to 17:00, Tuesday during 9:00 to 15:00, 15:30 to 17:00, Wednesday during 9:30 to 17:00; \n\nFind a time that works for everyone's schedule and constraints. \nSOLUTION: Here is the proposed time: Tuesday, 15:00 - 15:30 \n\nTASK: You need to schedule a meeting for Lori and Emma for half an hour between the work hours of 9:00 to 17:00 on either Monday, Tuesday or Wednesday. \n\nHere are the existing schedules for everyone during the days: \nLori has blocked their calendar on Monday during 12:30 to 13:00, 13:30 to 14:00, Tuesday during 9:00 to 10:00, 13:00 to 13:30, 14:00 to 14:30, 15:00 to 15:30, Wednesday during 9:30 to 10:00, 11:00 to 11:30, 12:00 to 12:30, 15:30 to 16:00, 16:30 to 17:00; \nEmma has meetings on Monday during 9:00 to 10:00, 10:30 to 17:00, Tuesday during 9:00 to 9:30, 10:30 to 11:30, 12:00 to 13:30, 14:00 to 16:00, 16:30 to 17:00, Wednesday during 9:00 to 10:00, 10:30 to 13:00, 13:30 to 17:00; \n\nYou would like to schedule the meeting at their earlist availability.\nFind a time that works for everyone's schedule and constraints. \nSOLUTION: Here is the proposed time: Monday, 10:00 - 10:30 \n\nTASK: You need to schedule a meeting for Steven and Zachary for one hour between the work hours of 9:00 to 17:00 on either Monday, Tuesday or Wednesday. \n\nHere are the existing schedules for everyone during the days: \nSteven is busy on Monday during 9:00 to 11:30, 13:00 to 13:30, 14:00 to 14:30, Tuesday during 11:00 to 11:30, 12:00 to 12:30, 13:00 to 14:00, 15:00 to 16:00, 16:30 to 17:00, Wednesday during 9:30 to 11:00, 13:30 to 14:00; \nZachary is busy on Monday during 9:00 to 17:00, Tuesday during 10:30 to 11:30, 12:00 to 12:30, 13:00 to 15:00, 15:30 to 16:00, 16:30 to 17:00, Wednesday during 9:00 to 11:00, 12:00 to 12:30, 13:00 to 17:00; \n\nZachary would like to avoid more meetings on Wednesday. Find a time that works for everyone's schedule and constraints. \nSOLUTION: Here is the proposed time: Tuesday, 9:00 - 10:00 \n\nTASK: You need to schedule a meeting for Lisa and Jeffrey for half an hour between the work hours of 9:00 to 17:00 on either Monday, Tuesday or Wednesday. \n\nHere are the existing schedules for everyone during the days: \nLisa has blocked their calendar on Monday during 11:00 to 12:00, 13:00 to 13:30, Tuesday during 9:00 to 9:30, 10:30 to 11:00, 12:00 to 13:00, 13:30 to 14:30, 16:00 to 16:30, Wednesday during 12:00 to 13:30, 14:00 to 14:30; \nJeffrey has meetings on Monday during 9:30 to 10:30, 11:30 to 12:30, 13:00 to 16:00, Tuesday during 9:00 to 10:00, 11:00 to 11:30, 12:00 to 12:30, 13:30 to 14:00, 15:30 to 16:00, 16:30 to 17:00, Wednesday during 10:30 to 12:30, 13:00 to 14:00, 14:30 to 15:00, 15:30 to 16:00, 16:30 to 17:00; \n\nLisa would like to avoid more meetings on Monday after 11:30. Wednesday. Jeffrey can not meet on Tuesday. Find a time that works for everyone's schedule and constraints. \nSOLUTION: Here is the proposed time: Monday, 10:30 - 11:00 \n\nTASK: You need to schedule a meeting for Arthur and Robert for one hour between the work hours of 9:00 to 17:00 on either Monday, Tuesday or Wednesday. \n\nHere are the existing schedules for everyone during the days: \nArthur is busy on Monday during 9:30 to 10:00, 10:30 to 11:30, 12:30 to 13:00, 13:30 to 14:00, Tuesday during 10:00 to 11:30, 16:30 to 17:00, Wednesday during 9:00 to 10:00, 11:30 to 12:00, 13:30 to 14:00, 14:30 to 15:30, 16:30 to 17:00; \nRobert is busy on Monday during 9:00 to 9:30, 12:00 to 12:30, 14:30 to 15:00, 15:30 to 16:30, Tuesday during 9:00 to 10:30, 11:30 to 13:00, 13:30 to 15:30, 16:00 to 16:30, Wednesday during 9:00 to 10:30, 11:00 to 11:30, 12:00 to 12:30, 13:30 to 15:00; \n\nRobert would like to avoid more meetings on Wednesday before 14:00. Find a time that works for everyone's schedule and constraints. \nSOLUTION: "", 'golden_plan': 'Here is the proposed time: Wednesday, 15:30 - 16:30 ', 'pred_5shot_pro': ""Here is the proposed time: **Wednesday, 15:00 - 16:00** \n\nLet's break down why this works:\n\n* **Arthur is free:**  He has no conflicts on Wednesday afternoon after 15:30.\n* **Robert is free:** This time slot fits his preference of avoiding meetings before 14:00 on Wednesday, and he is available from 15:00 to 17:00. \n"", 'prompt_0shot': ""You are an expert at scheduling meetings. You are given a few constraints on the existing schedule of each participant, the meeting duration, and possibly some preferences on the meeting time. Note there exists a solution that works with existing schedule of every participant. Here are a few example tasks and solutions:\n\nTASK: You need to schedule a meeting for Arthur and Robert for one hour between the work hours of 9:00 to 17:00 on either Monday, Tuesday or Wednesday. \n\nHere are the existing schedules for everyone during the days: \nArthur is busy on Monday during 9:30 to 10:00, 10:30 to 11:30, 12:30 to 13:00, 13:30 to 14:00, Tuesday during 10:00 to 11:30, 16:30 to 17:00, Wednesday during 9:00 to 10:00, 11:30 to 12:00, 13:30 to 14:00, 14:30 to 15:30, 16:30 to 17:00; \nRobert is busy on Monday during 9:00 to 9:30, 12:00 to 12:30, 14:30 to 15:00, 15:30 to 16:30, Tuesday during 9:00 to 10:30, 11:30 to 13:00, 13:30 to 15:30, 16:00 to 16:30, Wednesday during 9:00 to 10:30, 11:00 to 11:30, 12:00 to 12:30, 13:30 to 15:00; \n\nRobert would like to avoid more meetings on Wednesday before 14:00. Find a time that works for everyone's schedule and constraints. \nSOLUTION: ""}",False,5235.0,1616.0,7.179351568222046,0.0011699,react
calendar_scheduling_example_110,"Here is the proposed time: Monday, 14:00 - 14:30","{'num_people': '4', 'num_days': '1', 'duration': '0.5', 'prompt_5shot': ""You are an expert at scheduling meetings. You are given a few constraints on the existing schedule of each participant, the meeting duration, and possibly some preferences on the meeting time. Note there exists a solution that works with existing schedule of every participant. Here are a few example tasks and solutions:\n\nTASK: You need to schedule a meeting for Carol, Cynthia, Judith and Peter for half an hour between the work hours of 9:00 to 17:00 on Monday. \n\nHere are the existing schedules for everyone during the day: \nCarol has meetings on Monday during 11:00 to 11:30, 12:30 to 14:00, 14:30 to 15:30; \nCynthiahas no meetings the whole day.\nJudith has meetings on Monday during 9:00 to 11:30, 12:00 to 13:00, 13:30 to 14:30, 15:00 to 16:30; \nPeter is busy on Monday during 9:00 to 9:30, 10:00 to 16:30; \n\nFind a time that works for everyone's schedule and constraints. \nSOLUTION: Here is the proposed time: Monday, 16:30 - 17:00 \n\nTASK: You need to schedule a meeting for Karen, Carl, Margaret and Lori for half an hour between the work hours of 9:00 to 17:00 on Monday. \n\nHere are the existing schedules for everyone during the day: \nKaren is busy on Monday during 9:30 to 10:00, 11:00 to 12:00, 15:30 to 16:00; \nCarl is busy on Monday during 9:30 to 10:30, 11:00 to 11:30, 13:00 to 13:30, 14:00 to 14:30, 16:00 to 16:30; \nMargaret is busy on Monday during 9:00 to 14:30, 15:00 to 16:30; \nLori is busy on Monday during 9:00 to 12:30, 13:30 to 14:00, 15:30 to 16:00, 16:30 to 17:00; \n\nFind a time that works for everyone's schedule and constraints. \nSOLUTION: Here is the proposed time: Monday, 14:30 - 15:00 \n\nTASK: You need to schedule a meeting for Lawrence, Brenda, Keith and Kevin for half an hour between the work hours of 9:00 to 17:00 on Monday. \n\nHere are the existing schedules for everyone during the day: \nLawrence has meetings on Monday during 9:30 to 10:00, 11:00 to 11:30, 12:00 to 12:30, 13:30 to 15:00; \nBrenda has meetings on Monday during 9:30 to 10:00, 13:00 to 13:30, 14:00 to 14:30, 16:30 to 17:00; \nKeith has blocked their calendar on Monday during 10:00 to 10:30, 12:00 to 13:00, 14:00 to 16:00, 16:30 to 17:00; \nKevin has blocked their calendar on Monday during 9:00 to 9:30, 10:00 to 10:30, 12:30 to 13:30, 14:00 to 15:00, 15:30 to 16:00, 16:30 to 17:00; \n\nLawrence do not want to meet on Monday after 14:30. Find a time that works for everyone's schedule and constraints. \nSOLUTION: Here is the proposed time: Monday, 11:30 - 12:00 \n\nTASK: You need to schedule a meeting for Marilyn, Pamela, Karen and Nancy for half an hour between the work hours of 9:00 to 17:00 on Monday. \n\nHere are the existing schedules for everyone during the day: \nMarilyn has meetings on Monday during 9:30 to 10:30, 11:00 to 11:30, 12:00 to 13:00, 15:30 to 16:00; \nPamela has blocked their calendar on Monday during 11:00 to 11:30, 14:00 to 14:30; \nKaren is busy on Monday during 9:00 to 10:00, 10:30 to 11:30, 12:30 to 13:30, 14:00 to 14:30, 15:00 to 16:00, 16:30 to 17:00; \nNancy is busy on Monday during 9:00 to 12:00, 12:30 to 13:00, 13:30 to 14:00, 15:30 to 16:00, 16:30 to 17:00; \n\nMarilyn would like to avoid more meetings on Monday after 15:00. Find a time that works for everyone's schedule and constraints. \nSOLUTION: Here is the proposed time: Monday, 14:30 - 15:00 \n\nTASK: You need to schedule a meeting for Jeremy, Sara, Jerry and Kathleen for half an hour between the work hours of 9:00 to 17:00 on Monday. \n\nHere are the existing schedules for everyone during the day: \nJeremyhas no meetings the whole day.\nSara has blocked their calendar on Monday during 14:30 to 15:00, 16:30 to 17:00; \nJerry has blocked their calendar on Monday during 9:30 to 10:30, 11:00 to 12:00, 13:30 to 14:00, 14:30 to 17:00; \nKathleen has meetings on Monday during 9:00 to 9:30, 10:00 to 11:00, 11:30 to 12:30, 14:00 to 14:30, 15:30 to 16:00, 16:30 to 17:00; \n\nFind a time that works for everyone's schedule and constraints. \nSOLUTION: Here is the proposed time: Monday, 12:30 - 13:00 \n\nTASK: You need to schedule a meeting for Grace, Alexis, Helen and Ashley for half an hour between the work hours of 9:00 to 17:00 on Monday. \n\nHere are the existing schedules for everyone during the day: \nGrace's calendar is wide open the entire day.\nAlexishas no meetings the whole day.\nHelen is busy on Monday during 9:00 to 12:00, 12:30 to 14:00, 14:30 to 15:00, 15:30 to 16:00, 16:30 to 17:00; \nAshley has meetings on Monday during 9:00 to 9:30, 10:00 to 10:30, 11:00 to 14:00, 14:30 to 15:00, 15:30 to 17:00; \n\nGrace would like to avoid more meetings on Monday after 15:00. Find a time that works for everyone's schedule and constraints. \nSOLUTION: "", 'golden_plan': 'Here is the proposed time: Monday, 14:00 - 14:30 ', 'pred_5shot_pro': ""Here is the proposed time: **Monday, 12:00 - 12:30** \n\nHere's why this works:\n\n* **Grace:**  Free all day, and this time is before her 15:00 preference.\n* **Alexis:** Free all day.\n* **Helen:** Has a break between 12:00 and 12:30.\n* **Ashley:**  Has a break between 12:00 and 12:30. \n"", 'prompt_0shot': ""You are an expert at scheduling meetings. You are given a few constraints on the existing schedule of each participant, the meeting duration, and possibly some preferences on the meeting time. Note there exists a solution that works with existing schedule of every participant. Here are a few example tasks and solutions:\n\nTASK: You need to schedule a meeting for Grace, Alexis, Helen and Ashley for half an hour between the work hours of 9:00 to 17:00 on Monday. \n\nHere are the existing schedules for everyone during the day: \nGrace's calendar is wide open the entire day.\nAlexishas no meetings the whole day.\nHelen is busy on Monday during 9:00 to 12:00, 12:30 to 14:00, 14:30 to 15:00, 15:30 to 16:00, 16:30 to 17:00; \nAshley has meetings on Monday during 9:00 to 9:30, 10:00 to 10:30, 11:00 to 14:00, 14:30 to 15:00, 15:30 to 17:00; \n\nGrace would like to avoid more meetings on Monday after 15:00. Find a time that works for everyone's schedule and constraints. \nSOLUTION: ""}",True,4049.0,1055.0,3.4794609546661377,0.0008269,react
calendar_scheduling_example_870,"Here is the proposed time: Tuesday, 09:30 - 10:00","{'num_people': '2', 'num_days': '4', 'duration': '0.5', 'prompt_5shot': ""You are an expert at scheduling meetings. You are given a few constraints on the existing schedule of each participant, the meeting duration, and possibly some preferences on the meeting time. Note there exists a solution that works with existing schedule of every participant. Here are a few example tasks and solutions:\n\nTASK: You need to schedule a meeting for Diane and Austin for half an hour between the work hours of 9:00 to 17:00 on either Monday, Tuesday, Wednesday or Thursday. \n\nHere are the existing schedules for everyone during the days: \nDiane has meetings on Monday during 9:00 to 9:30, 11:00 to 11:30, 13:30 to 14:00, Tuesday during 11:30 to 12:00, 16:30 to 17:00, Wednesday during 12:30 to 13:00, 14:00 to 14:30, Thursday during 9:30 to 10:00, 14:30 to 15:00, 15:30 to 16:00; \nAustin is busy on Monday during 9:00 to 10:00, 10:30 to 17:00, Tuesday during 9:00 to 17:00, Wednesday during 9:00 to 10:00, 11:00 to 16:00, Thursday during 9:00 to 12:00, 12:30 to 17:00; \n\nDiane would rather not meet on Thursday. Austin do not want to meet on Wednesday. Find a time that works for everyone's schedule and constraints. \nSOLUTION: Here is the proposed time: Monday, 10:00 - 10:30 \n\nTASK: You need to schedule a meeting for Henry and Patricia for half an hour between the work hours of 9:00 to 17:00 on either Monday, Tuesday, Wednesday or Thursday. \n\nHere are the existing schedules for everyone during the days: \nHenry is free the entire week.\nPatricia has blocked their calendar on Monday during 10:30 to 11:00, 11:30 to 13:30, 14:30 to 15:00, 15:30 to 16:00, Tuesday during 9:00 to 11:00, 11:30 to 12:00, 12:30 to 13:00, 15:00 to 15:30, 16:00 to 17:00, Wednesday during 9:00 to 11:30, 12:30 to 14:00, 16:00 to 16:30, Thursday during 10:00 to 10:30, 11:00 to 12:30, 14:00 to 15:00, 16:30 to 17:00; \n\nHenry can not meet on Monday. Wednesday. Thursday. Patricia would rather not meet on Tuesday after 12:30. Find a time that works for everyone's schedule and constraints. \nSOLUTION: Here is the proposed time: Tuesday, 12:00 - 12:30 \n\nTASK: You need to schedule a meeting for Charles and Walter for half an hour between the work hours of 9:00 to 17:00 on either Monday, Tuesday, Wednesday or Thursday. \n\nHere are the existing schedules for everyone during the days: \nCharles is busy on Monday during 9:00 to 11:00, 13:00 to 13:30, 16:00 to 16:30, Tuesday during 10:00 to 10:30, 11:30 to 12:00, 12:30 to 14:00, Wednesday during 9:30 to 10:30, 12:00 to 12:30, 13:00 to 14:00, 14:30 to 16:00, 16:30 to 17:00, Thursday during 10:00 to 12:00, 14:30 to 15:30, 16:00 to 17:00; \nWalter has meetings on Monday during 10:00 to 14:00, 14:30 to 15:00, 15:30 to 16:30, Tuesday during 9:00 to 10:00, 10:30 to 13:30, 14:00 to 15:30, 16:00 to 17:00, Wednesday during 10:30 to 11:00, 12:00 to 14:00, 15:30 to 16:00, Thursday during 9:00 to 15:00, 15:30 to 16:00, 16:30 to 17:00; \n\nCharles do not want to meet on Tuesday. Walter can not meet on Monday after 16:30. Wednesday. Find a time that works for everyone's schedule and constraints. \nSOLUTION: Here is the proposed time: Monday, 15:00 - 15:30 \n\nTASK: You need to schedule a meeting for Bryan and Abigail for half an hour between the work hours of 9:00 to 17:00 on either Monday, Tuesday, Wednesday or Thursday. \n\nHere are the existing schedules for everyone during the days: \nBryan is busy on Monday during 9:00 to 10:30, 11:30 to 12:00, 12:30 to 13:30, 15:00 to 15:30, 16:30 to 17:00, Tuesday during 10:30 to 11:00, 13:30 to 14:00, 16:30 to 17:00, Wednesday during 9:30 to 10:00, 12:00 to 13:00, Thursday during 10:30 to 11:00, 11:30 to 13:00, 13:30 to 14:00, 16:30 to 17:00; \nAbigail has meetings on Monday during 9:00 to 9:30, 10:00 to 10:30, 11:00 to 11:30, 12:30 to 13:00, 13:30 to 14:00, 14:30 to 15:00, 15:30 to 17:00, Tuesday during 9:30 to 14:00, 15:00 to 15:30, 16:00 to 16:30, Wednesday during 9:00 to 12:00, 12:30 to 13:00, 13:30 to 14:30, 15:00 to 15:30, 16:00 to 17:00, Thursday during 9:00 to 9:30, 10:00 to 13:30, 14:00 to 17:00; \n\nBryan can not meet on Tuesday. Abigail would like to avoid more meetings on Monday. Wednesday after 13:30. Thursday. Find a time that works for everyone's schedule and constraints. \nSOLUTION: Here is the proposed time: Wednesday, 13:00 - 13:30 \n\nTASK: You need to schedule a meeting for Nicole and Ronald for one hour between the work hours of 9:00 to 17:00 on either Monday, Tuesday, Wednesday or Thursday. \n\nHere are the existing schedules for everyone during the days: \nNicole is busy on Monday during 10:00 to 10:30, 11:30 to 12:00, 13:00 to 13:30, 14:00 to 14:30, 15:00 to 15:30, 16:30 to 17:00, Tuesday during 9:00 to 9:30, 10:30 to 11:30, 12:30 to 13:30, 14:00 to 15:30, 16:00 to 17:00, Wednesday during 9:00 to 9:30, 10:30 to 11:00, 12:30 to 13:30, 16:00 to 16:30, Thursday during 9:00 to 9:30, 11:00 to 12:30, 13:30 to 14:30, 16:30 to 17:00; \nRonald has blocked their calendar on Monday during 9:00 to 15:30, 16:30 to 17:00, Tuesday during 9:00 to 10:00, 11:00 to 11:30, 16:30 to 17:00, Wednesday during 9:00 to 12:00, 13:00 to 13:30, 14:00 to 14:30, 15:00 to 15:30, 16:00 to 17:00, Thursday during 9:00 to 9:30, 11:00 to 12:30, 13:00 to 14:30, 15:00 to 16:00; \n\nThe group would like to meet at their earlist availability.\nFind a time that works for everyone's schedule and constraints. \nSOLUTION: Here is the proposed time: Monday, 15:30 - 16:30 \n\nTASK: You need to schedule a meeting for Doris and Jeremy for half an hour between the work hours of 9:00 to 17:00 on either Monday, Tuesday, Wednesday or Thursday. \n\nHere are the existing schedules for everyone during the days: \nDoris has meetings on Monday during 11:30 to 12:00, Wednesday during 9:00 to 9:30, 11:00 to 11:30, Thursday during 10:30 to 11:00; \nJeremy has blocked their calendar on Monday during 9:00 to 9:30, 12:30 to 13:30, 14:30 to 15:00, 15:30 to 16:30, Tuesday during 9:00 to 9:30, 10:30 to 11:00, 11:30 to 12:00, 12:30 to 14:00, 14:30 to 15:30, 16:00 to 17:00, Wednesday during 9:00 to 10:30, 11:00 to 17:00, Thursday during 9:00 to 12:30, 13:00 to 15:00, 15:30 to 16:30; \n\nDoris can not meet on Monday. Tuesday. Jeremy would rather not meet on Thursday. Find a time that works for everyone's schedule and constraints. \nSOLUTION: "", 'golden_plan': 'Here is the proposed time: Wednesday, 10:30 - 11:00 ', 'pred_5shot_pro': 'Here is the proposed time: Wednesday, 10:30 - 11:00 \n', 'prompt_0shot': ""You are an expert at scheduling meetings. You are given a few constraints on the existing schedule of each participant, the meeting duration, and possibly some preferences on the meeting time. Note there exists a solution that works with existing schedule of every participant. Here are a few example tasks and solutions:\n\nTASK: You need to schedule a meeting for Doris and Jeremy for half an hour between the work hours of 9:00 to 17:00 on either Monday, Tuesday, Wednesday or Thursday. \n\nHere are the existing schedules for everyone during the days: \nDoris has meetings on Monday during 11:30 to 12:00, Wednesday during 9:00 to 9:30, 11:00 to 11:30, Thursday during 10:30 to 11:00; \nJeremy has blocked their calendar on Monday during 9:00 to 9:30, 12:30 to 13:30, 14:30 to 15:00, 15:30 to 16:30, Tuesday during 9:00 to 9:30, 10:30 to 11:00, 11:30 to 12:00, 12:30 to 14:00, 14:30 to 15:30, 16:00 to 17:00, Wednesday during 9:00 to 10:30, 11:00 to 17:00, Thursday during 9:00 to 12:30, 13:00 to 15:00, 15:30 to 16:30; \n\nDoris can not meet on Monday. Tuesday. Jeremy would rather not meet on Thursday. Find a time that works for everyone's schedule and constraints. \nSOLUTION: ""}",False,13883.0,1463.0,13.40207552909851,0.0019735,react
calendar_scheduling_example_454,"Here is the proposed time: Monday, 10:30 - 11:00
","{'num_people': '7', 'num_days': '1', 'duration': '0.5', 'prompt_5shot': ""You are an expert at scheduling meetings. You are given a few constraints on the existing schedule of each participant, the meeting duration, and possibly some preferences on the meeting time. Note there exists a solution that works with existing schedule of every participant. Here are a few example tasks and solutions:\n\nTASK: You need to schedule a meeting for Dennis, Karen, Ashley, Rebecca, Bradley, Vincent and Bryan for half an hour between the work hours of 9:00 to 17:00 on Monday. \n\nHere are the existing schedules for everyone during the day: \nDennis has blocked their calendar on Monday during 15:30 to 16:00, 16:30 to 17:00; \nKaren is free the entire day.\nAshley is busy on Monday during 10:30 to 11:00, 14:00 to 15:00, 15:30 to 16:00; \nRebecca has meetings on Monday during 13:00 to 14:00; \nBradley has blocked their calendar on Monday during 9:00 to 11:00, 12:00 to 17:00; \nVincent has blocked their calendar on Monday during 10:00 to 11:30, 12:00 to 14:00, 14:30 to 15:00; \nBryan has blocked their calendar on Monday during 9:00 to 10:00, 10:30 to 11:30, 12:00 to 12:30, 14:00 to 15:00, 15:30 to 16:00; \n\nFind a time that works for everyone's schedule and constraints. \nSOLUTION: Here is the proposed time: Monday, 11:30 - 12:00 \n\nTASK: You need to schedule a meeting for Jerry, Abigail, Charlotte, Jessica, Sarah, Carol and Joan for half an hour between the work hours of 9:00 to 17:00 on Monday. \n\nHere are the existing schedules for everyone during the day: \nJerry is busy on Monday during 10:30 to 11:00, 11:30 to 12:00, 13:00 to 13:30, 14:30 to 15:00; \nAbigail is busy on Monday during 9:00 to 9:30, 11:00 to 11:30, 13:00 to 13:30, 14:30 to 15:00, 15:30 to 16:30; \nCharlotte has meetings on Monday during 12:00 to 12:30, 15:00 to 15:30, 16:00 to 17:00; \nJessica's calendar is wide open the entire day.\nSarah is busy on Monday during 10:30 to 11:30, 13:00 to 13:30, 14:30 to 17:00; \nCarol has meetings on Monday during 9:00 to 10:00, 10:30 to 15:30, 16:00 to 17:00; \nJoan has blocked their calendar on Monday during 10:30 to 13:00, 13:30 to 14:00, 15:00 to 17:00; \n\nFind a time that works for everyone's schedule and constraints. \nSOLUTION: Here is the proposed time: Monday, 10:00 - 10:30 \n\nTASK: You need to schedule a meeting for Martha, Julia, Zachary, Joseph, Joshua, Arthur and Frances for half an hour between the work hours of 9:00 to 17:00 on Monday. \n\nHere are the existing schedules for everyone during the day: \nMarthahas no meetings the whole day.\nJulia has blocked their calendar on Monday during 11:00 to 11:30, 12:30 to 13:00, 13:30 to 14:00, 16:30 to 17:00; \nZachary has blocked their calendar on Monday during 13:30 to 14:00, 15:00 to 15:30; \nJoseph has blocked their calendar on Monday during 9:00 to 9:30, 10:00 to 10:30, 12:00 to 13:00, 14:30 to 15:30; \nJoshua has blocked their calendar on Monday during 9:00 to 9:30, 10:00 to 10:30, 11:30 to 12:30, 13:00 to 14:00, 15:30 to 16:30; \nArthur has meetings on Monday during 9:00 to 9:30, 11:00 to 12:00, 13:00 to 14:30, 16:00 to 17:00; \nFrances has meetings on Monday during 10:30 to 13:30, 15:00 to 15:30, 16:00 to 16:30; \n\nFind a time that works for everyone's schedule and constraints. \nSOLUTION: Here is the proposed time: Monday, 9:30 - 10:00 \n\nTASK: You need to schedule a meeting for Angela, Timothy, Julie, Emma, Madison, Daniel and Kimberly for half an hour between the work hours of 9:00 to 17:00 on Monday. \n\nHere are the existing schedules for everyone during the day: \nAngela has meetings on Monday during 10:30 to 11:00, 14:30 to 15:00; \nTimothy is free the entire day.\nJulie is busy on Monday during 14:00 to 14:30, 15:00 to 15:30; \nEmma has meetings on Monday during 12:30 to 13:30; \nMadison has meetings on Monday during 9:30 to 10:30, 11:30 to 12:30, 13:30 to 14:00, 14:30 to 15:00, 15:30 to 16:30; \nDaniel is busy on Monday during 10:00 to 14:00, 14:30 to 15:30, 16:00 to 17:00; \nKimberly has meetings on Monday during 10:00 to 10:30, 11:00 to 14:00, 14:30 to 17:00; \n\nFind a time that works for everyone's schedule and constraints. \nSOLUTION: Here is the proposed time: Monday, 9:00 - 9:30 \n\nTASK: You need to schedule a meeting for William, Ronald, Elizabeth, Justin, Gregory, Philip and Evelyn for half an hour between the work hours of 9:00 to 17:00 on Monday. \n\nHere are the existing schedules for everyone during the day: \nWilliam is busy on Monday during 10:00 to 10:30, 12:30 to 13:00, 16:00 to 17:00; \nRonaldhas no meetings the whole day.\nElizabeth is busy on Monday during 9:00 to 10:00, 12:30 to 13:00, 14:30 to 15:00; \nJustin is busy on Monday during 12:00 to 12:30, 14:00 to 14:30; \nGregory has blocked their calendar on Monday during 10:00 to 10:30, 12:00 to 13:30, 14:00 to 15:00, 15:30 to 16:30; \nPhilip has blocked their calendar on Monday during 9:00 to 11:00, 12:30 to 13:30, 15:00 to 15:30, 16:00 to 16:30; \nEvelyn has blocked their calendar on Monday during 9:00 to 11:00, 11:30 to 13:30, 14:00 to 17:00; \n\nJustin do not want to meet on Monday after 13:30. Find a time that works for everyone's schedule and constraints. \nSOLUTION: Here is the proposed time: Monday, 11:00 - 11:30 \n\nTASK: You need to schedule a meeting for Sara, Ethan, Stephanie, Hannah, Kevin, Susan and Bryan for half an hour between the work hours of 9:00 to 17:00 on Monday. \n\nHere are the existing schedules for everyone during the day: \nSara has blocked their calendar on Monday during 9:30 to 10:30; \nEthan has meetings on Monday during 11:00 to 11:30, 12:00 to 12:30, 13:30 to 15:00, 15:30 to 16:00; \nStephanie's calendar is wide open the entire day.\nHannah is busy on Monday during 12:30 to 13:30, 15:30 to 16:00, 16:30 to 17:00; \nKevin has blocked their calendar on Monday during 9:00 to 15:00, 15:30 to 16:00, 16:30 to 17:00; \nSusan has blocked their calendar on Monday during 10:00 to 10:30, 11:00 to 13:30, 14:30 to 16:00, 16:30 to 17:00; \nBryan has blocked their calendar on Monday during 9:00 to 9:30, 10:00 to 10:30, 11:30 to 12:00, 13:30 to 15:30, 16:30 to 17:00; \n\nFind a time that works for everyone's schedule and constraints. \nSOLUTION: "", 'golden_plan': 'Here is the proposed time: Monday, 16:00 - 16:30 ', 'pred_5shot_pro': 'Here is the proposed time: Monday, 12:00 - 12:30 \n', 'prompt_0shot': ""You are an expert at scheduling meetings. You are given a few constraints on the existing schedule of each participant, the meeting duration, and possibly some preferences on the meeting time. Note there exists a solution that works with existing schedule of every participant. Here are a few example tasks and solutions:\n\nTASK: You need to schedule a meeting for Sara, Ethan, Stephanie, Hannah, Kevin, Susan and Bryan for half an hour between the work hours of 9:00 to 17:00 on Monday. \n\nHere are the existing schedules for everyone during the day: \nSara has blocked their calendar on Monday during 9:30 to 10:30; \nEthan has meetings on Monday during 11:00 to 11:30, 12:00 to 12:30, 13:30 to 15:00, 15:30 to 16:00; \nStephanie's calendar is wide open the entire day.\nHannah is busy on Monday during 12:30 to 13:30, 15:30 to 16:00, 16:30 to 17:00; \nKevin has blocked their calendar on Monday during 9:00 to 15:00, 15:30 to 16:00, 16:30 to 17:00; \nSusan has blocked their calendar on Monday during 10:00 to 10:30, 11:00 to 13:30, 14:30 to 16:00, 16:30 to 17:00; \nBryan has blocked their calendar on Monday during 9:00 to 9:30, 10:00 to 10:30, 11:30 to 12:00, 13:30 to 15:30, 16:30 to 17:00; \n\nFind a time that works for everyone's schedule and constraints. \nSOLUTION: ""}",False,5101.0,1595.0,13.0325345993042,0.0011481,react
calendar_scheduling_example_570,"Here is the proposed time: Monday, 09:00 - 09:30
","{'num_people': '2', 'num_days': '1', 'duration': '0.5', 'prompt_5shot': ""You are an expert at scheduling meetings. You are given a few constraints on the existing schedule of each participant, the meeting duration, and possibly some preferences on the meeting time. Note there exists a solution that works with existing schedule of every participant. Here are a few example tasks and solutions:\n\nTASK: You need to schedule a meeting for Debra and Eric for one hour between the work hours of 9:00 to 17:00 on Monday. \n\nHere are the existing schedules for everyone during the day: \nDebra has blocked their calendar on Monday during 10:00 to 10:30, 12:00 to 13:00, 14:00 to 14:30, 15:00 to 15:30, 16:30 to 17:00; \nEric has blocked their calendar on Monday during 9:00 to 10:00, 10:30 to 12:30, 13:30 to 14:00, 16:30 to 17:00; \n\nFind a time that works for everyone's schedule and constraints. \nSOLUTION: Here is the proposed time: Monday, 15:30 - 16:30 \n\nTASK: You need to schedule a meeting for Helen and Vincent for one hour between the work hours of 9:00 to 17:00 on Monday. \n\nHere are the existing schedules for everyone during the day: \nHelen is busy on Monday during 10:00 to 11:00, 15:00 to 15:30, 16:00 to 16:30; \nVincent has blocked their calendar on Monday during 10:00 to 10:30, 11:00 to 11:30, 12:00 to 13:00, 13:30 to 14:30, 15:00 to 17:00; \n\nFind a time that works for everyone's schedule and constraints. \nSOLUTION: Here is the proposed time: Monday, 9:00 - 10:00 \n\nTASK: You need to schedule a meeting for Dylan and Samuel for half an hour between the work hours of 9:00 to 17:00 on Monday. \n\nHere are the existing schedules for everyone during the day: \nDylan's calendar is wide open the entire day.\nSamuel is busy on Monday during 9:00 to 11:00, 11:30 to 13:00, 13:30 to 14:00, 14:30 to 16:00, 16:30 to 17:00; \n\nDylan do not want to meet on Monday after 13:30. Find a time that works for everyone's schedule and constraints. \nSOLUTION: Here is the proposed time: Monday, 13:00 - 13:30 \n\nTASK: You need to schedule a meeting for Joseph and Dylan for one hour between the work hours of 9:00 to 17:00 on Monday. \n\nHere are the existing schedules for everyone during the day: \nJoseph has blocked their calendar on Monday during 11:30 to 12:00, 15:30 to 17:00; \nDylan has meetings on Monday during 9:00 to 10:30, 12:30 to 13:00, 13:30 to 14:30, 16:00 to 17:00; \n\nDylan can not meet on Monday before 14:00. Find a time that works for everyone's schedule and constraints. \nSOLUTION: Here is the proposed time: Monday, 14:30 - 15:30 \n\nTASK: You need to schedule a meeting for Eric and Beverly for one hour between the work hours of 9:00 to 17:00 on Monday. \n\nHere are the existing schedules for everyone during the day: \nEric is busy on Monday during 9:30 to 10:00, 13:30 to 14:30, 15:30 to 16:00; \nBeverly has meetings on Monday during 9:00 to 9:30, 11:00 to 13:00, 14:00 to 14:30, 15:00 to 15:30, 16:30 to 17:00; \n\nFind a time that works for everyone's schedule and constraints. \nSOLUTION: Here is the proposed time: Monday, 10:00 - 11:00 \n\nTASK: You need to schedule a meeting for Donna and Sophia for half an hour between the work hours of 9:00 to 17:00 on Monday. \n\nHere are the existing schedules for everyone during the day: \nDonna is free the entire day.\nSophia has meetings on Monday during 9:30 to 12:00, 12:30 to 13:00, 14:30 to 16:30; \n\nDonna would like to avoid more meetings on Monday after 10:30. Find a time that works for everyone's schedule and constraints. \nSOLUTION: "", 'golden_plan': 'Here is the proposed time: Monday, 9:00 - 9:30 ', 'pred_5shot_pro': 'Here is the proposed time: Monday, 9:00 - 9:30 \n', 'prompt_0shot': ""You are an expert at scheduling meetings. You are given a few constraints on the existing schedule of each participant, the meeting duration, and possibly some preferences on the meeting time. Note there exists a solution that works with existing schedule of every participant. Here are a few example tasks and solutions:\n\nTASK: You need to schedule a meeting for Donna and Sophia for half an hour between the work hours of 9:00 to 17:00 on Monday. \n\nHere are the existing schedules for everyone during the day: \nDonna is free the entire day.\nSophia has meetings on Monday during 9:30 to 12:00, 12:30 to 13:00, 14:30 to 16:30; \n\nDonna would like to avoid more meetings on Monday after 10:30. Find a time that works for everyone's schedule and constraints. \nSOLUTION: ""}",True,3420.0,734.0,9.764488220214844,0.0006355999999999999,react
calendar_scheduling_example_308,"Here is the proposed time: Monday, 11:30 - 12:00
","{'num_people': '6', 'num_days': '1', 'duration': '0.5', 'prompt_5shot': ""You are an expert at scheduling meetings. You are given a few constraints on the existing schedule of each participant, the meeting duration, and possibly some preferences on the meeting time. Note there exists a solution that works with existing schedule of every participant. Here are a few example tasks and solutions:\n\nTASK: You need to schedule a meeting for Gabriel, Brandon, Janet, Maria, Joshua and Victoria for half an hour between the work hours of 9:00 to 17:00 on Monday. \n\nHere are the existing schedules for everyone during the day: \nGabrielhas no meetings the whole day.\nBrandon's calendar is wide open the entire day.\nJanet is busy on Monday during 9:30 to 10:00, 13:00 to 13:30; \nMaria has meetings on Monday during 10:00 to 12:00, 13:30 to 14:00, 14:30 to 15:00, 16:00 to 17:00; \nJoshua has meetings on Monday during 9:30 to 10:00, 10:30 to 11:30, 12:30 to 14:00, 14:30 to 15:30; \nVictoria has blocked their calendar on Monday during 9:30 to 10:30, 12:00 to 13:30, 14:30 to 15:00, 15:30 to 16:30; \n\nMaria would like to avoid more meetings on Monday after 14:00. Find a time that works for everyone's schedule and constraints. \nSOLUTION: Here is the proposed time: Monday, 9:00 - 9:30 \n\nTASK: You need to schedule a meeting for Jeffrey, Samantha, Abigail, Amanda, Jordan and Samuel for half an hour between the work hours of 9:00 to 17:00 on Monday. \n\nHere are the existing schedules for everyone during the day: \nJeffrey has meetings on Monday during 10:00 to 11:00, 12:00 to 14:00; \nSamantha is busy on Monday during 9:30 to 10:00, 13:00 to 13:30, 14:00 to 14:30, 15:00 to 15:30, 16:00 to 17:00; \nAbigail has blocked their calendar on Monday during 9:00 to 10:00, 11:30 to 12:00, 16:00 to 16:30; \nAmanda has blocked their calendar on Monday during 9:30 to 15:30, 16:00 to 17:00; \nJordan has meetings on Monday during 9:30 to 10:00, 11:00 to 14:00, 14:30 to 15:30, 16:30 to 17:00; \nSamuel is busy on Monday during 9:00 to 9:30, 10:00 to 13:30, 14:30 to 15:30, 16:00 to 17:00; \n\nFind a time that works for everyone's schedule and constraints. \nSOLUTION: Here is the proposed time: Monday, 15:30 - 16:00 \n\nTASK: You need to schedule a meeting for Janice, Melissa, Helen, Kelly, Catherine and Jordan for half an hour between the work hours of 9:00 to 17:00 on Monday. \n\nHere are the existing schedules for everyone during the day: \nJanice has blocked their calendar on Monday during 10:30 to 11:00, 11:30 to 12:00, 13:00 to 13:30, 14:30 to 15:00, 15:30 to 16:00, 16:30 to 17:00; \nMelissahas no meetings the whole day.\nHelen is busy on Monday during 9:30 to 10:00, 11:30 to 12:00, 15:30 to 16:00, 16:30 to 17:00; \nKelly is busy on Monday during 9:00 to 9:30, 10:00 to 11:00, 11:30 to 17:00; \nCatherine is busy on Monday during 9:00 to 9:30, 10:00 to 10:30, 11:30 to 14:00, 15:30 to 16:00; \nJordan has meetings on Monday during 9:00 to 11:00, 11:30 to 15:00, 15:30 to 17:00; \n\nFind a time that works for everyone's schedule and constraints. \nSOLUTION: Here is the proposed time: Monday, 11:00 - 11:30 \n\nTASK: You need to schedule a meeting for Maria, Joshua, Julia, Gloria, Amy and Judith for half an hour between the work hours of 9:00 to 17:00 on Monday. \n\nHere are the existing schedules for everyone during the day: \nMaria is busy on Monday during 9:30 to 10:00, 10:30 to 11:00, 14:30 to 15:00, 16:30 to 17:00; \nJoshua is busy on Monday during 9:30 to 10:00, 11:00 to 11:30; \nJulia has meetings on Monday during 9:30 to 10:00, 10:30 to 11:00, 11:30 to 12:00, 14:30 to 15:30, 16:00 to 16:30; \nGloria has meetings on Monday during 11:00 to 12:00, 12:30 to 14:00, 14:30 to 17:00; \nAmy has meetings on Monday during 10:30 to 11:00, 11:30 to 12:30, 13:00 to 15:00, 16:30 to 17:00; \nJudith is busy on Monday during 9:30 to 11:00, 11:30 to 12:00, 13:00 to 14:30, 15:00 to 15:30, 16:00 to 17:00; \n\nFind a time that works for everyone's schedule and constraints. \nSOLUTION: Here is the proposed time: Monday, 9:00 - 9:30 \n\nTASK: You need to schedule a meeting for Kimberly, Adam, Terry, Judy, Scott and Elijah for half an hour between the work hours of 9:00 to 17:00 on Monday. \n\nHere are the existing schedules for everyone during the day: \nKimberly has meetings on Monday during 10:00 to 10:30, 15:00 to 15:30; \nAdam has meetings on Monday during 11:30 to 12:00, 12:30 to 13:00; \nTerry has meetings on Monday during 11:30 to 12:30; \nJudy is busy on Monday during 9:00 to 11:00, 12:00 to 13:30, 15:30 to 16:00; \nScott has meetings on Monday during 9:30 to 10:00, 11:00 to 12:00, 12:30 to 13:30, 14:00 to 14:30, 15:00 to 15:30, 16:00 to 16:30; \nElijah has meetings on Monday during 11:00 to 13:30, 14:00 to 16:00, 16:30 to 17:00; \n\nFind a time that works for everyone's schedule and constraints. \nSOLUTION: Here is the proposed time: Monday, 13:30 - 14:00 \n\nTASK: You need to schedule a meeting for Adam, Frances, Natalie, Patrick, Willie and Diana for half an hour between the work hours of 9:00 to 17:00 on Monday. \n\nHere are the existing schedules for everyone during the day: \nAdam has meetings on Monday during 10:00 to 10:30, 12:30 to 13:00; \nFrances has blocked their calendar on Monday during 12:30 to 13:00, 14:00 to 14:30; \nNatalie has blocked their calendar on Monday during 10:30 to 11:00, 12:30 to 13:30, 16:00 to 16:30; \nPatrick is busy on Monday during 10:30 to 11:00, 12:00 to 14:00, 14:30 to 16:00; \nWillie is busy on Monday during 9:00 to 10:00, 10:30 to 11:30, 12:00 to 13:00, 14:00 to 15:30, 16:00 to 16:30; \nDiana is busy on Monday during 9:00 to 10:30, 11:00 to 16:30; \n\nFind a time that works for everyone's schedule and constraints. \nSOLUTION: "", 'golden_plan': 'Here is the proposed time: Monday, 16:30 - 17:00 ', 'pred_5shot_pro': 'Here is the proposed time: Monday, 16:30 - 17:00 \n', 'prompt_0shot': ""You are an expert at scheduling meetings. You are given a few constraints on the existing schedule of each participant, the meeting duration, and possibly some preferences on the meeting time. Note there exists a solution that works with existing schedule of every participant. Here are a few example tasks and solutions:\n\nTASK: You need to schedule a meeting for Adam, Frances, Natalie, Patrick, Willie and Diana for half an hour between the work hours of 9:00 to 17:00 on Monday. \n\nHere are the existing schedules for everyone during the day: \nAdam has meetings on Monday during 10:00 to 10:30, 12:30 to 13:00; \nFrances has blocked their calendar on Monday during 12:30 to 13:00, 14:00 to 14:30; \nNatalie has blocked their calendar on Monday during 10:30 to 11:00, 12:30 to 13:30, 16:00 to 16:30; \nPatrick is busy on Monday during 10:30 to 11:00, 12:00 to 14:00, 14:30 to 16:00; \nWillie is busy on Monday during 9:00 to 10:00, 10:30 to 11:30, 12:00 to 13:00, 14:00 to 15:30, 16:00 to 16:30; \nDiana is busy on Monday during 9:00 to 10:30, 11:00 to 16:30; \n\nFind a time that works for everyone's schedule and constraints. \nSOLUTION: ""}",False,10085.0,1362.0,7.47608494758606,0.0015532999999999999,react
calendar_scheduling_example_106,"The function `calendar_scheduling` would first call `parse_schedules` with the provided prompt to get structured information about participants, their schedules, and meeting constraints. Then, it would call `find_available_slots` with the original prompt and the JSON output from `parse_schedules` to identify all possible meeting times. Finally, it would use `select_and_format` to choose the earliest available slot and format it according to the specified output format.

Here's a step-by-step breakdown of how the tools would be used:

1. **`default_api.parse_schedules(problem_text='You are an expert at scheduling meetings. You are given a few constraints on the existing schedule of each participant, the meeting duration, and possibly some preferences on the meeting time. Note there exists a solution that works with existing schedule of every participant. Here are a few example tasks and solutions:\n\nTASK: You need to schedule a meeting for Olivia, Anna, Virginia and Paul for one hour between the work hours of 9:00 to 17:00 on Monday. \n\nHere are the existing schedules for everyone during the day: \nOlivia has blocked their calendar on Monday during 12:30 to 13:30, 14:30 to 15:00, 16:30 to 17:00; \nAnnahas no meetings the whole day.\nVirginia has blocked their calendar on Monday during 9:00 to 10:00, 11:30 to 16:00, 16:30 to 17:00; \nPaul has meetings on Monday during 9:00 to 9:30, 11:00 to 11:30, 13:00 to 14:00, 14:30 to 16:00, 16:30 to 17:00; \n\nFind a time that works for everyone\'s schedule and constraints. \nSOLUTION: ')**
   This call would parse the prompt and return a JSON object detailing the participants, their busy times, the meeting duration (1 hour), working hours (9:00-17:00), and the day (Monday).

2. **`default_api.find_available_slots(problem_text='You are an expert at scheduling meetings. You are given a few constraints on the existing schedule of each participant, the meeting duration, and possibly some preferences on the meeting time. Note there exists a solution that works with existing schedule of every participant. Here are a few example tasks and solutions:\n\nTASK: You need to schedule a meeting for Olivia, Anna, Virginia and Paul for one hour between the work hours of 9:00 to 17:00 on Monday. \n\nHere are the existing schedules for everyone during the day: \nOlivia has blocked their calendar on Monday during 12:30 to 13:30, 14:30 to 15:00, 16:30 to 17:00; \nAnnahas no meetings the whole day.\nVirginia has blocked their calendar on Monday during 9:00 to 10:00, 11:30 to 16:00, 16:30 to 17:00; \nPaul has meetings on Monday during 9:00 to 9:30, 11:00 to 11:30, 13:00 to 14:00, 14:30 to 16:00, 16:30 to 17:00; \n\nFind a time that works for everyone\'s schedule and constraints. \nSOLUTION: ', schedules_json='{...}')**
   This call would take the structured schedule information and the original prompt to find all possible one-hour slots on Monday where Olivia, Anna, Virginia, and Paul are all available.

3. **`default_api.select_and_format(slots_json='[{""day"": ""Monday"", ""start"": ""10:00"", ""end"": ""11:00""}, {""day"": ""Monday"", ""start"": ""11:00"", ""end"": ""12:00""}, {""day"": ""Monday"", ""start"": ""15:00"", ""end"": ""16:00""}]', preference='earliest')**
   Assuming the `find_available_slots` function returned the slots `[{""day"": ""Monday"", ""start"": ""10:00"", ""end"": ""11:00""}, {""day"": ""Monday"", ""start"": ""11:00"", ""end"": ""12:00""}, {""day"": ""Monday"", ""start"": ""15:00"", ""end"": ""16:00""}]`, this call would select the earliest slot.

The final output would then be:
`Here is the proposed time: Monday, 10:00 - 11:00`","{'num_people': '4', 'num_days': '1', 'duration': '1', 'prompt_5shot': ""You are an expert at scheduling meetings. You are given a few constraints on the existing schedule of each participant, the meeting duration, and possibly some preferences on the meeting time. Note there exists a solution that works with existing schedule of every participant. Here are a few example tasks and solutions:\n\nTASK: You need to schedule a meeting for Carol, Cynthia, Judith and Peter for half an hour between the work hours of 9:00 to 17:00 on Monday. \n\nHere are the existing schedules for everyone during the day: \nCarol has meetings on Monday during 11:00 to 11:30, 12:30 to 14:00, 14:30 to 15:30; \nCynthiahas no meetings the whole day.\nJudith has meetings on Monday during 9:00 to 11:30, 12:00 to 13:00, 13:30 to 14:30, 15:00 to 16:30; \nPeter is busy on Monday during 9:00 to 9:30, 10:00 to 16:30; \n\nFind a time that works for everyone's schedule and constraints. \nSOLUTION: Here is the proposed time: Monday, 16:30 - 17:00 \n\nTASK: You need to schedule a meeting for Karen, Carl, Margaret and Lori for half an hour between the work hours of 9:00 to 17:00 on Monday. \n\nHere are the existing schedules for everyone during the day: \nKaren is busy on Monday during 9:30 to 10:00, 11:00 to 12:00, 15:30 to 16:00; \nCarl is busy on Monday during 9:30 to 10:30, 11:00 to 11:30, 13:00 to 13:30, 14:00 to 14:30, 16:00 to 16:30; \nMargaret is busy on Monday during 9:00 to 14:30, 15:00 to 16:30; \nLori is busy on Monday during 9:00 to 12:30, 13:30 to 14:00, 15:30 to 16:00, 16:30 to 17:00; \n\nFind a time that works for everyone's schedule and constraints. \nSOLUTION: Here is the proposed time: Monday, 14:30 - 15:00 \n\nTASK: You need to schedule a meeting for Lawrence, Brenda, Keith and Kevin for half an hour between the work hours of 9:00 to 17:00 on Monday. \n\nHere are the existing schedules for everyone during the day: \nLawrence has meetings on Monday during 9:30 to 10:00, 11:00 to 11:30, 12:00 to 12:30, 13:30 to 15:00; \nBrenda has meetings on Monday during 9:30 to 10:00, 13:00 to 13:30, 14:00 to 14:30, 16:30 to 17:00; \nKeith has blocked their calendar on Monday during 10:00 to 10:30, 12:00 to 13:00, 14:00 to 16:00, 16:30 to 17:00; \nKevin has blocked their calendar on Monday during 9:00 to 9:30, 10:00 to 10:30, 12:30 to 13:30, 14:00 to 15:00, 15:30 to 16:00, 16:30 to 17:00; \n\nLawrence do not want to meet on Monday after 14:30. Find a time that works for everyone's schedule and constraints. \nSOLUTION: Here is the proposed time: Monday, 11:30 - 12:00 \n\nTASK: You need to schedule a meeting for Marilyn, Pamela, Karen and Nancy for half an hour between the work hours of 9:00 to 17:00 on Monday. \n\nHere are the existing schedules for everyone during the day: \nMarilyn has meetings on Monday during 9:30 to 10:30, 11:00 to 11:30, 12:00 to 13:00, 15:30 to 16:00; \nPamela has blocked their calendar on Monday during 11:00 to 11:30, 14:00 to 14:30; \nKaren is busy on Monday during 9:00 to 10:00, 10:30 to 11:30, 12:30 to 13:30, 14:00 to 14:30, 15:00 to 16:00, 16:30 to 17:00; \nNancy is busy on Monday during 9:00 to 12:00, 12:30 to 13:00, 13:30 to 14:00, 15:30 to 16:00, 16:30 to 17:00; \n\nMarilyn would like to avoid more meetings on Monday after 15:00. Find a time that works for everyone's schedule and constraints. \nSOLUTION: Here is the proposed time: Monday, 14:30 - 15:00 \n\nTASK: You need to schedule a meeting for Jeremy, Sara, Jerry and Kathleen for half an hour between the work hours of 9:00 to 17:00 on Monday. \n\nHere are the existing schedules for everyone during the day: \nJeremyhas no meetings the whole day.\nSara has blocked their calendar on Monday during 14:30 to 15:00, 16:30 to 17:00; \nJerry has blocked their calendar on Monday during 9:30 to 10:30, 11:00 to 12:00, 13:30 to 14:00, 14:30 to 17:00; \nKathleen has meetings on Monday during 9:00 to 9:30, 10:00 to 11:00, 11:30 to 12:30, 14:00 to 14:30, 15:30 to 16:00, 16:30 to 17:00; \n\nFind a time that works for everyone's schedule and constraints. \nSOLUTION: Here is the proposed time: Monday, 12:30 - 13:00 \n\nTASK: You need to schedule a meeting for Olivia, Anna, Virginia and Paul for one hour between the work hours of 9:00 to 17:00 on Monday. \n\nHere are the existing schedules for everyone during the day: \nOlivia has blocked their calendar on Monday during 12:30 to 13:30, 14:30 to 15:00, 16:30 to 17:00; \nAnnahas no meetings the whole day.\nVirginia has blocked their calendar on Monday during 9:00 to 10:00, 11:30 to 16:00, 16:30 to 17:00; \nPaul has meetings on Monday during 9:00 to 9:30, 11:00 to 11:30, 13:00 to 14:00, 14:30 to 16:00, 16:30 to 17:00; \n\nFind a time that works for everyone's schedule and constraints. \nSOLUTION: "", 'golden_plan': 'Here is the proposed time: Monday, 10:00 - 11:00 ', 'pred_5shot_pro': 'Here is the proposed time: Monday, 10:00 - 11:00 \n', 'prompt_0shot': ""You are an expert at scheduling meetings. You are given a few constraints on the existing schedule of each participant, the meeting duration, and possibly some preferences on the meeting time. Note there exists a solution that works with existing schedule of every participant. Here are a few example tasks and solutions:\n\nTASK: You need to schedule a meeting for Olivia, Anna, Virginia and Paul for one hour between the work hours of 9:00 to 17:00 on Monday. \n\nHere are the existing schedules for everyone during the day: \nOlivia has blocked their calendar on Monday during 12:30 to 13:30, 14:30 to 15:00, 16:30 to 17:00; \nAnnahas no meetings the whole day.\nVirginia has blocked their calendar on Monday during 9:00 to 10:00, 11:30 to 16:00, 16:30 to 17:00; \nPaul has meetings on Monday during 9:00 to 9:30, 11:00 to 11:30, 13:00 to 14:00, 14:30 to 16:00, 16:30 to 17:00; \n\nFind a time that works for everyone's schedule and constraints. \nSOLUTION: ""}",True,1345.0,1141.0,4.631469488143921,0.0005909,react
calendar_scheduling_example_659,"Here is the proposed time: Monday, 16:00 - 17:00
","{'num_people': '2', 'num_days': '2', 'duration': '1', 'prompt_5shot': ""You are an expert at scheduling meetings. You are given a few constraints on the existing schedule of each participant, the meeting duration, and possibly some preferences on the meeting time. Note there exists a solution that works with existing schedule of every participant. Here are a few example tasks and solutions:\n\nTASK: You need to schedule a meeting for Bradley and Barbara for half an hour between the work hours of 9:00 to 17:00 on either Monday or Tuesday. \n\nHere are the existing schedules for everyone during the days: \nBradley has meetings on Monday during 9:30 to 10:00, 10:30 to 11:00, 12:30 to 13:30, 14:00 to 14:30, 15:00 to 16:00, 16:30 to 17:00, Tuesday during 10:00 to 10:30, 13:30 to 14:30, 15:30 to 17:00; \nBarbara has blocked their calendar on Monday during 9:30 to 12:00, 13:00 to 16:00, Tuesday during 9:30 to 13:30, 14:30 to 17:00; \n\nBarbara can not meet on Monday. Find a time that works for everyone's schedule and constraints. \nSOLUTION: Here is the proposed time: Tuesday, 9:00 - 9:30 \n\nTASK: You need to schedule a meeting for Patrick and Denise for one hour between the work hours of 9:00 to 17:00 on either Monday or Tuesday. \n\nHere are the existing schedules for everyone during the days: \nPatrick has blocked their calendar on Monday during 10:30 to 11:00, 12:00 to 13:00, 13:30 to 16:00, Tuesday during 9:30 to 10:00, 10:30 to 12:00, 15:30 to 16:00, 16:30 to 17:00; \nDenise has meetings on Monday during 9:00 to 9:30, 10:00 to 13:00, 13:30 to 16:00, 16:30 to 17:00, Tuesday during 10:00 to 11:00, 11:30 to 12:00, 13:00 to 14:00, 14:30 to 15:30, 16:00 to 17:00; \n\nFind a time that works for everyone's schedule and constraints. \nSOLUTION: Here is the proposed time: Tuesday, 12:00 - 13:00 \n\nTASK: You need to schedule a meeting for Willie and Jeffrey for one hour between the work hours of 9:00 to 17:00 on either Monday or Tuesday. \n\nHere are the existing schedules for everyone during the days: \nWilliehas no meetings the whole week.\nJeffrey has blocked their calendar on Monday during 9:30 to 12:30, 13:00 to 14:30, 15:00 to 16:00, Tuesday during 9:00 to 9:30, 11:00 to 12:30, 13:00 to 13:30, 14:00 to 15:30, 16:30 to 17:00; \n\nJeffrey do not want to meet on Tuesday. Find a time that works for everyone's schedule and constraints. \nSOLUTION: Here is the proposed time: Monday, 16:00 - 17:00 \n\nTASK: You need to schedule a meeting for Scott and Patricia for one hour between the work hours of 9:00 to 17:00 on either Monday or Tuesday. \n\nHere are the existing schedules for everyone during the days: \nScott's calendar is wide open the entire week.\nPatricia is busy on Monday during 9:00 to 10:00, 10:30 to 12:00, 14:00 to 14:30, 15:00 to 15:30, 16:00 to 16:30, Tuesday during 9:00 to 9:30, 10:30 to 11:00, 11:30 to 12:00, 13:00 to 13:30, 14:00 to 15:00, 16:00 to 17:00; \n\nThe group would like to meet at their earlist availability.\nFind a time that works for everyone's schedule and constraints. \nSOLUTION: Here is the proposed time: Monday, 12:00 - 13:00 \n\nTASK: You need to schedule a meeting for Eric and Lauren for half an hour between the work hours of 9:00 to 17:00 on either Monday or Tuesday. \n\nHere are the existing schedules for everyone during the days: \nEric has meetings on Monday during 9:00 to 9:30, 12:30 to 13:00, 13:30 to 14:30, 16:30 to 17:00, Tuesday during 9:00 to 9:30, 12:00 to 13:30, 15:00 to 15:30, 16:00 to 17:00; \nLauren has meetings on Monday during 10:30 to 11:30, 12:30 to 16:00, 16:30 to 17:00, Tuesday during 9:30 to 10:00, 11:00 to 12:00, 13:30 to 14:00, 15:00 to 15:30, 16:30 to 17:00; \n\nLauren would like to avoid more meetings on Tuesday. You would like to schedule the meeting at their earlist availability.\nFind a time that works for everyone's schedule and constraints. \nSOLUTION: Here is the proposed time: Monday, 9:30 - 10:00 \n\nTASK: You need to schedule a meeting for Barbara and Jose for one hour between the work hours of 9:00 to 17:00 on either Monday or Tuesday. \n\nHere are the existing schedules for everyone during the days: \nBarbara is busy on Monday during 12:30 to 13:00, 13:30 to 14:00, 14:30 to 16:00, Tuesday during 10:00 to 10:30, 15:30 to 16:00, 16:30 to 17:00; \nJose is busy on Monday during 9:00 to 10:00, 11:00 to 12:00, 12:30 to 13:30, 14:30 to 15:00, 15:30 to 16:00, 16:30 to 17:00, Tuesday during 9:30 to 12:00, 13:00 to 17:00; \n\nJose can not meet on Monday. Find a time that works for everyone's schedule and constraints. \nSOLUTION: "", 'golden_plan': 'Here is the proposed time: Tuesday, 12:00 - 13:00 ', 'pred_5shot_pro': 'Here is the proposed time: **Tuesday, 12:00 - 13:00** \n\n**Explanation:**\n\n* Jose is only available on Tuesday  and has a free hour between 12:00 and 13:00.\n* Barbara also has this hour free on Tuesday. \n', 'prompt_0shot': ""You are an expert at scheduling meetings. You are given a few constraints on the existing schedule of each participant, the meeting duration, and possibly some preferences on the meeting time. Note there exists a solution that works with existing schedule of every participant. Here are a few example tasks and solutions:\n\nTASK: You need to schedule a meeting for Barbara and Jose for one hour between the work hours of 9:00 to 17:00 on either Monday or Tuesday. \n\nHere are the existing schedules for everyone during the days: \nBarbara is busy on Monday during 12:30 to 13:00, 13:30 to 14:00, 14:30 to 16:00, Tuesday during 10:00 to 10:30, 15:30 to 16:00, 16:30 to 17:00; \nJose is busy on Monday during 9:00 to 10:00, 11:00 to 12:00, 12:30 to 13:30, 14:30 to 15:00, 15:30 to 16:00, 16:30 to 17:00, Tuesday during 9:30 to 12:00, 13:00 to 17:00; \n\nJose can not meet on Monday. Find a time that works for everyone's schedule and constraints. \nSOLUTION: ""}",False,4293.0,1161.0,6.856280088424683,0.0008936999999999999,react
calendar_scheduling_example_527,"Here is the proposed time: Monday, 9:30 - 10:00","{'num_people': '2', 'num_days': '1', 'duration': '0.5', 'prompt_5shot': ""You are an expert at scheduling meetings. You are given a few constraints on the existing schedule of each participant, the meeting duration, and possibly some preferences on the meeting time. Note there exists a solution that works with existing schedule of every participant. Here are a few example tasks and solutions:\n\nTASK: You need to schedule a meeting for Debra and Eric for one hour between the work hours of 9:00 to 17:00 on Monday. \n\nHere are the existing schedules for everyone during the day: \nDebra has blocked their calendar on Monday during 10:00 to 10:30, 12:00 to 13:00, 14:00 to 14:30, 15:00 to 15:30, 16:30 to 17:00; \nEric has blocked their calendar on Monday during 9:00 to 10:00, 10:30 to 12:30, 13:30 to 14:00, 16:30 to 17:00; \n\nFind a time that works for everyone's schedule and constraints. \nSOLUTION: Here is the proposed time: Monday, 15:30 - 16:30 \n\nTASK: You need to schedule a meeting for Helen and Vincent for one hour between the work hours of 9:00 to 17:00 on Monday. \n\nHere are the existing schedules for everyone during the day: \nHelen is busy on Monday during 10:00 to 11:00, 15:00 to 15:30, 16:00 to 16:30; \nVincent has blocked their calendar on Monday during 10:00 to 10:30, 11:00 to 11:30, 12:00 to 13:00, 13:30 to 14:30, 15:00 to 17:00; \n\nFind a time that works for everyone's schedule and constraints. \nSOLUTION: Here is the proposed time: Monday, 9:00 - 10:00 \n\nTASK: You need to schedule a meeting for Dylan and Samuel for half an hour between the work hours of 9:00 to 17:00 on Monday. \n\nHere are the existing schedules for everyone during the day: \nDylan's calendar is wide open the entire day.\nSamuel is busy on Monday during 9:00 to 11:00, 11:30 to 13:00, 13:30 to 14:00, 14:30 to 16:00, 16:30 to 17:00; \n\nDylan do not want to meet on Monday after 13:30. Find a time that works for everyone's schedule and constraints. \nSOLUTION: Here is the proposed time: Monday, 13:00 - 13:30 \n\nTASK: You need to schedule a meeting for Joseph and Dylan for one hour between the work hours of 9:00 to 17:00 on Monday. \n\nHere are the existing schedules for everyone during the day: \nJoseph has blocked their calendar on Monday during 11:30 to 12:00, 15:30 to 17:00; \nDylan has meetings on Monday during 9:00 to 10:30, 12:30 to 13:00, 13:30 to 14:30, 16:00 to 17:00; \n\nDylan can not meet on Monday before 14:00. Find a time that works for everyone's schedule and constraints. \nSOLUTION: Here is the proposed time: Monday, 14:30 - 15:30 \n\nTASK: You need to schedule a meeting for Eric and Beverly for one hour between the work hours of 9:00 to 17:00 on Monday. \n\nHere are the existing schedules for everyone during the day: \nEric is busy on Monday during 9:30 to 10:00, 13:30 to 14:30, 15:30 to 16:00; \nBeverly has meetings on Monday during 9:00 to 9:30, 11:00 to 13:00, 14:00 to 14:30, 15:00 to 15:30, 16:30 to 17:00; \n\nFind a time that works for everyone's schedule and constraints. \nSOLUTION: Here is the proposed time: Monday, 10:00 - 11:00 \n\nTASK: You need to schedule a meeting for Wayne and Megan for half an hour between the work hours of 9:00 to 17:00 on Monday. \n\nHere are the existing schedules for everyone during the day: \nWaynehas no meetings the whole day.\nMegan has meetings on Monday during 9:00 to 9:30, 10:00 to 14:00, 14:30 to 17:00; \n\nMegan do not want to meet on Monday after 11:00. Find a time that works for everyone's schedule and constraints. \nSOLUTION: "", 'golden_plan': 'Here is the proposed time: Monday, 9:30 - 10:00 ', 'pred_5shot_pro': 'Here is the proposed time: Monday, 9:30 - 10:00 \n', 'prompt_0shot': ""You are an expert at scheduling meetings. You are given a few constraints on the existing schedule of each participant, the meeting duration, and possibly some preferences on the meeting time. Note there exists a solution that works with existing schedule of every participant. Here are a few example tasks and solutions:\n\nTASK: You need to schedule a meeting for Wayne and Megan for half an hour between the work hours of 9:00 to 17:00 on Monday. \n\nHere are the existing schedules for everyone during the day: \nWaynehas no meetings the whole day.\nMegan has meetings on Monday during 9:00 to 9:30, 10:00 to 14:00, 14:30 to 17:00; \n\nMegan do not want to meet on Monday after 11:00. Find a time that works for everyone's schedule and constraints. \nSOLUTION: ""}",True,1226.0,20.0,0.5281643867492676,0.0001306,react
calendar_scheduling_example_253,"Here is the proposed time: Monday, 11:30 - 12:00","{'num_people': '5', 'num_days': '1', 'duration': '0.5', 'prompt_5shot': ""You are an expert at scheduling meetings. You are given a few constraints on the existing schedule of each participant, the meeting duration, and possibly some preferences on the meeting time. Note there exists a solution that works with existing schedule of every participant. Here are a few example tasks and solutions:\n\nTASK: You need to schedule a meeting for George, Steven, Aaron, Patrick and Cynthia for half an hour between the work hours of 9:00 to 17:00 on Monday. \n\nHere are the existing schedules for everyone during the day: \nGeorgehas no meetings the whole day.\nSteven is free the entire day.\nAaron has blocked their calendar on Monday during 9:00 to 10:00, 11:30 to 12:00, 15:30 to 17:00; \nPatrick has blocked their calendar on Monday during 9:00 to 9:30, 10:00 to 11:00, 11:30 to 12:00, 12:30 to 14:00, 15:00 to 15:30; \nCynthia is busy on Monday during 9:00 to 9:30, 10:30 to 11:30, 12:30 to 14:30, 15:00 to 16:30; \n\nAaron can not meet on Monday after 12:30. Find a time that works for everyone's schedule and constraints. \nSOLUTION: Here is the proposed time: Monday, 12:00 - 12:30 \n\nTASK: You need to schedule a meeting for Elizabeth, Eugene, Nancy, Justin and Roy for half an hour between the work hours of 9:00 to 17:00 on Monday. \n\nHere are the existing schedules for everyone during the day: \nElizabeth's calendar is wide open the entire day.\nEugene has blocked their calendar on Monday during 12:00 to 12:30, 13:30 to 14:00, 15:00 to 16:00; \nNancy has meetings on Monday during 10:30 to 11:00, 12:00 to 13:00, 14:00 to 14:30, 15:00 to 16:00; \nJustin has meetings on Monday during 9:30 to 10:00, 10:30 to 11:30, 12:00 to 12:30, 13:00 to 13:30, 14:30 to 17:00; \nRoy is busy on Monday during 10:00 to 11:00, 11:30 to 12:30, 13:30 to 14:00, 14:30 to 16:00; \n\nFind a time that works for everyone's schedule and constraints. \nSOLUTION: Here is the proposed time: Monday, 9:00 - 9:30 \n\nTASK: You need to schedule a meeting for Mason, Linda, Barbara, Roger and Lisa for half an hour between the work hours of 9:00 to 17:00 on Monday. \n\nHere are the existing schedules for everyone during the day: \nMasonhas no meetings the whole day.\nLinda is busy on Monday during 9:30 to 11:00, 12:00 to 12:30, 13:00 to 13:30, 16:30 to 17:00; \nBarbara has blocked their calendar on Monday during 9:00 to 9:30, 12:00 to 13:00, 15:30 to 16:00; \nRoger has meetings on Monday during 9:00 to 9:30, 13:00 to 14:30, 15:00 to 17:00; \nLisa has blocked their calendar on Monday during 9:00 to 10:00, 10:30 to 11:30, 12:00 to 12:30, 13:00 to 14:30, 15:00 to 17:00; \n\nMason would rather not meet on Monday after 13:30. Find a time that works for everyone's schedule and constraints. \nSOLUTION: Here is the proposed time: Monday, 11:30 - 12:00 \n\nTASK: You need to schedule a meeting for Thomas, Olivia, Doris, Amber and Ronald for half an hour between the work hours of 9:00 to 17:00 on Monday. \n\nHere are the existing schedules for everyone during the day: \nThomas has meetings on Monday during 12:00 to 12:30, 16:30 to 17:00; \nOlivia has blocked their calendar on Monday during 10:30 to 11:30, 13:00 to 14:00, 16:00 to 17:00; \nDoris is busy on Monday during 13:30 to 14:00, 16:30 to 17:00; \nAmber is busy on Monday during 10:00 to 10:30, 12:00 to 13:00, 14:00 to 15:00, 15:30 to 17:00; \nRonald has meetings on Monday during 9:30 to 11:30, 12:00 to 13:00, 13:30 to 14:00, 15:00 to 15:30; \n\nRonald would rather not meet on Monday before 11:30. Find a time that works for everyone's schedule and constraints. \nSOLUTION: Here is the proposed time: Monday, 11:30 - 12:00 \n\nTASK: You need to schedule a meeting for Patrick, Kathleen, Frank, Patricia and Carolyn for half an hour between the work hours of 9:00 to 17:00 on Monday. \n\nHere are the existing schedules for everyone during the day: \nPatrick is free the entire day.\nKathleen has meetings on Monday during 9:30 to 10:00, 15:00 to 15:30; \nFrank has blocked their calendar on Monday during 11:00 to 11:30, 15:30 to 17:00; \nPatricia is busy on Monday during 9:00 to 12:00, 14:30 to 15:00, 16:00 to 16:30; \nCarolyn has meetings on Monday during 9:00 to 9:30, 11:00 to 12:30, 13:00 to 17:00; \n\nFind a time that works for everyone's schedule and constraints. \nSOLUTION: Here is the proposed time: Monday, 12:30 - 13:00 \n\nTASK: You need to schedule a meeting for Bryan, Lori, Kimberly, Beverly and Dennis for half an hour between the work hours of 9:00 to 17:00 on Monday. \n\nHere are the existing schedules for everyone during the day: \nBryan is free the entire day.\nLori is free the entire day.\nKimberly has blocked their calendar on Monday during 9:30 to 11:00, 12:00 to 12:30; \nBeverly has meetings on Monday during 9:00 to 9:30, 11:00 to 11:30, 12:30 to 13:30, 14:00 to 15:00, 15:30 to 16:30; \nDennis has meetings on Monday during 9:30 to 11:30, 12:00 to 17:00; \n\nFind a time that works for everyone's schedule and constraints. \nSOLUTION: "", 'golden_plan': 'Here is the proposed time: Monday, 11:30 - 12:00 ', 'pred_5shot_pro': 'Here is the proposed time: Monday, 11:30 - 12:00 \n', 'prompt_0shot': ""You are an expert at scheduling meetings. You are given a few constraints on the existing schedule of each participant, the meeting duration, and possibly some preferences on the meeting time. Note there exists a solution that works with existing schedule of every participant. Here are a few example tasks and solutions:\n\nTASK: You need to schedule a meeting for Bryan, Lori, Kimberly, Beverly and Dennis for half an hour between the work hours of 9:00 to 17:00 on Monday. \n\nHere are the existing schedules for everyone during the day: \nBryan is free the entire day.\nLori is free the entire day.\nKimberly has blocked their calendar on Monday during 9:30 to 11:00, 12:00 to 12:30; \nBeverly has meetings on Monday during 9:00 to 9:30, 11:00 to 11:30, 12:30 to 13:30, 14:00 to 15:00, 15:30 to 16:30; \nDennis has meetings on Monday during 9:30 to 11:30, 12:00 to 17:00; \n\nFind a time that works for everyone's schedule and constraints. \nSOLUTION: ""}",True,1326.0,21.0,0.5418288707733154,0.00014099999999999998,react
calendar_scheduling_example_953,**exception raised**: Exceeded maximum retries (2) for output validation,"{'num_people': '2', 'num_days': '5', 'duration': '0.5', 'prompt_5shot': ""You are an expert at scheduling meetings. You are given a few constraints on the existing schedule of each participant, the meeting duration, and possibly some preferences on the meeting time. Note there exists a solution that works with existing schedule of every participant. Here are a few example tasks and solutions:\n\nTASK: You need to schedule a meeting for David and Dorothy for half an hour between the work hours of 9:00 to 17:00 on either Monday, Tuesday, Wednesday, Thursday or Friday. \n\nHere are the existing schedules for everyone during the days: \nDavid is busy on Monday during 9:30 to 10:00, 10:30 to 11:30, 12:30 to 13:30, 14:30 to 15:30, Tuesday during 11:30 to 12:00, 15:00 to 15:30, 16:00 to 16:30, Wednesday during 9:30 to 10:30, 11:00 to 11:30, 14:00 to 14:30, 15:00 to 15:30, Thursday during 10:00 to 11:30, 12:00 to 14:30, 15:00 to 16:00, 16:30 to 17:00, Friday during 9:00 to 9:30, 16:00 to 16:30; \nDorothy has blocked their calendar on Monday during 9:00 to 11:30, 12:30 to 13:00, 13:30 to 17:00, Tuesday during 10:00 to 10:30, 11:00 to 11:30, 13:00 to 14:00, 14:30 to 16:00, 16:30 to 17:00, Wednesday during 9:00 to 13:00, 13:30 to 17:00, Thursday during 9:00 to 10:30, 11:00 to 12:30, 14:00 to 14:30, 15:00 to 16:30, Friday during 10:00 to 11:00, 12:00 to 12:30, 14:30 to 17:00; \n\nDavid do not want to meet on Thursday. Dorothy would like to avoid more meetings on Monday. Friday. The group would like to meet at their earlist availability.\nFind a time that works for everyone's schedule and constraints. \nSOLUTION: Here is the proposed time: Tuesday, 9:00 - 9:30 \n\nTASK: You need to schedule a meeting for Elizabeth and Vincent for half an hour between the work hours of 9:00 to 17:00 on either Monday, Tuesday, Wednesday, Thursday or Friday. \n\nHere are the existing schedules for everyone during the days: \nElizabeth is busy on Monday during 9:30 to 10:00, 10:30 to 14:00, 14:30 to 15:00, 16:00 to 16:30, Tuesday during 12:00 to 13:00, Wednesday during 10:00 to 10:30, 11:00 to 11:30, 12:00 to 12:30, 14:30 to 16:00, Thursday during 10:00 to 11:00, 11:30 to 12:30, 15:00 to 15:30, Friday during 9:30 to 10:30, 11:30 to 12:00, 12:30 to 13:00, 14:30 to 16:00; \nVincent has blocked their calendar on Monday during 9:00 to 12:00, 12:30 to 17:00, Tuesday during 9:00 to 11:00, 11:30 to 12:00, 12:30 to 15:00, 15:30 to 17:00, Wednesday during 9:00 to 15:30, 16:00 to 17:00, Thursday during 9:00 to 10:30, 11:00 to 13:00, 14:00 to 17:00, Friday during 9:00 to 17:00; \n\nYou would like to schedule the meeting at their earlist availability.\nFind a time that works for everyone's schedule and constraints. \nSOLUTION: Here is the proposed time: Tuesday, 11:00 - 11:30 \n\nTASK: You need to schedule a meeting for Bobby and Peter for half an hour between the work hours of 9:00 to 17:00 on either Monday, Tuesday, Wednesday, Thursday or Friday. \n\nHere are the existing schedules for everyone during the days: \nBobby is busy on Monday during 11:30 to 12:00, 13:00 to 13:30, 15:00 to 15:30, 16:00 to 16:30, Tuesday during 10:30 to 11:00, 12:30 to 13:30, 14:30 to 15:00, 16:30 to 17:00, Wednesday during 12:00 to 13:00, 15:00 to 15:30, Thursday during 10:00 to 10:30, 11:30 to 12:00, 13:30 to 14:00, Friday during 14:30 to 15:00; \nPeter is busy on Monday during 9:00 to 13:00, 13:30 to 17:00, Tuesday during 9:00 to 14:30, 15:30 to 17:00, Wednesday during 9:00 to 17:00, Thursday during 9:00 to 11:00, 11:30 to 12:30, 13:00 to 17:00, Friday during 9:00 to 12:30, 13:00 to 15:00, 15:30 to 16:30; \n\nBobby would like to avoid more meetings on Friday. Peter would rather not meet on Thursday. Find a time that works for everyone's schedule and constraints. \nSOLUTION: Here is the proposed time: Tuesday, 15:00 - 15:30 \n\nTASK: You need to schedule a meeting for Jacqueline and Joshua for one hour between the work hours of 9:00 to 17:00 on either Monday, Tuesday, Wednesday, Thursday or Friday. \n\nHere are the existing schedules for everyone during the days: \nJacqueline has blocked their calendar on Monday during 12:30 to 13:00, Wednesday during 9:30 to 10:00, 11:30 to 12:00, 13:00 to 14:00, 16:00 to 16:30, Thursday during 9:00 to 9:30, 11:30 to 12:00, 12:30 to 13:00, Friday during 10:00 to 11:30; \nJoshua has blocked their calendar on Monday during 9:30 to 10:00, 11:00 to 11:30, 12:00 to 12:30, 14:00 to 14:30, 16:00 to 17:00, Tuesday during 13:00 to 16:00, Wednesday during 9:00 to 13:00, 13:30 to 14:00, 14:30 to 15:30, 16:00 to 17:00, Thursday during 9:00 to 15:00, 15:30 to 17:00, Friday during 9:00 to 10:00, 11:00 to 12:00, 12:30 to 16:30; \n\nJoshua can not meet on Monday before 14:00. Tuesday. Find a time that works for everyone's schedule and constraints. \nSOLUTION: Here is the proposed time: Monday, 14:30 - 15:30 \n\nTASK: You need to schedule a meeting for Donald and Joshua for one hour between the work hours of 9:00 to 17:00 on either Monday, Tuesday, Wednesday, Thursday or Friday. \n\nHere are the existing schedules for everyone during the days: \nDonald has blocked their calendar on Monday during 9:00 to 9:30, 15:00 to 15:30, Tuesday during 10:00 to 11:00, 15:30 to 16:30, Wednesday during 10:00 to 10:30, 11:30 to 12:00, 15:00 to 15:30, Thursday during 9:00 to 9:30, 11:00 to 11:30, 12:30 to 13:00, Friday during 11:00 to 11:30, 14:30 to 15:00; \nJoshua has blocked their calendar on Monday during 9:00 to 11:30, 12:00 to 14:00, 14:30 to 15:00, 15:30 to 17:00, Tuesday during 9:00 to 12:30, 13:00 to 13:30, 14:00 to 16:30, Wednesday during 9:00 to 9:30, 10:30 to 11:00, 11:30 to 13:00, 13:30 to 14:00, 15:00 to 16:00, 16:30 to 17:00, Thursday during 9:00 to 16:30, Friday during 9:00 to 17:00; \n\nFind a time that works for everyone's schedule and constraints. \nSOLUTION: Here is the proposed time: Wednesday, 14:00 - 15:00 \n\nTASK: You need to schedule a meeting for Linda and Mark for half an hour between the work hours of 9:00 to 17:00 on either Monday, Tuesday, Wednesday, Thursday or Friday. \n\nHere are the existing schedules for everyone during the days: \nLinda has blocked their calendar on Monday during 9:00 to 9:30, 10:00 to 10:30, 11:00 to 11:30, 12:00 to 13:00, 13:30 to 14:00, 15:00 to 15:30, 16:00 to 17:00, Tuesday during 9:00 to 11:30, 12:00 to 14:30, 16:00 to 17:00, Thursday during 9:30 to 10:00, 11:00 to 12:00, 14:30 to 15:30, 16:30 to 17:00, Friday during 10:30 to 11:00, 11:30 to 12:00, 13:00 to 14:00, 15:00 to 15:30; \nMark is busy on Monday during 9:00 to 10:30, 11:00 to 14:30, 15:00 to 15:30, 16:00 to 17:00, Tuesday during 9:00 to 10:30, 11:00 to 14:30, 15:00 to 17:00, Wednesday during 9:00 to 17:00, Thursday during 9:00 to 10:30, 11:00 to 11:30, 12:30 to 13:30, 14:30 to 15:00, 15:30 to 17:00, Friday during 9:00 to 11:00, 11:30 to 17:00; \n\nLinda do not want to meet on Thursday. Friday. Mark can not meet on Monday. Find a time that works for everyone's schedule and constraints. \nSOLUTION: "", 'golden_plan': 'Here is the proposed time: Tuesday, 14:30 - 15:00 ', 'pred_5shot_pro': 'Here is the proposed time: Tuesday, 14:30 - 15:00 \n', 'prompt_0shot': ""You are an expert at scheduling meetings. You are given a few constraints on the existing schedule of each participant, the meeting duration, and possibly some preferences on the meeting time. Note there exists a solution that works with existing schedule of every participant. Here are a few example tasks and solutions:\n\nTASK: You need to schedule a meeting for Linda and Mark for half an hour between the work hours of 9:00 to 17:00 on either Monday, Tuesday, Wednesday, Thursday or Friday. \n\nHere are the existing schedules for everyone during the days: \nLinda has blocked their calendar on Monday during 9:00 to 9:30, 10:00 to 10:30, 11:00 to 11:30, 12:00 to 13:00, 13:30 to 14:00, 15:00 to 15:30, 16:00 to 17:00, Tuesday during 9:00 to 11:30, 12:00 to 14:30, 16:00 to 17:00, Thursday during 9:30 to 10:00, 11:00 to 12:00, 14:30 to 15:30, 16:30 to 17:00, Friday during 10:30 to 11:00, 11:30 to 12:00, 13:00 to 14:00, 15:00 to 15:30; \nMark is busy on Monday during 9:00 to 10:30, 11:00 to 14:30, 15:00 to 15:30, 16:00 to 17:00, Tuesday during 9:00 to 10:30, 11:00 to 14:30, 15:00 to 17:00, Wednesday during 9:00 to 17:00, Thursday during 9:00 to 10:30, 11:00 to 11:30, 12:30 to 13:30, 14:30 to 15:00, 15:30 to 17:00, Friday during 9:00 to 11:00, 11:30 to 17:00; \n\nLinda do not want to meet on Thursday. Friday. Mark can not meet on Monday. Find a time that works for everyone's schedule and constraints. \nSOLUTION: ""}",False,,,,,react
calendar_scheduling_example_418,"Here is the proposed time: Monday, 15:00 - 15:30","{'num_people': '7', 'num_days': '1', 'duration': '0.5', 'prompt_5shot': ""You are an expert at scheduling meetings. You are given a few constraints on the existing schedule of each participant, the meeting duration, and possibly some preferences on the meeting time. Note there exists a solution that works with existing schedule of every participant. Here are a few example tasks and solutions:\n\nTASK: You need to schedule a meeting for Dennis, Karen, Ashley, Rebecca, Bradley, Vincent and Bryan for half an hour between the work hours of 9:00 to 17:00 on Monday. \n\nHere are the existing schedules for everyone during the day: \nDennis has blocked their calendar on Monday during 15:30 to 16:00, 16:30 to 17:00; \nKaren is free the entire day.\nAshley is busy on Monday during 10:30 to 11:00, 14:00 to 15:00, 15:30 to 16:00; \nRebecca has meetings on Monday during 13:00 to 14:00; \nBradley has blocked their calendar on Monday during 9:00 to 11:00, 12:00 to 17:00; \nVincent has blocked their calendar on Monday during 10:00 to 11:30, 12:00 to 14:00, 14:30 to 15:00; \nBryan has blocked their calendar on Monday during 9:00 to 10:00, 10:30 to 11:30, 12:00 to 12:30, 14:00 to 15:00, 15:30 to 16:00; \n\nFind a time that works for everyone's schedule and constraints. \nSOLUTION: Here is the proposed time: Monday, 11:30 - 12:00 \n\nTASK: You need to schedule a meeting for Jerry, Abigail, Charlotte, Jessica, Sarah, Carol and Joan for half an hour between the work hours of 9:00 to 17:00 on Monday. \n\nHere are the existing schedules for everyone during the day: \nJerry is busy on Monday during 10:30 to 11:00, 11:30 to 12:00, 13:00 to 13:30, 14:30 to 15:00; \nAbigail is busy on Monday during 9:00 to 9:30, 11:00 to 11:30, 13:00 to 13:30, 14:30 to 15:00, 15:30 to 16:30; \nCharlotte has meetings on Monday during 12:00 to 12:30, 15:00 to 15:30, 16:00 to 17:00; \nJessica's calendar is wide open the entire day.\nSarah is busy on Monday during 10:30 to 11:30, 13:00 to 13:30, 14:30 to 17:00; \nCarol has meetings on Monday during 9:00 to 10:00, 10:30 to 15:30, 16:00 to 17:00; \nJoan has blocked their calendar on Monday during 10:30 to 13:00, 13:30 to 14:00, 15:00 to 17:00; \n\nFind a time that works for everyone's schedule and constraints. \nSOLUTION: Here is the proposed time: Monday, 10:00 - 10:30 \n\nTASK: You need to schedule a meeting for Martha, Julia, Zachary, Joseph, Joshua, Arthur and Frances for half an hour between the work hours of 9:00 to 17:00 on Monday. \n\nHere are the existing schedules for everyone during the day: \nMarthahas no meetings the whole day.\nJulia has blocked their calendar on Monday during 11:00 to 11:30, 12:30 to 13:00, 13:30 to 14:00, 16:30 to 17:00; \nZachary has blocked their calendar on Monday during 13:30 to 14:00, 15:00 to 15:30; \nJoseph has blocked their calendar on Monday during 9:00 to 9:30, 10:00 to 10:30, 12:00 to 13:00, 14:30 to 15:30; \nJoshua has blocked their calendar on Monday during 9:00 to 9:30, 10:00 to 10:30, 11:30 to 12:30, 13:00 to 14:00, 15:30 to 16:30; \nArthur has meetings on Monday during 9:00 to 9:30, 11:00 to 12:00, 13:00 to 14:30, 16:00 to 17:00; \nFrances has meetings on Monday during 10:30 to 13:30, 15:00 to 15:30, 16:00 to 16:30; \n\nFind a time that works for everyone's schedule and constraints. \nSOLUTION: Here is the proposed time: Monday, 9:30 - 10:00 \n\nTASK: You need to schedule a meeting for Angela, Timothy, Julie, Emma, Madison, Daniel and Kimberly for half an hour between the work hours of 9:00 to 17:00 on Monday. \n\nHere are the existing schedules for everyone during the day: \nAngela has meetings on Monday during 10:30 to 11:00, 14:30 to 15:00; \nTimothy is free the entire day.\nJulie is busy on Monday during 14:00 to 14:30, 15:00 to 15:30; \nEmma has meetings on Monday during 12:30 to 13:30; \nMadison has meetings on Monday during 9:30 to 10:30, 11:30 to 12:30, 13:30 to 14:00, 14:30 to 15:00, 15:30 to 16:30; \nDaniel is busy on Monday during 10:00 to 14:00, 14:30 to 15:30, 16:00 to 17:00; \nKimberly has meetings on Monday during 10:00 to 10:30, 11:00 to 14:00, 14:30 to 17:00; \n\nFind a time that works for everyone's schedule and constraints. \nSOLUTION: Here is the proposed time: Monday, 9:00 - 9:30 \n\nTASK: You need to schedule a meeting for William, Ronald, Elizabeth, Justin, Gregory, Philip and Evelyn for half an hour between the work hours of 9:00 to 17:00 on Monday. \n\nHere are the existing schedules for everyone during the day: \nWilliam is busy on Monday during 10:00 to 10:30, 12:30 to 13:00, 16:00 to 17:00; \nRonaldhas no meetings the whole day.\nElizabeth is busy on Monday during 9:00 to 10:00, 12:30 to 13:00, 14:30 to 15:00; \nJustin is busy on Monday during 12:00 to 12:30, 14:00 to 14:30; \nGregory has blocked their calendar on Monday during 10:00 to 10:30, 12:00 to 13:30, 14:00 to 15:00, 15:30 to 16:30; \nPhilip has blocked their calendar on Monday during 9:00 to 11:00, 12:30 to 13:30, 15:00 to 15:30, 16:00 to 16:30; \nEvelyn has blocked their calendar on Monday during 9:00 to 11:00, 11:30 to 13:30, 14:00 to 17:00; \n\nJustin do not want to meet on Monday after 13:30. Find a time that works for everyone's schedule and constraints. \nSOLUTION: Here is the proposed time: Monday, 11:00 - 11:30 \n\nTASK: You need to schedule a meeting for Jack, Dylan, Janice, Willie, Donna, Peter and Raymond for half an hour between the work hours of 9:00 to 17:00 on Monday. \n\nHere are the existing schedules for everyone during the day: \nJack is free the entire day.\nDylan has meetings on Monday during 9:00 to 9:30, 16:30 to 17:00; \nJanice has blocked their calendar on Monday during 9:30 to 10:00, 12:00 to 12:30, 14:00 to 14:30, 16:30 to 17:00; \nWillie has blocked their calendar on Monday during 9:30 to 10:00, 11:30 to 12:00, 14:00 to 15:00; \nDonna is busy on Monday during 9:30 to 11:00, 11:30 to 13:00, 13:30 to 14:00, 14:30 to 15:00, 16:00 to 17:00; \nPeter has meetings on Monday during 10:30 to 11:30, 12:30 to 13:00, 13:30 to 14:30, 15:30 to 17:00; \nRaymond has meetings on Monday during 9:00 to 9:30, 10:30 to 11:00, 12:30 to 13:30, 14:30 to 15:00, 15:30 to 17:00; \n\nFind a time that works for everyone's schedule and constraints. \nSOLUTION: "", 'golden_plan': 'Here is the proposed time: Monday, 15:00 - 15:30 ', 'pred_5shot_pro': 'Here is the proposed time: Monday, 10:00 - 10:30 \n', 'prompt_0shot': ""You are an expert at scheduling meetings. You are given a few constraints on the existing schedule of each participant, the meeting duration, and possibly some preferences on the meeting time. Note there exists a solution that works with existing schedule of every participant. Here are a few example tasks and solutions:\n\nTASK: You need to schedule a meeting for Jack, Dylan, Janice, Willie, Donna, Peter and Raymond for half an hour between the work hours of 9:00 to 17:00 on Monday. \n\nHere are the existing schedules for everyone during the day: \nJack is free the entire day.\nDylan has meetings on Monday during 9:00 to 9:30, 16:30 to 17:00; \nJanice has blocked their calendar on Monday during 9:30 to 10:00, 12:00 to 12:30, 14:00 to 14:30, 16:30 to 17:00; \nWillie has blocked their calendar on Monday during 9:30 to 10:00, 11:30 to 12:00, 14:00 to 15:00; \nDonna is busy on Monday during 9:30 to 11:00, 11:30 to 13:00, 13:30 to 14:00, 14:30 to 15:00, 16:00 to 17:00; \nPeter has meetings on Monday during 10:30 to 11:30, 12:30 to 13:00, 13:30 to 14:30, 15:30 to 17:00; \nRaymond has meetings on Monday during 9:00 to 9:30, 10:30 to 11:00, 12:30 to 13:30, 14:30 to 15:00, 15:30 to 17:00; \n\nFind a time that works for everyone's schedule and constraints. \nSOLUTION: ""}",True,1540.0,21.0,0.504507303237915,0.0001624,react
calendar_scheduling_example_170,"Here is the proposed time: Monday, 9:00 - 9:30","{'num_people': '4', 'num_days': '1', 'duration': '0.5', 'prompt_5shot': ""You are an expert at scheduling meetings. You are given a few constraints on the existing schedule of each participant, the meeting duration, and possibly some preferences on the meeting time. Note there exists a solution that works with existing schedule of every participant. Here are a few example tasks and solutions:\n\nTASK: You need to schedule a meeting for Carol, Cynthia, Judith and Peter for half an hour between the work hours of 9:00 to 17:00 on Monday. \n\nHere are the existing schedules for everyone during the day: \nCarol has meetings on Monday during 11:00 to 11:30, 12:30 to 14:00, 14:30 to 15:30; \nCynthiahas no meetings the whole day.\nJudith has meetings on Monday during 9:00 to 11:30, 12:00 to 13:00, 13:30 to 14:30, 15:00 to 16:30; \nPeter is busy on Monday during 9:00 to 9:30, 10:00 to 16:30; \n\nFind a time that works for everyone's schedule and constraints. \nSOLUTION: Here is the proposed time: Monday, 16:30 - 17:00 \n\nTASK: You need to schedule a meeting for Karen, Carl, Margaret and Lori for half an hour between the work hours of 9:00 to 17:00 on Monday. \n\nHere are the existing schedules for everyone during the day: \nKaren is busy on Monday during 9:30 to 10:00, 11:00 to 12:00, 15:30 to 16:00; \nCarl is busy on Monday during 9:30 to 10:30, 11:00 to 11:30, 13:00 to 13:30, 14:00 to 14:30, 16:00 to 16:30; \nMargaret is busy on Monday during 9:00 to 14:30, 15:00 to 16:30; \nLori is busy on Monday during 9:00 to 12:30, 13:30 to 14:00, 15:30 to 16:00, 16:30 to 17:00; \n\nFind a time that works for everyone's schedule and constraints. \nSOLUTION: Here is the proposed time: Monday, 14:30 - 15:00 \n\nTASK: You need to schedule a meeting for Lawrence, Brenda, Keith and Kevin for half an hour between the work hours of 9:00 to 17:00 on Monday. \n\nHere are the existing schedules for everyone during the day: \nLawrence has meetings on Monday during 9:30 to 10:00, 11:00 to 11:30, 12:00 to 12:30, 13:30 to 15:00; \nBrenda has meetings on Monday during 9:30 to 10:00, 13:00 to 13:30, 14:00 to 14:30, 16:30 to 17:00; \nKeith has blocked their calendar on Monday during 10:00 to 10:30, 12:00 to 13:00, 14:00 to 16:00, 16:30 to 17:00; \nKevin has blocked their calendar on Monday during 9:00 to 9:30, 10:00 to 10:30, 12:30 to 13:30, 14:00 to 15:00, 15:30 to 16:00, 16:30 to 17:00; \n\nLawrence do not want to meet on Monday after 14:30. Find a time that works for everyone's schedule and constraints. \nSOLUTION: Here is the proposed time: Monday, 11:30 - 12:00 \n\nTASK: You need to schedule a meeting for Marilyn, Pamela, Karen and Nancy for half an hour between the work hours of 9:00 to 17:00 on Monday. \n\nHere are the existing schedules for everyone during the day: \nMarilyn has meetings on Monday during 9:30 to 10:30, 11:00 to 11:30, 12:00 to 13:00, 15:30 to 16:00; \nPamela has blocked their calendar on Monday during 11:00 to 11:30, 14:00 to 14:30; \nKaren is busy on Monday during 9:00 to 10:00, 10:30 to 11:30, 12:30 to 13:30, 14:00 to 14:30, 15:00 to 16:00, 16:30 to 17:00; \nNancy is busy on Monday during 9:00 to 12:00, 12:30 to 13:00, 13:30 to 14:00, 15:30 to 16:00, 16:30 to 17:00; \n\nMarilyn would like to avoid more meetings on Monday after 15:00. Find a time that works for everyone's schedule and constraints. \nSOLUTION: Here is the proposed time: Monday, 14:30 - 15:00 \n\nTASK: You need to schedule a meeting for Jeremy, Sara, Jerry and Kathleen for half an hour between the work hours of 9:00 to 17:00 on Monday. \n\nHere are the existing schedules for everyone during the day: \nJeremyhas no meetings the whole day.\nSara has blocked their calendar on Monday during 14:30 to 15:00, 16:30 to 17:00; \nJerry has blocked their calendar on Monday during 9:30 to 10:30, 11:00 to 12:00, 13:30 to 14:00, 14:30 to 17:00; \nKathleen has meetings on Monday during 9:00 to 9:30, 10:00 to 11:00, 11:30 to 12:30, 14:00 to 14:30, 15:30 to 16:00, 16:30 to 17:00; \n\nFind a time that works for everyone's schedule and constraints. \nSOLUTION: Here is the proposed time: Monday, 12:30 - 13:00 \n\nTASK: You need to schedule a meeting for Gary, Douglas, Elizabeth and Daniel for half an hour between the work hours of 9:00 to 17:00 on Monday. \n\nHere are the existing schedules for everyone during the day: \nGary has meetings on Monday during 9:30 to 10:00, 12:00 to 12:30; \nDouglas has meetings on Monday during 10:30 to 11:00, 11:30 to 12:00, 14:00 to 14:30, 16:30 to 17:00; \nElizabeth has meetings on Monday during 11:30 to 13:30, 14:00 to 15:00, 16:00 to 17:00; \nDaniel has blocked their calendar on Monday during 10:30 to 12:30, 14:00 to 17:00; \n\nGary would rather not meet on Monday after 10:00. Find a time that works for everyone's schedule and constraints. \nSOLUTION: "", 'golden_plan': 'Here is the proposed time: Monday, 9:00 - 9:30 ', 'pred_5shot_pro': 'Here is the proposed time: Monday, 9:00 - 9:30 \n', 'prompt_0shot': ""You are an expert at scheduling meetings. You are given a few constraints on the existing schedule of each participant, the meeting duration, and possibly some preferences on the meeting time. Note there exists a solution that works with existing schedule of every participant. Here are a few example tasks and solutions:\n\nTASK: You need to schedule a meeting for Gary, Douglas, Elizabeth and Daniel for half an hour between the work hours of 9:00 to 17:00 on Monday. \n\nHere are the existing schedules for everyone during the day: \nGary has meetings on Monday during 9:30 to 10:00, 12:00 to 12:30; \nDouglas has meetings on Monday during 10:30 to 11:00, 11:30 to 12:00, 14:00 to 14:30, 16:30 to 17:00; \nElizabeth has meetings on Monday during 11:30 to 13:30, 14:00 to 15:00, 16:00 to 17:00; \nDaniel has blocked their calendar on Monday during 10:30 to 12:30, 14:00 to 17:00; \n\nGary would rather not meet on Monday after 10:00. Find a time that works for everyone's schedule and constraints. \nSOLUTION: ""}",True,4088.0,1059.0,4.55480170249939,0.0008324,react
calendar_scheduling_example_798,"Here is the proposed time: Wednesday, 14:30 - 15:00
","{'num_people': '2', 'num_days': '3', 'duration': '0.5', 'prompt_5shot': ""You are an expert at scheduling meetings. You are given a few constraints on the existing schedule of each participant, the meeting duration, and possibly some preferences on the meeting time. Note there exists a solution that works with existing schedule of every participant. Here are a few example tasks and solutions:\n\nTASK: You need to schedule a meeting for Jordan and Betty for one hour between the work hours of 9:00 to 17:00 on either Monday, Tuesday or Wednesday. \n\nHere are the existing schedules for everyone during the days: \nJordan has meetings on Tuesday during 11:00 to 11:30, 13:30 to 14:00, Wednesday during 9:00 to 9:30, 14:00 to 14:30; \nBetty has blocked their calendar on Monday during 9:00 to 12:30, 13:00 to 17:00, Tuesday during 9:00 to 10:00, 10:30 to 11:00, 11:30 to 12:30, 13:30 to 16:00, 16:30 to 17:00, Wednesday during 9:00 to 9:30, 10:30 to 17:00; \n\nYou would like to schedule the meeting at their earlist availability.\nFind a time that works for everyone's schedule and constraints. \nSOLUTION: Here is the proposed time: Tuesday, 12:30 - 13:30 \n\nTASK: You need to schedule a meeting for James and Timothy for half an hour between the work hours of 9:00 to 17:00 on either Monday, Tuesday or Wednesday. \n\nHere are the existing schedules for everyone during the days: \nJames has blocked their calendar on Monday during 9:30 to 10:00, 10:30 to 11:00, 12:30 to 13:00, 13:30 to 14:30, 15:00 to 15:30, 16:30 to 17:00, Tuesday during 10:00 to 11:00, 15:30 to 16:00, Wednesday during 9:00 to 12:30, 14:00 to 15:00, 15:30 to 17:00; \nTimothy has blocked their calendar on Monday during 9:00 to 17:00, Tuesday during 9:00 to 15:00, 15:30 to 17:00, Wednesday during 9:30 to 17:00; \n\nFind a time that works for everyone's schedule and constraints. \nSOLUTION: Here is the proposed time: Tuesday, 15:00 - 15:30 \n\nTASK: You need to schedule a meeting for Lori and Emma for half an hour between the work hours of 9:00 to 17:00 on either Monday, Tuesday or Wednesday. \n\nHere are the existing schedules for everyone during the days: \nLori has blocked their calendar on Monday during 12:30 to 13:00, 13:30 to 14:00, Tuesday during 9:00 to 10:00, 13:00 to 13:30, 14:00 to 14:30, 15:00 to 15:30, Wednesday during 9:30 to 10:00, 11:00 to 11:30, 12:00 to 12:30, 15:30 to 16:00, 16:30 to 17:00; \nEmma has meetings on Monday during 9:00 to 10:00, 10:30 to 17:00, Tuesday during 9:00 to 9:30, 10:30 to 11:30, 12:00 to 13:30, 14:00 to 16:00, 16:30 to 17:00, Wednesday during 9:00 to 10:00, 10:30 to 13:00, 13:30 to 17:00; \n\nYou would like to schedule the meeting at their earlist availability.\nFind a time that works for everyone's schedule and constraints. \nSOLUTION: Here is the proposed time: Monday, 10:00 - 10:30 \n\nTASK: You need to schedule a meeting for Steven and Zachary for one hour between the work hours of 9:00 to 17:00 on either Monday, Tuesday or Wednesday. \n\nHere are the existing schedules for everyone during the days: \nSteven is busy on Monday during 9:00 to 11:30, 13:00 to 13:30, 14:00 to 14:30, Tuesday during 11:00 to 11:30, 12:00 to 12:30, 13:00 to 14:00, 15:00 to 16:00, 16:30 to 17:00, Wednesday during 9:30 to 11:00, 13:30 to 14:00; \nZachary is busy on Monday during 9:00 to 17:00, Tuesday during 10:30 to 11:30, 12:00 to 12:30, 13:00 to 15:00, 15:30 to 16:00, 16:30 to 17:00, Wednesday during 9:00 to 11:00, 12:00 to 12:30, 13:00 to 17:00; \n\nZachary would like to avoid more meetings on Wednesday. Find a time that works for everyone's schedule and constraints. \nSOLUTION: Here is the proposed time: Tuesday, 9:00 - 10:00 \n\nTASK: You need to schedule a meeting for Lisa and Jeffrey for half an hour between the work hours of 9:00 to 17:00 on either Monday, Tuesday or Wednesday. \n\nHere are the existing schedules for everyone during the days: \nLisa has blocked their calendar on Monday during 11:00 to 12:00, 13:00 to 13:30, Tuesday during 9:00 to 9:30, 10:30 to 11:00, 12:00 to 13:00, 13:30 to 14:30, 16:00 to 16:30, Wednesday during 12:00 to 13:30, 14:00 to 14:30; \nJeffrey has meetings on Monday during 9:30 to 10:30, 11:30 to 12:30, 13:00 to 16:00, Tuesday during 9:00 to 10:00, 11:00 to 11:30, 12:00 to 12:30, 13:30 to 14:00, 15:30 to 16:00, 16:30 to 17:00, Wednesday during 10:30 to 12:30, 13:00 to 14:00, 14:30 to 15:00, 15:30 to 16:00, 16:30 to 17:00; \n\nLisa would like to avoid more meetings on Monday after 11:30. Wednesday. Jeffrey can not meet on Tuesday. Find a time that works for everyone's schedule and constraints. \nSOLUTION: Here is the proposed time: Monday, 10:30 - 11:00 \n\nTASK: You need to schedule a meeting for Nancy and Jose for half an hour between the work hours of 9:00 to 17:00 on either Monday, Tuesday or Wednesday. \n\nHere are the existing schedules for everyone during the days: \nNancy has blocked their calendar on Monday during 10:00 to 10:30, 11:30 to 12:30, 13:30 to 14:00, 14:30 to 15:30, 16:00 to 17:00, Tuesday during 9:30 to 10:30, 11:00 to 11:30, 12:00 to 12:30, 13:00 to 13:30, 15:30 to 16:00, Wednesday during 10:00 to 11:30, 13:30 to 16:00; \nJose is busy on Monday during 9:00 to 17:00, Tuesday during 9:00 to 17:00, Wednesday during 9:00 to 9:30, 10:00 to 12:30, 13:30 to 14:30, 15:00 to 17:00; \n\nThe group would like to meet at their earlist availability.\nFind a time that works for everyone's schedule and constraints. \nSOLUTION: "", 'golden_plan': 'Here is the proposed time: Wednesday, 9:30 - 10:00 ', 'pred_5shot_pro': 'Here is the proposed time: Wednesday, 14:30 - 15:00 \n', 'prompt_0shot': ""You are an expert at scheduling meetings. You are given a few constraints on the existing schedule of each participant, the meeting duration, and possibly some preferences on the meeting time. Note there exists a solution that works with existing schedule of every participant. Here are a few example tasks and solutions:\n\nTASK: You need to schedule a meeting for Nancy and Jose for half an hour between the work hours of 9:00 to 17:00 on either Monday, Tuesday or Wednesday. \n\nHere are the existing schedules for everyone during the days: \nNancy has blocked their calendar on Monday during 10:00 to 10:30, 11:30 to 12:30, 13:30 to 14:00, 14:30 to 15:30, 16:00 to 17:00, Tuesday during 9:30 to 10:30, 11:00 to 11:30, 12:00 to 12:30, 13:00 to 13:30, 15:30 to 16:00, Wednesday during 10:00 to 11:30, 13:30 to 16:00; \nJose is busy on Monday during 9:00 to 17:00, Tuesday during 9:00 to 17:00, Wednesday during 9:00 to 9:30, 10:00 to 12:30, 13:30 to 14:30, 15:00 to 17:00; \n\nThe group would like to meet at their earlist availability.\nFind a time that works for everyone's schedule and constraints. \nSOLUTION: ""}",False,5009.0,1321.0,14.682862281799316,0.0010293,react
calendar_scheduling_example_654,"Here is the proposed time: Monday, 10:30 - 11:00","{'num_people': '2', 'num_days': '2', 'duration': '0.5', 'prompt_5shot': ""You are an expert at scheduling meetings. You are given a few constraints on the existing schedule of each participant, the meeting duration, and possibly some preferences on the meeting time. Note there exists a solution that works with existing schedule of every participant. Here are a few example tasks and solutions:\n\nTASK: You need to schedule a meeting for Bradley and Barbara for half an hour between the work hours of 9:00 to 17:00 on either Monday or Tuesday. \n\nHere are the existing schedules for everyone during the days: \nBradley has meetings on Monday during 9:30 to 10:00, 10:30 to 11:00, 12:30 to 13:30, 14:00 to 14:30, 15:00 to 16:00, 16:30 to 17:00, Tuesday during 10:00 to 10:30, 13:30 to 14:30, 15:30 to 17:00; \nBarbara has blocked their calendar on Monday during 9:30 to 12:00, 13:00 to 16:00, Tuesday during 9:30 to 13:30, 14:30 to 17:00; \n\nBarbara can not meet on Monday. Find a time that works for everyone's schedule and constraints. \nSOLUTION: Here is the proposed time: Tuesday, 9:00 - 9:30 \n\nTASK: You need to schedule a meeting for Patrick and Denise for one hour between the work hours of 9:00 to 17:00 on either Monday or Tuesday. \n\nHere are the existing schedules for everyone during the days: \nPatrick has blocked their calendar on Monday during 10:30 to 11:00, 12:00 to 13:00, 13:30 to 16:00, Tuesday during 9:30 to 10:00, 10:30 to 12:00, 15:30 to 16:00, 16:30 to 17:00; \nDenise has meetings on Monday during 9:00 to 9:30, 10:00 to 13:00, 13:30 to 16:00, 16:30 to 17:00, Tuesday during 10:00 to 11:00, 11:30 to 12:00, 13:00 to 14:00, 14:30 to 15:30, 16:00 to 17:00; \n\nFind a time that works for everyone's schedule and constraints. \nSOLUTION: Here is the proposed time: Tuesday, 12:00 - 13:00 \n\nTASK: You need to schedule a meeting for Willie and Jeffrey for one hour between the work hours of 9:00 to 17:00 on either Monday or Tuesday. \n\nHere are the existing schedules for everyone during the days: \nWilliehas no meetings the whole week.\nJeffrey has blocked their calendar on Monday during 9:30 to 12:30, 13:00 to 14:30, 15:00 to 16:00, Tuesday during 9:00 to 9:30, 11:00 to 12:30, 13:00 to 13:30, 14:00 to 15:30, 16:30 to 17:00; \n\nJeffrey do not want to meet on Tuesday. Find a time that works for everyone's schedule and constraints. \nSOLUTION: Here is the proposed time: Monday, 16:00 - 17:00 \n\nTASK: You need to schedule a meeting for Scott and Patricia for one hour between the work hours of 9:00 to 17:00 on either Monday or Tuesday. \n\nHere are the existing schedules for everyone during the days: \nScott's calendar is wide open the entire week.\nPatricia is busy on Monday during 9:00 to 10:00, 10:30 to 12:00, 14:00 to 14:30, 15:00 to 15:30, 16:00 to 16:30, Tuesday during 9:00 to 9:30, 10:30 to 11:00, 11:30 to 12:00, 13:00 to 13:30, 14:00 to 15:00, 16:00 to 17:00; \n\nThe group would like to meet at their earlist availability.\nFind a time that works for everyone's schedule and constraints. \nSOLUTION: Here is the proposed time: Monday, 12:00 - 13:00 \n\nTASK: You need to schedule a meeting for Eric and Lauren for half an hour between the work hours of 9:00 to 17:00 on either Monday or Tuesday. \n\nHere are the existing schedules for everyone during the days: \nEric has meetings on Monday during 9:00 to 9:30, 12:30 to 13:00, 13:30 to 14:30, 16:30 to 17:00, Tuesday during 9:00 to 9:30, 12:00 to 13:30, 15:00 to 15:30, 16:00 to 17:00; \nLauren has meetings on Monday during 10:30 to 11:30, 12:30 to 16:00, 16:30 to 17:00, Tuesday during 9:30 to 10:00, 11:00 to 12:00, 13:30 to 14:00, 15:00 to 15:30, 16:30 to 17:00; \n\nLauren would like to avoid more meetings on Tuesday. You would like to schedule the meeting at their earlist availability.\nFind a time that works for everyone's schedule and constraints. \nSOLUTION: Here is the proposed time: Monday, 9:30 - 10:00 \n\nTASK: You need to schedule a meeting for Lisa and Janet for half an hour between the work hours of 9:00 to 17:00 on either Monday or Tuesday. \n\nHere are the existing schedules for everyone during the days: \nLisa is busy on Monday during 12:30 to 13:00, Tuesday during 10:00 to 10:30; \nJanet has meetings on Monday during 9:30 to 10:30, 11:00 to 11:30, 12:30 to 14:00, 14:30 to 15:00, Tuesday during 9:00 to 10:00, 10:30 to 11:30, 12:30 to 15:30, 16:00 to 16:30; \n\nLisa would rather not meet on Monday after 15:00. Janet would like to avoid more meetings on Tuesday. Find a time that works for everyone's schedule and constraints. \nSOLUTION: "", 'golden_plan': 'Here is the proposed time: Monday, 14:00 - 14:30 ', 'pred_5shot_pro': ""Here is the proposed time: **Monday, 11:30 - 12:00**\n\n**Explanation:**\n\n* **Janet's Availability:** Janet has a 30-minute gap between meetings on Monday from 11:30 to 12:00.\n* **Lisa's Availability:** Lisa is free during this time on Monday.\n* **Preferences:**  This time slot accommodates Lisa's preference to avoid meetings after 15:00 on Monday and Janet's preference to avoid meetings on Tuesday. \n"", 'prompt_0shot': ""You are an expert at scheduling meetings. You are given a few constraints on the existing schedule of each participant, the meeting duration, and possibly some preferences on the meeting time. Note there exists a solution that works with existing schedule of every participant. Here are a few example tasks and solutions:\n\nTASK: You need to schedule a meeting for Lisa and Janet for half an hour between the work hours of 9:00 to 17:00 on either Monday or Tuesday. \n\nHere are the existing schedules for everyone during the days: \nLisa is busy on Monday during 12:30 to 13:00, Tuesday during 10:00 to 10:30; \nJanet has meetings on Monday during 9:30 to 10:30, 11:00 to 11:30, 12:30 to 14:00, 14:30 to 15:00, Tuesday during 9:00 to 10:00, 10:30 to 11:30, 12:30 to 15:30, 16:00 to 16:30; \n\nLisa would rather not meet on Monday after 15:00. Janet would like to avoid more meetings on Tuesday. Find a time that works for everyone's schedule and constraints. \nSOLUTION: ""}",False,1339.0,21.0,0.4859449863433838,0.0001423,react
calendar_scheduling_example_129,"Here is the proposed time: Monday, 15:00 - 15:30","{'num_people': '4', 'num_days': '1', 'duration': '0.5', 'prompt_5shot': ""You are an expert at scheduling meetings. You are given a few constraints on the existing schedule of each participant, the meeting duration, and possibly some preferences on the meeting time. Note there exists a solution that works with existing schedule of every participant. Here are a few example tasks and solutions:\n\nTASK: You need to schedule a meeting for Carol, Cynthia, Judith and Peter for half an hour between the work hours of 9:00 to 17:00 on Monday. \n\nHere are the existing schedules for everyone during the day: \nCarol has meetings on Monday during 11:00 to 11:30, 12:30 to 14:00, 14:30 to 15:30; \nCynthiahas no meetings the whole day.\nJudith has meetings on Monday during 9:00 to 11:30, 12:00 to 13:00, 13:30 to 14:30, 15:00 to 16:30; \nPeter is busy on Monday during 9:00 to 9:30, 10:00 to 16:30; \n\nFind a time that works for everyone's schedule and constraints. \nSOLUTION: Here is the proposed time: Monday, 16:30 - 17:00 \n\nTASK: You need to schedule a meeting for Karen, Carl, Margaret and Lori for half an hour between the work hours of 9:00 to 17:00 on Monday. \n\nHere are the existing schedules for everyone during the day: \nKaren is busy on Monday during 9:30 to 10:00, 11:00 to 12:00, 15:30 to 16:00; \nCarl is busy on Monday during 9:30 to 10:30, 11:00 to 11:30, 13:00 to 13:30, 14:00 to 14:30, 16:00 to 16:30; \nMargaret is busy on Monday during 9:00 to 14:30, 15:00 to 16:30; \nLori is busy on Monday during 9:00 to 12:30, 13:30 to 14:00, 15:30 to 16:00, 16:30 to 17:00; \n\nFind a time that works for everyone's schedule and constraints. \nSOLUTION: Here is the proposed time: Monday, 14:30 - 15:00 \n\nTASK: You need to schedule a meeting for Lawrence, Brenda, Keith and Kevin for half an hour between the work hours of 9:00 to 17:00 on Monday. \n\nHere are the existing schedules for everyone during the day: \nLawrence has meetings on Monday during 9:30 to 10:00, 11:00 to 11:30, 12:00 to 12:30, 13:30 to 15:00; \nBrenda has meetings on Monday during 9:30 to 10:00, 13:00 to 13:30, 14:00 to 14:30, 16:30 to 17:00; \nKeith has blocked their calendar on Monday during 10:00 to 10:30, 12:00 to 13:00, 14:00 to 16:00, 16:30 to 17:00; \nKevin has blocked their calendar on Monday during 9:00 to 9:30, 10:00 to 10:30, 12:30 to 13:30, 14:00 to 15:00, 15:30 to 16:00, 16:30 to 17:00; \n\nLawrence do not want to meet on Monday after 14:30. Find a time that works for everyone's schedule and constraints. \nSOLUTION: Here is the proposed time: Monday, 11:30 - 12:00 \n\nTASK: You need to schedule a meeting for Marilyn, Pamela, Karen and Nancy for half an hour between the work hours of 9:00 to 17:00 on Monday. \n\nHere are the existing schedules for everyone during the day: \nMarilyn has meetings on Monday during 9:30 to 10:30, 11:00 to 11:30, 12:00 to 13:00, 15:30 to 16:00; \nPamela has blocked their calendar on Monday during 11:00 to 11:30, 14:00 to 14:30; \nKaren is busy on Monday during 9:00 to 10:00, 10:30 to 11:30, 12:30 to 13:30, 14:00 to 14:30, 15:00 to 16:00, 16:30 to 17:00; \nNancy is busy on Monday during 9:00 to 12:00, 12:30 to 13:00, 13:30 to 14:00, 15:30 to 16:00, 16:30 to 17:00; \n\nMarilyn would like to avoid more meetings on Monday after 15:00. Find a time that works for everyone's schedule and constraints. \nSOLUTION: Here is the proposed time: Monday, 14:30 - 15:00 \n\nTASK: You need to schedule a meeting for Jeremy, Sara, Jerry and Kathleen for half an hour between the work hours of 9:00 to 17:00 on Monday. \n\nHere are the existing schedules for everyone during the day: \nJeremyhas no meetings the whole day.\nSara has blocked their calendar on Monday during 14:30 to 15:00, 16:30 to 17:00; \nJerry has blocked their calendar on Monday during 9:30 to 10:30, 11:00 to 12:00, 13:30 to 14:00, 14:30 to 17:00; \nKathleen has meetings on Monday during 9:00 to 9:30, 10:00 to 11:00, 11:30 to 12:30, 14:00 to 14:30, 15:30 to 16:00, 16:30 to 17:00; \n\nFind a time that works for everyone's schedule and constraints. \nSOLUTION: Here is the proposed time: Monday, 12:30 - 13:00 \n\nTASK: You need to schedule a meeting for Jacqueline, Adam, Gerald and Wayne for half an hour between the work hours of 9:00 to 17:00 on Monday. \n\nHere are the existing schedules for everyone during the day: \nJacqueline has meetings on Monday during 10:00 to 10:30, 11:00 to 11:30, 12:30 to 13:00, 14:00 to 15:00, 16:00 to 16:30; \nAdamhas no meetings the whole day.\nGerald has blocked their calendar on Monday during 9:00 to 11:00, 11:30 to 12:00, 14:00 to 15:00, 15:30 to 17:00; \nWayne is busy on Monday during 9:00 to 10:00, 10:30 to 11:30, 13:00 to 15:00, 15:30 to 16:00, 16:30 to 17:00; \n\nYou would like to schedule the meeting at their earlist availability.\nFind a time that works for everyone's schedule and constraints. \nSOLUTION: "", 'golden_plan': 'Here is the proposed time: Monday, 12:00 - 12:30 ', 'pred_5shot_pro': 'Here is the proposed time: Monday, 12:00 - 12:30 \n', 'prompt_0shot': ""You are an expert at scheduling meetings. You are given a few constraints on the existing schedule of each participant, the meeting duration, and possibly some preferences on the meeting time. Note there exists a solution that works with existing schedule of every participant. Here are a few example tasks and solutions:\n\nTASK: You need to schedule a meeting for Jacqueline, Adam, Gerald and Wayne for half an hour between the work hours of 9:00 to 17:00 on Monday. \n\nHere are the existing schedules for everyone during the day: \nJacqueline has meetings on Monday during 10:00 to 10:30, 11:00 to 11:30, 12:30 to 13:00, 14:00 to 15:00, 16:00 to 16:30; \nAdamhas no meetings the whole day.\nGerald has blocked their calendar on Monday during 9:00 to 11:00, 11:30 to 12:00, 14:00 to 15:00, 15:30 to 17:00; \nWayne is busy on Monday during 9:00 to 10:00, 10:30 to 11:30, 13:00 to 15:00, 15:30 to 16:00, 16:30 to 17:00; \n\nYou would like to schedule the meeting at their earlist availability.\nFind a time that works for everyone's schedule and constraints. \nSOLUTION: ""}",False,1400.0,21.0,0.5484304428100586,0.00014839999999999998,react
calendar_scheduling_example_345,"Here is the proposed time: Monday, 15:30 - 16:00","{'num_people': '6', 'num_days': '1', 'duration': '0.5', 'prompt_5shot': ""You are an expert at scheduling meetings. You are given a few constraints on the existing schedule of each participant, the meeting duration, and possibly some preferences on the meeting time. Note there exists a solution that works with existing schedule of every participant. Here are a few example tasks and solutions:\n\nTASK: You need to schedule a meeting for Gabriel, Brandon, Janet, Maria, Joshua and Victoria for half an hour between the work hours of 9:00 to 17:00 on Monday. \n\nHere are the existing schedules for everyone during the day: \nGabrielhas no meetings the whole day.\nBrandon's calendar is wide open the entire day.\nJanet is busy on Monday during 9:30 to 10:00, 13:00 to 13:30; \nMaria has meetings on Monday during 10:00 to 12:00, 13:30 to 14:00, 14:30 to 15:00, 16:00 to 17:00; \nJoshua has meetings on Monday during 9:30 to 10:00, 10:30 to 11:30, 12:30 to 14:00, 14:30 to 15:30; \nVictoria has blocked their calendar on Monday during 9:30 to 10:30, 12:00 to 13:30, 14:30 to 15:00, 15:30 to 16:30; \n\nMaria would like to avoid more meetings on Monday after 14:00. Find a time that works for everyone's schedule and constraints. \nSOLUTION: Here is the proposed time: Monday, 9:00 - 9:30 \n\nTASK: You need to schedule a meeting for Jeffrey, Samantha, Abigail, Amanda, Jordan and Samuel for half an hour between the work hours of 9:00 to 17:00 on Monday. \n\nHere are the existing schedules for everyone during the day: \nJeffrey has meetings on Monday during 10:00 to 11:00, 12:00 to 14:00; \nSamantha is busy on Monday during 9:30 to 10:00, 13:00 to 13:30, 14:00 to 14:30, 15:00 to 15:30, 16:00 to 17:00; \nAbigail has blocked their calendar on Monday during 9:00 to 10:00, 11:30 to 12:00, 16:00 to 16:30; \nAmanda has blocked their calendar on Monday during 9:30 to 15:30, 16:00 to 17:00; \nJordan has meetings on Monday during 9:30 to 10:00, 11:00 to 14:00, 14:30 to 15:30, 16:30 to 17:00; \nSamuel is busy on Monday during 9:00 to 9:30, 10:00 to 13:30, 14:30 to 15:30, 16:00 to 17:00; \n\nFind a time that works for everyone's schedule and constraints. \nSOLUTION: Here is the proposed time: Monday, 15:30 - 16:00 \n\nTASK: You need to schedule a meeting for Janice, Melissa, Helen, Kelly, Catherine and Jordan for half an hour between the work hours of 9:00 to 17:00 on Monday. \n\nHere are the existing schedules for everyone during the day: \nJanice has blocked their calendar on Monday during 10:30 to 11:00, 11:30 to 12:00, 13:00 to 13:30, 14:30 to 15:00, 15:30 to 16:00, 16:30 to 17:00; \nMelissahas no meetings the whole day.\nHelen is busy on Monday during 9:30 to 10:00, 11:30 to 12:00, 15:30 to 16:00, 16:30 to 17:00; \nKelly is busy on Monday during 9:00 to 9:30, 10:00 to 11:00, 11:30 to 17:00; \nCatherine is busy on Monday during 9:00 to 9:30, 10:00 to 10:30, 11:30 to 14:00, 15:30 to 16:00; \nJordan has meetings on Monday during 9:00 to 11:00, 11:30 to 15:00, 15:30 to 17:00; \n\nFind a time that works for everyone's schedule and constraints. \nSOLUTION: Here is the proposed time: Monday, 11:00 - 11:30 \n\nTASK: You need to schedule a meeting for Maria, Joshua, Julia, Gloria, Amy and Judith for half an hour between the work hours of 9:00 to 17:00 on Monday. \n\nHere are the existing schedules for everyone during the day: \nMaria is busy on Monday during 9:30 to 10:00, 10:30 to 11:00, 14:30 to 15:00, 16:30 to 17:00; \nJoshua is busy on Monday during 9:30 to 10:00, 11:00 to 11:30; \nJulia has meetings on Monday during 9:30 to 10:00, 10:30 to 11:00, 11:30 to 12:00, 14:30 to 15:30, 16:00 to 16:30; \nGloria has meetings on Monday during 11:00 to 12:00, 12:30 to 14:00, 14:30 to 17:00; \nAmy has meetings on Monday during 10:30 to 11:00, 11:30 to 12:30, 13:00 to 15:00, 16:30 to 17:00; \nJudith is busy on Monday during 9:30 to 11:00, 11:30 to 12:00, 13:00 to 14:30, 15:00 to 15:30, 16:00 to 17:00; \n\nFind a time that works for everyone's schedule and constraints. \nSOLUTION: Here is the proposed time: Monday, 9:00 - 9:30 \n\nTASK: You need to schedule a meeting for Kimberly, Adam, Terry, Judy, Scott and Elijah for half an hour between the work hours of 9:00 to 17:00 on Monday. \n\nHere are the existing schedules for everyone during the day: \nKimberly has meetings on Monday during 10:00 to 10:30, 15:00 to 15:30; \nAdam has meetings on Monday during 11:30 to 12:00, 12:30 to 13:00; \nTerry has meetings on Monday during 11:30 to 12:30; \nJudy is busy on Monday during 9:00 to 11:00, 12:00 to 13:30, 15:30 to 16:00; \nScott has meetings on Monday during 9:30 to 10:00, 11:00 to 12:00, 12:30 to 13:30, 14:00 to 14:30, 15:00 to 15:30, 16:00 to 16:30; \nElijah has meetings on Monday during 11:00 to 13:30, 14:00 to 16:00, 16:30 to 17:00; \n\nFind a time that works for everyone's schedule and constraints. \nSOLUTION: Here is the proposed time: Monday, 13:30 - 14:00 \n\nTASK: You need to schedule a meeting for Willie, Paul, Kenneth, Dennis, Elijah and Christian for half an hour between the work hours of 9:00 to 17:00 on Monday. \n\nHere are the existing schedules for everyone during the day: \nWillie's calendar is wide open the entire day.\nPaul is free the entire day.\nKenneth's calendar is wide open the entire day.\nDennis has meetings on Monday during 9:30 to 12:30, 13:00 to 13:30, 14:00 to 15:00, 15:30 to 17:00; \nElijah has blocked their calendar on Monday during 10:30 to 12:30, 14:00 to 15:30, 16:30 to 17:00; \nChristian is busy on Monday during 9:30 to 10:30, 11:30 to 12:30, 13:00 to 15:30, 16:30 to 17:00; \n\nWillie do not want to meet on Monday before 10:00. Find a time that works for everyone's schedule and constraints. \nSOLUTION: "", 'golden_plan': 'Here is the proposed time: Monday, 12:30 - 13:00 ', 'pred_5shot_pro': ""Here is the proposed time: **Monday, 15:30 - 16:00** \n\nLet's break down why this works:\n\n* **Willie, Paul, and Kenneth:**  All have open schedules.\n* **Dennis:** Free from 15:30 to 17:00.\n* **Elijah:** Free from 15:30 to 16:30.\n* **Christian:** Free from 15:30 to 16:30.\n\nThis time slot accommodates everyone's availability and also fulfills Willie's preference to meet after 10:00 am. \n"", 'prompt_0shot': ""You are an expert at scheduling meetings. You are given a few constraints on the existing schedule of each participant, the meeting duration, and possibly some preferences on the meeting time. Note there exists a solution that works with existing schedule of every participant. Here are a few example tasks and solutions:\n\nTASK: You need to schedule a meeting for Willie, Paul, Kenneth, Dennis, Elijah and Christian for half an hour between the work hours of 9:00 to 17:00 on Monday. \n\nHere are the existing schedules for everyone during the day: \nWillie's calendar is wide open the entire day.\nPaul is free the entire day.\nKenneth's calendar is wide open the entire day.\nDennis has meetings on Monday during 9:30 to 12:30, 13:00 to 13:30, 14:00 to 15:00, 15:30 to 17:00; \nElijah has blocked their calendar on Monday during 10:30 to 12:30, 14:00 to 15:30, 16:30 to 17:00; \nChristian is busy on Monday during 9:30 to 10:30, 11:30 to 12:30, 13:00 to 15:30, 16:30 to 17:00; \n\nWillie do not want to meet on Monday before 10:00. Find a time that works for everyone's schedule and constraints. \nSOLUTION: ""}",False,1390.0,21.0,0.48769116401672363,0.00014739999999999998,react
calendar_scheduling_example_313,"Here is the proposed time: Monday, 11:30 - 12:00","{'num_people': '6', 'num_days': '1', 'duration': '0.5', 'prompt_5shot': ""You are an expert at scheduling meetings. You are given a few constraints on the existing schedule of each participant, the meeting duration, and possibly some preferences on the meeting time. Note there exists a solution that works with existing schedule of every participant. Here are a few example tasks and solutions:\n\nTASK: You need to schedule a meeting for Gabriel, Brandon, Janet, Maria, Joshua and Victoria for half an hour between the work hours of 9:00 to 17:00 on Monday. \n\nHere are the existing schedules for everyone during the day: \nGabrielhas no meetings the whole day.\nBrandon's calendar is wide open the entire day.\nJanet is busy on Monday during 9:30 to 10:00, 13:00 to 13:30; \nMaria has meetings on Monday during 10:00 to 12:00, 13:30 to 14:00, 14:30 to 15:00, 16:00 to 17:00; \nJoshua has meetings on Monday during 9:30 to 10:00, 10:30 to 11:30, 12:30 to 14:00, 14:30 to 15:30; \nVictoria has blocked their calendar on Monday during 9:30 to 10:30, 12:00 to 13:30, 14:30 to 15:00, 15:30 to 16:30; \n\nMaria would like to avoid more meetings on Monday after 14:00. Find a time that works for everyone's schedule and constraints. \nSOLUTION: Here is the proposed time: Monday, 9:00 - 9:30 \n\nTASK: You need to schedule a meeting for Jeffrey, Samantha, Abigail, Amanda, Jordan and Samuel for half an hour between the work hours of 9:00 to 17:00 on Monday. \n\nHere are the existing schedules for everyone during the day: \nJeffrey has meetings on Monday during 10:00 to 11:00, 12:00 to 14:00; \nSamantha is busy on Monday during 9:30 to 10:00, 13:00 to 13:30, 14:00 to 14:30, 15:00 to 15:30, 16:00 to 17:00; \nAbigail has blocked their calendar on Monday during 9:00 to 10:00, 11:30 to 12:00, 16:00 to 16:30; \nAmanda has blocked their calendar on Monday during 9:30 to 15:30, 16:00 to 17:00; \nJordan has meetings on Monday during 9:30 to 10:00, 11:00 to 14:00, 14:30 to 15:30, 16:30 to 17:00; \nSamuel is busy on Monday during 9:00 to 9:30, 10:00 to 13:30, 14:30 to 15:30, 16:00 to 17:00; \n\nFind a time that works for everyone's schedule and constraints. \nSOLUTION: Here is the proposed time: Monday, 15:30 - 16:00 \n\nTASK: You need to schedule a meeting for Janice, Melissa, Helen, Kelly, Catherine and Jordan for half an hour between the work hours of 9:00 to 17:00 on Monday. \n\nHere are the existing schedules for everyone during the day: \nJanice has blocked their calendar on Monday during 10:30 to 11:00, 11:30 to 12:00, 13:00 to 13:30, 14:30 to 15:00, 15:30 to 16:00, 16:30 to 17:00; \nMelissahas no meetings the whole day.\nHelen is busy on Monday during 9:30 to 10:00, 11:30 to 12:00, 15:30 to 16:00, 16:30 to 17:00; \nKelly is busy on Monday during 9:00 to 9:30, 10:00 to 11:00, 11:30 to 17:00; \nCatherine is busy on Monday during 9:00 to 9:30, 10:00 to 10:30, 11:30 to 14:00, 15:30 to 16:00; \nJordan has meetings on Monday during 9:00 to 11:00, 11:30 to 15:00, 15:30 to 17:00; \n\nFind a time that works for everyone's schedule and constraints. \nSOLUTION: Here is the proposed time: Monday, 11:00 - 11:30 \n\nTASK: You need to schedule a meeting for Maria, Joshua, Julia, Gloria, Amy and Judith for half an hour between the work hours of 9:00 to 17:00 on Monday. \n\nHere are the existing schedules for everyone during the day: \nMaria is busy on Monday during 9:30 to 10:00, 10:30 to 11:00, 14:30 to 15:00, 16:30 to 17:00; \nJoshua is busy on Monday during 9:30 to 10:00, 11:00 to 11:30; \nJulia has meetings on Monday during 9:30 to 10:00, 10:30 to 11:00, 11:30 to 12:00, 14:30 to 15:30, 16:00 to 16:30; \nGloria has meetings on Monday during 11:00 to 12:00, 12:30 to 14:00, 14:30 to 17:00; \nAmy has meetings on Monday during 10:30 to 11:00, 11:30 to 12:30, 13:00 to 15:00, 16:30 to 17:00; \nJudith is busy on Monday during 9:30 to 11:00, 11:30 to 12:00, 13:00 to 14:30, 15:00 to 15:30, 16:00 to 17:00; \n\nFind a time that works for everyone's schedule and constraints. \nSOLUTION: Here is the proposed time: Monday, 9:00 - 9:30 \n\nTASK: You need to schedule a meeting for Kimberly, Adam, Terry, Judy, Scott and Elijah for half an hour between the work hours of 9:00 to 17:00 on Monday. \n\nHere are the existing schedules for everyone during the day: \nKimberly has meetings on Monday during 10:00 to 10:30, 15:00 to 15:30; \nAdam has meetings on Monday during 11:30 to 12:00, 12:30 to 13:00; \nTerry has meetings on Monday during 11:30 to 12:30; \nJudy is busy on Monday during 9:00 to 11:00, 12:00 to 13:30, 15:30 to 16:00; \nScott has meetings on Monday during 9:30 to 10:00, 11:00 to 12:00, 12:30 to 13:30, 14:00 to 14:30, 15:00 to 15:30, 16:00 to 16:30; \nElijah has meetings on Monday during 11:00 to 13:30, 14:00 to 16:00, 16:30 to 17:00; \n\nFind a time that works for everyone's schedule and constraints. \nSOLUTION: Here is the proposed time: Monday, 13:30 - 14:00 \n\nTASK: You need to schedule a meeting for Carl, Shirley, Timothy, Marilyn, Martha and Samantha for half an hour between the work hours of 9:00 to 17:00 on Monday. \n\nHere are the existing schedules for everyone during the day: \nCarl has blocked their calendar on Monday during 10:00 to 10:30, 15:30 to 16:00; \nShirley has meetings on Monday during 9:30 to 10:30, 12:00 to 12:30, 14:00 to 15:30; \nTimothy has meetings on Monday during 9:00 to 10:30, 11:30 to 12:00; \nMarilyn has blocked their calendar on Monday during 9:00 to 11:30, 12:00 to 13:00, 13:30 to 14:00, 14:30 to 16:30; \nMartha has blocked their calendar on Monday during 9:00 to 10:30, 13:00 to 15:00, 15:30 to 16:00; \nSamantha is busy on Monday during 9:00 to 11:00, 12:00 to 15:00, 15:30 to 16:30; \n\nFind a time that works for everyone's schedule and constraints. \nSOLUTION: "", 'golden_plan': 'Here is the proposed time: Monday, 16:30 - 17:00 ', 'pred_5shot_pro': 'Here is the proposed time: Monday, 16:30 - 17:00 \n', 'prompt_0shot': ""You are an expert at scheduling meetings. You are given a few constraints on the existing schedule of each participant, the meeting duration, and possibly some preferences on the meeting time. Note there exists a solution that works with existing schedule of every participant. Here are a few example tasks and solutions:\n\nTASK: You need to schedule a meeting for Carl, Shirley, Timothy, Marilyn, Martha and Samantha for half an hour between the work hours of 9:00 to 17:00 on Monday. \n\nHere are the existing schedules for everyone during the day: \nCarl has blocked their calendar on Monday during 10:00 to 10:30, 15:30 to 16:00; \nShirley has meetings on Monday during 9:30 to 10:30, 12:00 to 12:30, 14:00 to 15:30; \nTimothy has meetings on Monday during 9:00 to 10:30, 11:30 to 12:00; \nMarilyn has blocked their calendar on Monday during 9:00 to 11:30, 12:00 to 13:00, 13:30 to 14:00, 14:30 to 16:30; \nMartha has blocked their calendar on Monday during 9:00 to 10:30, 13:00 to 15:00, 15:30 to 16:00; \nSamantha is busy on Monday during 9:00 to 11:00, 12:00 to 15:00, 15:30 to 16:30; \n\nFind a time that works for everyone's schedule and constraints. \nSOLUTION: ""}",False,1450.0,21.0,0.5162546634674072,0.0001534,react
calendar_scheduling_example_359,"Here is the proposed time: Monday, 10:30 - 11:00","{'num_people': '6', 'num_days': '1', 'duration': '0.5', 'prompt_5shot': ""You are an expert at scheduling meetings. You are given a few constraints on the existing schedule of each participant, the meeting duration, and possibly some preferences on the meeting time. Note there exists a solution that works with existing schedule of every participant. Here are a few example tasks and solutions:\n\nTASK: You need to schedule a meeting for Gabriel, Brandon, Janet, Maria, Joshua and Victoria for half an hour between the work hours of 9:00 to 17:00 on Monday. \n\nHere are the existing schedules for everyone during the day: \nGabrielhas no meetings the whole day.\nBrandon's calendar is wide open the entire day.\nJanet is busy on Monday during 9:30 to 10:00, 13:00 to 13:30; \nMaria has meetings on Monday during 10:00 to 12:00, 13:30 to 14:00, 14:30 to 15:00, 16:00 to 17:00; \nJoshua has meetings on Monday during 9:30 to 10:00, 10:30 to 11:30, 12:30 to 14:00, 14:30 to 15:30; \nVictoria has blocked their calendar on Monday during 9:30 to 10:30, 12:00 to 13:30, 14:30 to 15:00, 15:30 to 16:30; \n\nMaria would like to avoid more meetings on Monday after 14:00. Find a time that works for everyone's schedule and constraints. \nSOLUTION: Here is the proposed time: Monday, 9:00 - 9:30 \n\nTASK: You need to schedule a meeting for Jeffrey, Samantha, Abigail, Amanda, Jordan and Samuel for half an hour between the work hours of 9:00 to 17:00 on Monday. \n\nHere are the existing schedules for everyone during the day: \nJeffrey has meetings on Monday during 10:00 to 11:00, 12:00 to 14:00; \nSamantha is busy on Monday during 9:30 to 10:00, 13:00 to 13:30, 14:00 to 14:30, 15:00 to 15:30, 16:00 to 17:00; \nAbigail has blocked their calendar on Monday during 9:00 to 10:00, 11:30 to 12:00, 16:00 to 16:30; \nAmanda has blocked their calendar on Monday during 9:30 to 15:30, 16:00 to 17:00; \nJordan has meetings on Monday during 9:30 to 10:00, 11:00 to 14:00, 14:30 to 15:30, 16:30 to 17:00; \nSamuel is busy on Monday during 9:00 to 9:30, 10:00 to 13:30, 14:30 to 15:30, 16:00 to 17:00; \n\nFind a time that works for everyone's schedule and constraints. \nSOLUTION: Here is the proposed time: Monday, 15:30 - 16:00 \n\nTASK: You need to schedule a meeting for Janice, Melissa, Helen, Kelly, Catherine and Jordan for half an hour between the work hours of 9:00 to 17:00 on Monday. \n\nHere are the existing schedules for everyone during the day: \nJanice has blocked their calendar on Monday during 10:30 to 11:00, 11:30 to 12:00, 13:00 to 13:30, 14:30 to 15:00, 15:30 to 16:00, 16:30 to 17:00; \nMelissahas no meetings the whole day.\nHelen is busy on Monday during 9:30 to 10:00, 11:30 to 12:00, 15:30 to 16:00, 16:30 to 17:00; \nKelly is busy on Monday during 9:00 to 9:30, 10:00 to 11:00, 11:30 to 17:00; \nCatherine is busy on Monday during 9:00 to 9:30, 10:00 to 10:30, 11:30 to 14:00, 15:30 to 16:00; \nJordan has meetings on Monday during 9:00 to 11:00, 11:30 to 15:00, 15:30 to 17:00; \n\nFind a time that works for everyone's schedule and constraints. \nSOLUTION: Here is the proposed time: Monday, 11:00 - 11:30 \n\nTASK: You need to schedule a meeting for Maria, Joshua, Julia, Gloria, Amy and Judith for half an hour between the work hours of 9:00 to 17:00 on Monday. \n\nHere are the existing schedules for everyone during the day: \nMaria is busy on Monday during 9:30 to 10:00, 10:30 to 11:00, 14:30 to 15:00, 16:30 to 17:00; \nJoshua is busy on Monday during 9:30 to 10:00, 11:00 to 11:30; \nJulia has meetings on Monday during 9:30 to 10:00, 10:30 to 11:00, 11:30 to 12:00, 14:30 to 15:30, 16:00 to 16:30; \nGloria has meetings on Monday during 11:00 to 12:00, 12:30 to 14:00, 14:30 to 17:00; \nAmy has meetings on Monday during 10:30 to 11:00, 11:30 to 12:30, 13:00 to 15:00, 16:30 to 17:00; \nJudith is busy on Monday during 9:30 to 11:00, 11:30 to 12:00, 13:00 to 14:30, 15:00 to 15:30, 16:00 to 17:00; \n\nFind a time that works for everyone's schedule and constraints. \nSOLUTION: Here is the proposed time: Monday, 9:00 - 9:30 \n\nTASK: You need to schedule a meeting for Kimberly, Adam, Terry, Judy, Scott and Elijah for half an hour between the work hours of 9:00 to 17:00 on Monday. \n\nHere are the existing schedules for everyone during the day: \nKimberly has meetings on Monday during 10:00 to 10:30, 15:00 to 15:30; \nAdam has meetings on Monday during 11:30 to 12:00, 12:30 to 13:00; \nTerry has meetings on Monday during 11:30 to 12:30; \nJudy is busy on Monday during 9:00 to 11:00, 12:00 to 13:30, 15:30 to 16:00; \nScott has meetings on Monday during 9:30 to 10:00, 11:00 to 12:00, 12:30 to 13:30, 14:00 to 14:30, 15:00 to 15:30, 16:00 to 16:30; \nElijah has meetings on Monday during 11:00 to 13:30, 14:00 to 16:00, 16:30 to 17:00; \n\nFind a time that works for everyone's schedule and constraints. \nSOLUTION: Here is the proposed time: Monday, 13:30 - 14:00 \n\nTASK: You need to schedule a meeting for Bryan, Sophia, Jeremy, Marie, Tyler and Emily for half an hour between the work hours of 9:00 to 17:00 on Monday. \n\nHere are the existing schedules for everyone during the day: \nBryan has meetings on Monday during 9:00 to 9:30, 10:00 to 10:30, 12:30 to 13:00, 16:00 to 16:30; \nSophia has blocked their calendar on Monday during 13:00 to 13:30, 16:00 to 16:30; \nJeremyhas no meetings the whole day.\nMarie has meetings on Monday during 9:00 to 9:30, 10:00 to 12:00, 13:00 to 14:00, 15:30 to 16:00; \nTyler has meetings on Monday during 9:00 to 10:00, 11:00 to 11:30, 13:00 to 14:00, 14:30 to 17:00; \nEmily is busy on Monday during 9:00 to 10:00, 11:00 to 12:30, 13:30 to 14:00, 14:30 to 15:30; \n\nFind a time that works for everyone's schedule and constraints. \nSOLUTION: "", 'golden_plan': 'Here is the proposed time: Monday, 14:00 - 14:30 ', 'pred_5shot_pro': ""Here is the proposed time: **Monday, 10:30 - 11:00** \n\nLet's break down why this works:\n\n* **Bryan:** Free at this time.\n* **Sophia:** Free at this time.\n* **Jeremy:** Free all day.\n* **Marie:** Free at this time (meeting ends at 12:00).\n* **Tyler:** Free at this time (meeting ends at 11:30).\n* **Emily:** Free at this time (meeting ends at 11:30). \n"", 'prompt_0shot': ""You are an expert at scheduling meetings. You are given a few constraints on the existing schedule of each participant, the meeting duration, and possibly some preferences on the meeting time. Note there exists a solution that works with existing schedule of every participant. Here are a few example tasks and solutions:\n\nTASK: You need to schedule a meeting for Bryan, Sophia, Jeremy, Marie, Tyler and Emily for half an hour between the work hours of 9:00 to 17:00 on Monday. \n\nHere are the existing schedules for everyone during the day: \nBryan has meetings on Monday during 9:00 to 9:30, 10:00 to 10:30, 12:30 to 13:00, 16:00 to 16:30; \nSophia has blocked their calendar on Monday during 13:00 to 13:30, 16:00 to 16:30; \nJeremyhas no meetings the whole day.\nMarie has meetings on Monday during 9:00 to 9:30, 10:00 to 12:00, 13:00 to 14:00, 15:30 to 16:00; \nTyler has meetings on Monday during 9:00 to 10:00, 11:00 to 11:30, 13:00 to 14:00, 14:30 to 17:00; \nEmily is busy on Monday during 9:00 to 10:00, 11:00 to 12:30, 13:30 to 14:00, 14:30 to 15:30; \n\nFind a time that works for everyone's schedule and constraints. \nSOLUTION: ""}",False,1458.0,21.0,0.5127582550048828,0.00015419999999999998,react
calendar_scheduling_example_720,"Here is the proposed time: Monday, 9:00 - 9:30","{'num_people': '2', 'num_days': '3', 'duration': '0.5', 'prompt_5shot': ""You are an expert at scheduling meetings. You are given a few constraints on the existing schedule of each participant, the meeting duration, and possibly some preferences on the meeting time. Note there exists a solution that works with existing schedule of every participant. Here are a few example tasks and solutions:\n\nTASK: You need to schedule a meeting for Jordan and Betty for one hour between the work hours of 9:00 to 17:00 on either Monday, Tuesday or Wednesday. \n\nHere are the existing schedules for everyone during the days: \nJordan has meetings on Tuesday during 11:00 to 11:30, 13:30 to 14:00, Wednesday during 9:00 to 9:30, 14:00 to 14:30; \nBetty has blocked their calendar on Monday during 9:00 to 12:30, 13:00 to 17:00, Tuesday during 9:00 to 10:00, 10:30 to 11:00, 11:30 to 12:30, 13:30 to 16:00, 16:30 to 17:00, Wednesday during 9:00 to 9:30, 10:30 to 17:00; \n\nYou would like to schedule the meeting at their earlist availability.\nFind a time that works for everyone's schedule and constraints. \nSOLUTION: Here is the proposed time: Tuesday, 12:30 - 13:30 \n\nTASK: You need to schedule a meeting for James and Timothy for half an hour between the work hours of 9:00 to 17:00 on either Monday, Tuesday or Wednesday. \n\nHere are the existing schedules for everyone during the days: \nJames has blocked their calendar on Monday during 9:30 to 10:00, 10:30 to 11:00, 12:30 to 13:00, 13:30 to 14:30, 15:00 to 15:30, 16:30 to 17:00, Tuesday during 10:00 to 11:00, 15:30 to 16:00, Wednesday during 9:00 to 12:30, 14:00 to 15:00, 15:30 to 17:00; \nTimothy has blocked their calendar on Monday during 9:00 to 17:00, Tuesday during 9:00 to 15:00, 15:30 to 17:00, Wednesday during 9:30 to 17:00; \n\nFind a time that works for everyone's schedule and constraints. \nSOLUTION: Here is the proposed time: Tuesday, 15:00 - 15:30 \n\nTASK: You need to schedule a meeting for Lori and Emma for half an hour between the work hours of 9:00 to 17:00 on either Monday, Tuesday or Wednesday. \n\nHere are the existing schedules for everyone during the days: \nLori has blocked their calendar on Monday during 12:30 to 13:00, 13:30 to 14:00, Tuesday during 9:00 to 10:00, 13:00 to 13:30, 14:00 to 14:30, 15:00 to 15:30, Wednesday during 9:30 to 10:00, 11:00 to 11:30, 12:00 to 12:30, 15:30 to 16:00, 16:30 to 17:00; \nEmma has meetings on Monday during 9:00 to 10:00, 10:30 to 17:00, Tuesday during 9:00 to 9:30, 10:30 to 11:30, 12:00 to 13:30, 14:00 to 16:00, 16:30 to 17:00, Wednesday during 9:00 to 10:00, 10:30 to 13:00, 13:30 to 17:00; \n\nYou would like to schedule the meeting at their earlist availability.\nFind a time that works for everyone's schedule and constraints. \nSOLUTION: Here is the proposed time: Monday, 10:00 - 10:30 \n\nTASK: You need to schedule a meeting for Steven and Zachary for one hour between the work hours of 9:00 to 17:00 on either Monday, Tuesday or Wednesday. \n\nHere are the existing schedules for everyone during the days: \nSteven is busy on Monday during 9:00 to 11:30, 13:00 to 13:30, 14:00 to 14:30, Tuesday during 11:00 to 11:30, 12:00 to 12:30, 13:00 to 14:00, 15:00 to 16:00, 16:30 to 17:00, Wednesday during 9:30 to 11:00, 13:30 to 14:00; \nZachary is busy on Monday during 9:00 to 17:00, Tuesday during 10:30 to 11:30, 12:00 to 12:30, 13:00 to 15:00, 15:30 to 16:00, 16:30 to 17:00, Wednesday during 9:00 to 11:00, 12:00 to 12:30, 13:00 to 17:00; \n\nZachary would like to avoid more meetings on Wednesday. Find a time that works for everyone's schedule and constraints. \nSOLUTION: Here is the proposed time: Tuesday, 9:00 - 10:00 \n\nTASK: You need to schedule a meeting for Lisa and Jeffrey for half an hour between the work hours of 9:00 to 17:00 on either Monday, Tuesday or Wednesday. \n\nHere are the existing schedules for everyone during the days: \nLisa has blocked their calendar on Monday during 11:00 to 12:00, 13:00 to 13:30, Tuesday during 9:00 to 9:30, 10:30 to 11:00, 12:00 to 13:00, 13:30 to 14:30, 16:00 to 16:30, Wednesday during 12:00 to 13:30, 14:00 to 14:30; \nJeffrey has meetings on Monday during 9:30 to 10:30, 11:30 to 12:30, 13:00 to 16:00, Tuesday during 9:00 to 10:00, 11:00 to 11:30, 12:00 to 12:30, 13:30 to 14:00, 15:30 to 16:00, 16:30 to 17:00, Wednesday during 10:30 to 12:30, 13:00 to 14:00, 14:30 to 15:00, 15:30 to 16:00, 16:30 to 17:00; \n\nLisa would like to avoid more meetings on Monday after 11:30. Wednesday. Jeffrey can not meet on Tuesday. Find a time that works for everyone's schedule and constraints. \nSOLUTION: Here is the proposed time: Monday, 10:30 - 11:00 \n\nTASK: You need to schedule a meeting for Mary and Catherine for half an hour between the work hours of 9:00 to 17:00 on either Monday, Tuesday or Wednesday. \n\nHere are the existing schedules for everyone during the days: \nMary is free the entire week.\nCatherine has blocked their calendar on Monday during 10:00 to 10:30, 11:00 to 11:30, 12:30 to 13:00, 13:30 to 14:00, 15:00 to 17:00, Tuesday during 9:30 to 10:30, 11:30 to 12:30, 13:00 to 14:00, 15:00 to 15:30, Wednesday during 9:30 to 12:30, 14:00 to 15:00, 15:30 to 17:00; \n\nMary do not want to meet on Tuesday. You would like to schedule the meeting at their earlist availability.\nFind a time that works for everyone's schedule and constraints. \nSOLUTION: "", 'golden_plan': 'Here is the proposed time: Monday, 9:00 - 9:30 ', 'pred_5shot_pro': 'Here is the proposed time: Monday, 9:00 - 9:30 \n', 'prompt_0shot': ""You are an expert at scheduling meetings. You are given a few constraints on the existing schedule of each participant, the meeting duration, and possibly some preferences on the meeting time. Note there exists a solution that works with existing schedule of every participant. Here are a few example tasks and solutions:\n\nTASK: You need to schedule a meeting for Mary and Catherine for half an hour between the work hours of 9:00 to 17:00 on either Monday, Tuesday or Wednesday. \n\nHere are the existing schedules for everyone during the days: \nMary is free the entire week.\nCatherine has blocked their calendar on Monday during 10:00 to 10:30, 11:00 to 11:30, 12:30 to 13:00, 13:30 to 14:00, 15:00 to 17:00, Tuesday during 9:30 to 10:30, 11:30 to 12:30, 13:00 to 14:00, 15:00 to 15:30, Wednesday during 9:30 to 12:30, 14:00 to 15:00, 15:30 to 17:00; \n\nMary do not want to meet on Tuesday. You would like to schedule the meeting at their earlist availability.\nFind a time that works for everyone's schedule and constraints. \nSOLUTION: ""}",True,1369.0,19.0,0.4467620849609375,0.0001445,react
calendar_scheduling_example_713,"Here is the proposed time: Monday, 15:00 - 15:30
","{'num_people': '2', 'num_days': '3', 'duration': '0.5', 'prompt_5shot': ""You are an expert at scheduling meetings. You are given a few constraints on the existing schedule of each participant, the meeting duration, and possibly some preferences on the meeting time. Note there exists a solution that works with existing schedule of every participant. Here are a few example tasks and solutions:\n\nTASK: You need to schedule a meeting for Jordan and Betty for one hour between the work hours of 9:00 to 17:00 on either Monday, Tuesday or Wednesday. \n\nHere are the existing schedules for everyone during the days: \nJordan has meetings on Tuesday during 11:00 to 11:30, 13:30 to 14:00, Wednesday during 9:00 to 9:30, 14:00 to 14:30; \nBetty has blocked their calendar on Monday during 9:00 to 12:30, 13:00 to 17:00, Tuesday during 9:00 to 10:00, 10:30 to 11:00, 11:30 to 12:30, 13:30 to 16:00, 16:30 to 17:00, Wednesday during 9:00 to 9:30, 10:30 to 17:00; \n\nYou would like to schedule the meeting at their earlist availability.\nFind a time that works for everyone's schedule and constraints. \nSOLUTION: Here is the proposed time: Tuesday, 12:30 - 13:30 \n\nTASK: You need to schedule a meeting for James and Timothy for half an hour between the work hours of 9:00 to 17:00 on either Monday, Tuesday or Wednesday. \n\nHere are the existing schedules for everyone during the days: \nJames has blocked their calendar on Monday during 9:30 to 10:00, 10:30 to 11:00, 12:30 to 13:00, 13:30 to 14:30, 15:00 to 15:30, 16:30 to 17:00, Tuesday during 10:00 to 11:00, 15:30 to 16:00, Wednesday during 9:00 to 12:30, 14:00 to 15:00, 15:30 to 17:00; \nTimothy has blocked their calendar on Monday during 9:00 to 17:00, Tuesday during 9:00 to 15:00, 15:30 to 17:00, Wednesday during 9:30 to 17:00; \n\nFind a time that works for everyone's schedule and constraints. \nSOLUTION: Here is the proposed time: Tuesday, 15:00 - 15:30 \n\nTASK: You need to schedule a meeting for Lori and Emma for half an hour between the work hours of 9:00 to 17:00 on either Monday, Tuesday or Wednesday. \n\nHere are the existing schedules for everyone during the days: \nLori has blocked their calendar on Monday during 12:30 to 13:00, 13:30 to 14:00, Tuesday during 9:00 to 10:00, 13:00 to 13:30, 14:00 to 14:30, 15:00 to 15:30, Wednesday during 9:30 to 10:00, 11:00 to 11:30, 12:00 to 12:30, 15:30 to 16:00, 16:30 to 17:00; \nEmma has meetings on Monday during 9:00 to 10:00, 10:30 to 17:00, Tuesday during 9:00 to 9:30, 10:30 to 11:30, 12:00 to 13:30, 14:00 to 16:00, 16:30 to 17:00, Wednesday during 9:00 to 10:00, 10:30 to 13:00, 13:30 to 17:00; \n\nYou would like to schedule the meeting at their earlist availability.\nFind a time that works for everyone's schedule and constraints. \nSOLUTION: Here is the proposed time: Monday, 10:00 - 10:30 \n\nTASK: You need to schedule a meeting for Steven and Zachary for one hour between the work hours of 9:00 to 17:00 on either Monday, Tuesday or Wednesday. \n\nHere are the existing schedules for everyone during the days: \nSteven is busy on Monday during 9:00 to 11:30, 13:00 to 13:30, 14:00 to 14:30, Tuesday during 11:00 to 11:30, 12:00 to 12:30, 13:00 to 14:00, 15:00 to 16:00, 16:30 to 17:00, Wednesday during 9:30 to 11:00, 13:30 to 14:00; \nZachary is busy on Monday during 9:00 to 17:00, Tuesday during 10:30 to 11:30, 12:00 to 12:30, 13:00 to 15:00, 15:30 to 16:00, 16:30 to 17:00, Wednesday during 9:00 to 11:00, 12:00 to 12:30, 13:00 to 17:00; \n\nZachary would like to avoid more meetings on Wednesday. Find a time that works for everyone's schedule and constraints. \nSOLUTION: Here is the proposed time: Tuesday, 9:00 - 10:00 \n\nTASK: You need to schedule a meeting for Lisa and Jeffrey for half an hour between the work hours of 9:00 to 17:00 on either Monday, Tuesday or Wednesday. \n\nHere are the existing schedules for everyone during the days: \nLisa has blocked their calendar on Monday during 11:00 to 12:00, 13:00 to 13:30, Tuesday during 9:00 to 9:30, 10:30 to 11:00, 12:00 to 13:00, 13:30 to 14:30, 16:00 to 16:30, Wednesday during 12:00 to 13:30, 14:00 to 14:30; \nJeffrey has meetings on Monday during 9:30 to 10:30, 11:30 to 12:30, 13:00 to 16:00, Tuesday during 9:00 to 10:00, 11:00 to 11:30, 12:00 to 12:30, 13:30 to 14:00, 15:30 to 16:00, 16:30 to 17:00, Wednesday during 10:30 to 12:30, 13:00 to 14:00, 14:30 to 15:00, 15:30 to 16:00, 16:30 to 17:00; \n\nLisa would like to avoid more meetings on Monday after 11:30. Wednesday. Jeffrey can not meet on Tuesday. Find a time that works for everyone's schedule and constraints. \nSOLUTION: Here is the proposed time: Monday, 10:30 - 11:00 \n\nTASK: You need to schedule a meeting for Martha and Carol for half an hour between the work hours of 9:00 to 17:00 on either Monday, Tuesday or Wednesday. \n\nHere are the existing schedules for everyone during the days: \nMartha has meetings on Monday during 11:30 to 12:00, Tuesday during 13:30 to 14:00, 14:30 to 15:00, Wednesday during 9:00 to 9:30; \nCarol has meetings on Monday during 9:30 to 12:00, 12:30 to 13:00, 13:30 to 15:00, 15:30 to 17:00, Tuesday during 9:00 to 9:30, 12:30 to 13:00, 15:00 to 15:30, 16:30 to 17:00, Wednesday during 9:00 to 9:30, 10:00 to 10:30, 11:00 to 11:30, 12:00 to 14:30, 15:30 to 16:30; \n\nMartha can not meet on Tuesday. Wednesday. You would like to schedule the meeting at their earlist availability.\nFind a time that works for everyone's schedule and constraints. \nSOLUTION: "", 'golden_plan': 'Here is the proposed time: Monday, 9:00 - 9:30 ', 'pred_5shot_pro': 'Here is the proposed time: Monday, 9:00 - 9:30 \n', 'prompt_0shot': ""You are an expert at scheduling meetings. You are given a few constraints on the existing schedule of each participant, the meeting duration, and possibly some preferences on the meeting time. Note there exists a solution that works with existing schedule of every participant. Here are a few example tasks and solutions:\n\nTASK: You need to schedule a meeting for Martha and Carol for half an hour between the work hours of 9:00 to 17:00 on either Monday, Tuesday or Wednesday. \n\nHere are the existing schedules for everyone during the days: \nMartha has meetings on Monday during 11:30 to 12:00, Tuesday during 13:30 to 14:00, 14:30 to 15:00, Wednesday during 9:00 to 9:30; \nCarol has meetings on Monday during 9:30 to 12:00, 12:30 to 13:00, 13:30 to 15:00, 15:30 to 17:00, Tuesday during 9:00 to 9:30, 12:30 to 13:00, 15:00 to 15:30, 16:30 to 17:00, Wednesday during 9:00 to 9:30, 10:00 to 10:30, 11:00 to 11:30, 12:00 to 14:30, 15:30 to 16:30; \n\nMartha can not meet on Tuesday. Wednesday. You would like to schedule the meeting at their earlist availability.\nFind a time that works for everyone's schedule and constraints. \nSOLUTION: ""}",False,4822.0,1289.0,5.111796855926514,0.0009977999999999999,react
calendar_scheduling_example_993,**exception raised**: Exceeded maximum retries (2) for output validation,"{'num_people': '2', 'num_days': '5', 'duration': '1', 'prompt_5shot': ""You are an expert at scheduling meetings. You are given a few constraints on the existing schedule of each participant, the meeting duration, and possibly some preferences on the meeting time. Note there exists a solution that works with existing schedule of every participant. Here are a few example tasks and solutions:\n\nTASK: You need to schedule a meeting for David and Dorothy for half an hour between the work hours of 9:00 to 17:00 on either Monday, Tuesday, Wednesday, Thursday or Friday. \n\nHere are the existing schedules for everyone during the days: \nDavid is busy on Monday during 9:30 to 10:00, 10:30 to 11:30, 12:30 to 13:30, 14:30 to 15:30, Tuesday during 11:30 to 12:00, 15:00 to 15:30, 16:00 to 16:30, Wednesday during 9:30 to 10:30, 11:00 to 11:30, 14:00 to 14:30, 15:00 to 15:30, Thursday during 10:00 to 11:30, 12:00 to 14:30, 15:00 to 16:00, 16:30 to 17:00, Friday during 9:00 to 9:30, 16:00 to 16:30; \nDorothy has blocked their calendar on Monday during 9:00 to 11:30, 12:30 to 13:00, 13:30 to 17:00, Tuesday during 10:00 to 10:30, 11:00 to 11:30, 13:00 to 14:00, 14:30 to 16:00, 16:30 to 17:00, Wednesday during 9:00 to 13:00, 13:30 to 17:00, Thursday during 9:00 to 10:30, 11:00 to 12:30, 14:00 to 14:30, 15:00 to 16:30, Friday during 10:00 to 11:00, 12:00 to 12:30, 14:30 to 17:00; \n\nDavid do not want to meet on Thursday. Dorothy would like to avoid more meetings on Monday. Friday. The group would like to meet at their earlist availability.\nFind a time that works for everyone's schedule and constraints. \nSOLUTION: Here is the proposed time: Tuesday, 9:00 - 9:30 \n\nTASK: You need to schedule a meeting for Elizabeth and Vincent for half an hour between the work hours of 9:00 to 17:00 on either Monday, Tuesday, Wednesday, Thursday or Friday. \n\nHere are the existing schedules for everyone during the days: \nElizabeth is busy on Monday during 9:30 to 10:00, 10:30 to 14:00, 14:30 to 15:00, 16:00 to 16:30, Tuesday during 12:00 to 13:00, Wednesday during 10:00 to 10:30, 11:00 to 11:30, 12:00 to 12:30, 14:30 to 16:00, Thursday during 10:00 to 11:00, 11:30 to 12:30, 15:00 to 15:30, Friday during 9:30 to 10:30, 11:30 to 12:00, 12:30 to 13:00, 14:30 to 16:00; \nVincent has blocked their calendar on Monday during 9:00 to 12:00, 12:30 to 17:00, Tuesday during 9:00 to 11:00, 11:30 to 12:00, 12:30 to 15:00, 15:30 to 17:00, Wednesday during 9:00 to 15:30, 16:00 to 17:00, Thursday during 9:00 to 10:30, 11:00 to 13:00, 14:00 to 17:00, Friday during 9:00 to 17:00; \n\nYou would like to schedule the meeting at their earlist availability.\nFind a time that works for everyone's schedule and constraints. \nSOLUTION: Here is the proposed time: Tuesday, 11:00 - 11:30 \n\nTASK: You need to schedule a meeting for Bobby and Peter for half an hour between the work hours of 9:00 to 17:00 on either Monday, Tuesday, Wednesday, Thursday or Friday. \n\nHere are the existing schedules for everyone during the days: \nBobby is busy on Monday during 11:30 to 12:00, 13:00 to 13:30, 15:00 to 15:30, 16:00 to 16:30, Tuesday during 10:30 to 11:00, 12:30 to 13:30, 14:30 to 15:00, 16:30 to 17:00, Wednesday during 12:00 to 13:00, 15:00 to 15:30, Thursday during 10:00 to 10:30, 11:30 to 12:00, 13:30 to 14:00, Friday during 14:30 to 15:00; \nPeter is busy on Monday during 9:00 to 13:00, 13:30 to 17:00, Tuesday during 9:00 to 14:30, 15:30 to 17:00, Wednesday during 9:00 to 17:00, Thursday during 9:00 to 11:00, 11:30 to 12:30, 13:00 to 17:00, Friday during 9:00 to 12:30, 13:00 to 15:00, 15:30 to 16:30; \n\nBobby would like to avoid more meetings on Friday. Peter would rather not meet on Thursday. Find a time that works for everyone's schedule and constraints. \nSOLUTION: Here is the proposed time: Tuesday, 15:00 - 15:30 \n\nTASK: You need to schedule a meeting for Jacqueline and Joshua for one hour between the work hours of 9:00 to 17:00 on either Monday, Tuesday, Wednesday, Thursday or Friday. \n\nHere are the existing schedules for everyone during the days: \nJacqueline has blocked their calendar on Monday during 12:30 to 13:00, Wednesday during 9:30 to 10:00, 11:30 to 12:00, 13:00 to 14:00, 16:00 to 16:30, Thursday during 9:00 to 9:30, 11:30 to 12:00, 12:30 to 13:00, Friday during 10:00 to 11:30; \nJoshua has blocked their calendar on Monday during 9:30 to 10:00, 11:00 to 11:30, 12:00 to 12:30, 14:00 to 14:30, 16:00 to 17:00, Tuesday during 13:00 to 16:00, Wednesday during 9:00 to 13:00, 13:30 to 14:00, 14:30 to 15:30, 16:00 to 17:00, Thursday during 9:00 to 15:00, 15:30 to 17:00, Friday during 9:00 to 10:00, 11:00 to 12:00, 12:30 to 16:30; \n\nJoshua can not meet on Monday before 14:00. Tuesday. Find a time that works for everyone's schedule and constraints. \nSOLUTION: Here is the proposed time: Monday, 14:30 - 15:30 \n\nTASK: You need to schedule a meeting for Donald and Joshua for one hour between the work hours of 9:00 to 17:00 on either Monday, Tuesday, Wednesday, Thursday or Friday. \n\nHere are the existing schedules for everyone during the days: \nDonald has blocked their calendar on Monday during 9:00 to 9:30, 15:00 to 15:30, Tuesday during 10:00 to 11:00, 15:30 to 16:30, Wednesday during 10:00 to 10:30, 11:30 to 12:00, 15:00 to 15:30, Thursday during 9:00 to 9:30, 11:00 to 11:30, 12:30 to 13:00, Friday during 11:00 to 11:30, 14:30 to 15:00; \nJoshua has blocked their calendar on Monday during 9:00 to 11:30, 12:00 to 14:00, 14:30 to 15:00, 15:30 to 17:00, Tuesday during 9:00 to 12:30, 13:00 to 13:30, 14:00 to 16:30, Wednesday during 9:00 to 9:30, 10:30 to 11:00, 11:30 to 13:00, 13:30 to 14:00, 15:00 to 16:00, 16:30 to 17:00, Thursday during 9:00 to 16:30, Friday during 9:00 to 17:00; \n\nFind a time that works for everyone's schedule and constraints. \nSOLUTION: Here is the proposed time: Wednesday, 14:00 - 15:00 \n\nTASK: You need to schedule a meeting for William and Nancy for one hour between the work hours of 9:00 to 17:00 on either Monday, Tuesday, Wednesday, Thursday or Friday. \n\nHere are the existing schedules for everyone during the days: \nWilliam is busy on Monday during 10:00 to 10:30, 11:00 to 11:30, 12:30 to 13:00, Tuesday during 14:00 to 14:30, 15:30 to 16:00, Thursday during 9:30 to 10:00, 13:00 to 14:00, 15:00 to 15:30, Friday during 11:00 to 11:30; \nNancy is busy on Monday during 10:00 to 10:30, 12:00 to 12:30, 14:30 to 15:00, 15:30 to 16:00, Tuesday during 9:30 to 10:00, 11:00 to 12:00, 13:00 to 13:30, 14:00 to 15:00, 15:30 to 16:00, Wednesday during 9:30 to 10:30, 11:00 to 12:30, 14:00 to 14:30, 15:00 to 15:30, 16:30 to 17:00, Thursday during 9:00 to 10:00, 11:00 to 11:30, 12:00 to 17:00, Friday during 9:00 to 9:30, 10:00 to 11:30, 12:00 to 13:00, 14:00 to 14:30, 15:00 to 15:30, 16:00 to 17:00; \n\nNancy would rather not meet on Tuesday. Friday. You would like to schedule the meeting at their earlist availability.\nFind a time that works for everyone's schedule and constraints. \nSOLUTION: "", 'golden_plan': 'Here is the proposed time: Monday, 9:00 - 10:00 ', 'pred_5shot_pro': 'Here is the proposed time: Monday, 13:00 - 14:00 \n', 'prompt_0shot': ""You are an expert at scheduling meetings. You are given a few constraints on the existing schedule of each participant, the meeting duration, and possibly some preferences on the meeting time. Note there exists a solution that works with existing schedule of every participant. Here are a few example tasks and solutions:\n\nTASK: You need to schedule a meeting for William and Nancy for one hour between the work hours of 9:00 to 17:00 on either Monday, Tuesday, Wednesday, Thursday or Friday. \n\nHere are the existing schedules for everyone during the days: \nWilliam is busy on Monday during 10:00 to 10:30, 11:00 to 11:30, 12:30 to 13:00, Tuesday during 14:00 to 14:30, 15:30 to 16:00, Thursday during 9:30 to 10:00, 13:00 to 14:00, 15:00 to 15:30, Friday during 11:00 to 11:30; \nNancy is busy on Monday during 10:00 to 10:30, 12:00 to 12:30, 14:30 to 15:00, 15:30 to 16:00, Tuesday during 9:30 to 10:00, 11:00 to 12:00, 13:00 to 13:30, 14:00 to 15:00, 15:30 to 16:00, Wednesday during 9:30 to 10:30, 11:00 to 12:30, 14:00 to 14:30, 15:00 to 15:30, 16:30 to 17:00, Thursday during 9:00 to 10:00, 11:00 to 11:30, 12:00 to 17:00, Friday during 9:00 to 9:30, 10:00 to 11:30, 12:00 to 13:00, 14:00 to 14:30, 15:00 to 15:30, 16:00 to 17:00; \n\nNancy would rather not meet on Tuesday. Friday. You would like to schedule the meeting at their earlist availability.\nFind a time that works for everyone's schedule and constraints. \nSOLUTION: ""}",False,,,,,react
calendar_scheduling_example_28,"Here is the proposed time: Monday, 11:00 - 11:30
","{'num_people': '3', 'num_days': '1', 'duration': '0.5', 'prompt_5shot': ""You are an expert at scheduling meetings. You are given a few constraints on the existing schedule of each participant, the meeting duration, and possibly some preferences on the meeting time. Note there exists a solution that works with existing schedule of every participant. Here are a few example tasks and solutions:\n\nTASK: You need to schedule a meeting for Roger, Karen and Dorothy for half an hour between the work hours of 9:00 to 17:00 on Monday. \n\nHere are the existing schedules for everyone during the day: \nRoger's calendar is wide open the entire day.\nKaren has meetings on Monday during 10:00 to 10:30, 11:30 to 12:00, 12:30 to 13:00, 14:00 to 15:00, 15:30 to 16:00; \nDorothy is busy on Monday during 9:00 to 10:00, 10:30 to 11:00, 11:30 to 12:00, 12:30 to 13:00, 14:00 to 15:30, 16:00 to 17:00; \n\nYou would like to schedule the meeting at their earlist availability.\nFind a time that works for everyone's schedule and constraints. \nSOLUTION: Here is the proposed time: Monday, 11:00 - 11:30 \n\nTASK: You need to schedule a meeting for Douglas, Lawrence and Isabella for half an hour between the work hours of 9:00 to 17:00 on Monday. \n\nHere are the existing schedules for everyone during the day: \nDouglas has meetings on Monday during 12:00 to 12:30, 15:00 to 15:30; \nLawrence has meetings on Monday during 10:30 to 12:00, 13:00 to 13:30, 14:00 to 14:30, 15:30 to 16:00; \nIsabella is busy on Monday during 9:00 to 12:30, 13:30 to 17:00; \n\nFind a time that works for everyone's schedule and constraints. \nSOLUTION: Here is the proposed time: Monday, 12:30 - 13:00 \n\nTASK: You need to schedule a meeting for Joshua, Denise and Jeremy for one hour between the work hours of 9:00 to 17:00 on Monday. \n\nHere are the existing schedules for everyone during the day: \nJoshua is busy on Monday during 10:00 to 10:30, 12:00 to 12:30, 14:00 to 14:30, 15:00 to 15:30; \nDenise's calendar is wide open the entire day.\nJeremy has meetings on Monday during 9:30 to 10:30, 12:00 to 13:00, 13:30 to 14:00, 14:30 to 15:00, 15:30 to 16:00, 16:30 to 17:00; \n\nFind a time that works for everyone's schedule and constraints. \nSOLUTION: Here is the proposed time: Monday, 10:30 - 11:30 \n\nTASK: You need to schedule a meeting for Alan, Elizabeth and Denise for half an hour between the work hours of 9:00 to 17:00 on Monday. \n\nHere are the existing schedules for everyone during the day: \nAlan has blocked their calendar on Monday during 13:00 to 13:30, 14:00 to 14:30; \nElizabeth is busy on Monday during 9:00 to 9:30, 11:00 to 11:30; \nDenise has blocked their calendar on Monday during 9:00 to 10:00, 10:30 to 11:30, 12:30 to 13:00, 13:30 to 14:00, 14:30 to 16:00, 16:30 to 17:00; \n\nYou would like to schedule the meeting at their earlist availability.\nFind a time that works for everyone's schedule and constraints. \nSOLUTION: Here is the proposed time: Monday, 10:00 - 10:30 \n\nTASK: You need to schedule a meeting for Mason, Bruce and Christopher for half an hour between the work hours of 9:00 to 17:00 on Monday. \n\nHere are the existing schedules for everyone during the day: \nMason has meetings on Monday during 9:30 to 10:00, 11:00 to 11:30, 14:30 to 15:00, 16:30 to 17:00; \nBruce is free the entire day.\nChristopher is busy on Monday during 9:30 to 10:30, 11:30 to 12:30, 15:00 to 17:00; \n\nMason would rather not meet on Monday before 12:30. Find a time that works for everyone's schedule and constraints. \nSOLUTION: Here is the proposed time: Monday, 12:30 - 13:00 \n\nTASK: You need to schedule a meeting for Brittany, Emily and Doris for half an hour between the work hours of 9:00 to 17:00 on Monday. \n\nHere are the existing schedules for everyone during the day: \nBrittany has meetings on Monday during 13:00 to 13:30, 16:00 to 16:30; \nEmily is free the entire day.\nDoris is busy on Monday during 9:00 to 11:00, 11:30 to 14:30, 15:00 to 17:00; \n\nYou would like to schedule the meeting at their earlist availability.\nFind a time that works for everyone's schedule and constraints. \nSOLUTION: "", 'golden_plan': 'Here is the proposed time: Monday, 11:00 - 11:30 ', 'pred_5shot_pro': 'Here is the proposed time: Monday, 11:00 - 11:30 \n', 'prompt_0shot': ""You are an expert at scheduling meetings. You are given a few constraints on the existing schedule of each participant, the meeting duration, and possibly some preferences on the meeting time. Note there exists a solution that works with existing schedule of every participant. Here are a few example tasks and solutions:\n\nTASK: You need to schedule a meeting for Brittany, Emily and Doris for half an hour between the work hours of 9:00 to 17:00 on Monday. \n\nHere are the existing schedules for everyone during the day: \nBrittany has meetings on Monday during 13:00 to 13:30, 16:00 to 16:30; \nEmily is free the entire day.\nDoris is busy on Monday during 9:00 to 11:00, 11:30 to 14:30, 15:00 to 17:00; \n\nYou would like to schedule the meeting at their earlist availability.\nFind a time that works for everyone's schedule and constraints. \nSOLUTION: ""}",True,3570.0,797.0,3.8103840351104736,0.0006758000000000001,react
calendar_scheduling_example_111,"Here is the proposed time: Monday, 11:30 - 12:00
","{'num_people': '4', 'num_days': '1', 'duration': '0.5', 'prompt_5shot': ""You are an expert at scheduling meetings. You are given a few constraints on the existing schedule of each participant, the meeting duration, and possibly some preferences on the meeting time. Note there exists a solution that works with existing schedule of every participant. Here are a few example tasks and solutions:\n\nTASK: You need to schedule a meeting for Carol, Cynthia, Judith and Peter for half an hour between the work hours of 9:00 to 17:00 on Monday. \n\nHere are the existing schedules for everyone during the day: \nCarol has meetings on Monday during 11:00 to 11:30, 12:30 to 14:00, 14:30 to 15:30; \nCynthiahas no meetings the whole day.\nJudith has meetings on Monday during 9:00 to 11:30, 12:00 to 13:00, 13:30 to 14:30, 15:00 to 16:30; \nPeter is busy on Monday during 9:00 to 9:30, 10:00 to 16:30; \n\nFind a time that works for everyone's schedule and constraints. \nSOLUTION: Here is the proposed time: Monday, 16:30 - 17:00 \n\nTASK: You need to schedule a meeting for Karen, Carl, Margaret and Lori for half an hour between the work hours of 9:00 to 17:00 on Monday. \n\nHere are the existing schedules for everyone during the day: \nKaren is busy on Monday during 9:30 to 10:00, 11:00 to 12:00, 15:30 to 16:00; \nCarl is busy on Monday during 9:30 to 10:30, 11:00 to 11:30, 13:00 to 13:30, 14:00 to 14:30, 16:00 to 16:30; \nMargaret is busy on Monday during 9:00 to 14:30, 15:00 to 16:30; \nLori is busy on Monday during 9:00 to 12:30, 13:30 to 14:00, 15:30 to 16:00, 16:30 to 17:00; \n\nFind a time that works for everyone's schedule and constraints. \nSOLUTION: Here is the proposed time: Monday, 14:30 - 15:00 \n\nTASK: You need to schedule a meeting for Lawrence, Brenda, Keith and Kevin for half an hour between the work hours of 9:00 to 17:00 on Monday. \n\nHere are the existing schedules for everyone during the day: \nLawrence has meetings on Monday during 9:30 to 10:00, 11:00 to 11:30, 12:00 to 12:30, 13:30 to 15:00; \nBrenda has meetings on Monday during 9:30 to 10:00, 13:00 to 13:30, 14:00 to 14:30, 16:30 to 17:00; \nKeith has blocked their calendar on Monday during 10:00 to 10:30, 12:00 to 13:00, 14:00 to 16:00, 16:30 to 17:00; \nKevin has blocked their calendar on Monday during 9:00 to 9:30, 10:00 to 10:30, 12:30 to 13:30, 14:00 to 15:00, 15:30 to 16:00, 16:30 to 17:00; \n\nLawrence do not want to meet on Monday after 14:30. Find a time that works for everyone's schedule and constraints. \nSOLUTION: Here is the proposed time: Monday, 11:30 - 12:00 \n\nTASK: You need to schedule a meeting for Marilyn, Pamela, Karen and Nancy for half an hour between the work hours of 9:00 to 17:00 on Monday. \n\nHere are the existing schedules for everyone during the day: \nMarilyn has meetings on Monday during 9:30 to 10:30, 11:00 to 11:30, 12:00 to 13:00, 15:30 to 16:00; \nPamela has blocked their calendar on Monday during 11:00 to 11:30, 14:00 to 14:30; \nKaren is busy on Monday during 9:00 to 10:00, 10:30 to 11:30, 12:30 to 13:30, 14:00 to 14:30, 15:00 to 16:00, 16:30 to 17:00; \nNancy is busy on Monday during 9:00 to 12:00, 12:30 to 13:00, 13:30 to 14:00, 15:30 to 16:00, 16:30 to 17:00; \n\nMarilyn would like to avoid more meetings on Monday after 15:00. Find a time that works for everyone's schedule and constraints. \nSOLUTION: Here is the proposed time: Monday, 14:30 - 15:00 \n\nTASK: You need to schedule a meeting for Jeremy, Sara, Jerry and Kathleen for half an hour between the work hours of 9:00 to 17:00 on Monday. \n\nHere are the existing schedules for everyone during the day: \nJeremyhas no meetings the whole day.\nSara has blocked their calendar on Monday during 14:30 to 15:00, 16:30 to 17:00; \nJerry has blocked their calendar on Monday during 9:30 to 10:30, 11:00 to 12:00, 13:30 to 14:00, 14:30 to 17:00; \nKathleen has meetings on Monday during 9:00 to 9:30, 10:00 to 11:00, 11:30 to 12:30, 14:00 to 14:30, 15:30 to 16:00, 16:30 to 17:00; \n\nFind a time that works for everyone's schedule and constraints. \nSOLUTION: Here is the proposed time: Monday, 12:30 - 13:00 \n\nTASK: You need to schedule a meeting for Gregory, Natalie, Christine and Vincent for half an hour between the work hours of 9:00 to 17:00 on Monday. \n\nHere are the existing schedules for everyone during the day: \nGregory has blocked their calendar on Monday during 9:00 to 10:00, 10:30 to 11:30, 12:30 to 13:00, 13:30 to 14:00; \nNatalie's calendar is wide open the entire day.\nChristine has meetings on Monday during 9:00 to 11:30, 13:30 to 17:00; \nVincent has blocked their calendar on Monday during 9:00 to 9:30, 10:30 to 12:00, 12:30 to 14:00, 14:30 to 17:00; \n\nFind a time that works for everyone's schedule and constraints. \nSOLUTION: "", 'golden_plan': 'Here is the proposed time: Monday, 12:00 - 12:30 ', 'pred_5shot_pro': ""Here is the proposed time: **Monday, 11:30 - 12:00** \n\nLet's break down why this works:\n\n* **Gregory:** Free from 11:30 to 12:30\n* **Natalie:**  Available all day.\n* **Christine:** Free from 11:30 to 13:30\n* **Vincent:**  Free from 12:00 to 12:30\n\nThis 30-minute slot is the only time that accommodates everyone's existing schedule. \n"", 'prompt_0shot': ""You are an expert at scheduling meetings. You are given a few constraints on the existing schedule of each participant, the meeting duration, and possibly some preferences on the meeting time. Note there exists a solution that works with existing schedule of every participant. Here are a few example tasks and solutions:\n\nTASK: You need to schedule a meeting for Gregory, Natalie, Christine and Vincent for half an hour between the work hours of 9:00 to 17:00 on Monday. \n\nHere are the existing schedules for everyone during the day: \nGregory has blocked their calendar on Monday during 9:00 to 10:00, 10:30 to 11:30, 12:30 to 13:00, 13:30 to 14:00; \nNatalie's calendar is wide open the entire day.\nChristine has meetings on Monday during 9:00 to 11:30, 13:30 to 17:00; \nVincent has blocked their calendar on Monday during 9:00 to 9:30, 10:30 to 12:00, 12:30 to 14:00, 14:30 to 17:00; \n\nFind a time that works for everyone's schedule and constraints. \nSOLUTION: ""}",False,6627.0,1021.0,6.021723747253418,0.0010711,react
calendar_scheduling_example_228,"Here is the proposed time: Monday, 12:00 - 12:30","{'num_people': '5', 'num_days': '1', 'duration': '0.5', 'prompt_5shot': ""You are an expert at scheduling meetings. You are given a few constraints on the existing schedule of each participant, the meeting duration, and possibly some preferences on the meeting time. Note there exists a solution that works with existing schedule of every participant. Here are a few example tasks and solutions:\n\nTASK: You need to schedule a meeting for George, Steven, Aaron, Patrick and Cynthia for half an hour between the work hours of 9:00 to 17:00 on Monday. \n\nHere are the existing schedules for everyone during the day: \nGeorgehas no meetings the whole day.\nSteven is free the entire day.\nAaron has blocked their calendar on Monday during 9:00 to 10:00, 11:30 to 12:00, 15:30 to 17:00; \nPatrick has blocked their calendar on Monday during 9:00 to 9:30, 10:00 to 11:00, 11:30 to 12:00, 12:30 to 14:00, 15:00 to 15:30; \nCynthia is busy on Monday during 9:00 to 9:30, 10:30 to 11:30, 12:30 to 14:30, 15:00 to 16:30; \n\nAaron can not meet on Monday after 12:30. Find a time that works for everyone's schedule and constraints. \nSOLUTION: Here is the proposed time: Monday, 12:00 - 12:30 \n\nTASK: You need to schedule a meeting for Elizabeth, Eugene, Nancy, Justin and Roy for half an hour between the work hours of 9:00 to 17:00 on Monday. \n\nHere are the existing schedules for everyone during the day: \nElizabeth's calendar is wide open the entire day.\nEugene has blocked their calendar on Monday during 12:00 to 12:30, 13:30 to 14:00, 15:00 to 16:00; \nNancy has meetings on Monday during 10:30 to 11:00, 12:00 to 13:00, 14:00 to 14:30, 15:00 to 16:00; \nJustin has meetings on Monday during 9:30 to 10:00, 10:30 to 11:30, 12:00 to 12:30, 13:00 to 13:30, 14:30 to 17:00; \nRoy is busy on Monday during 10:00 to 11:00, 11:30 to 12:30, 13:30 to 14:00, 14:30 to 16:00; \n\nFind a time that works for everyone's schedule and constraints. \nSOLUTION: Here is the proposed time: Monday, 9:00 - 9:30 \n\nTASK: You need to schedule a meeting for Mason, Linda, Barbara, Roger and Lisa for half an hour between the work hours of 9:00 to 17:00 on Monday. \n\nHere are the existing schedules for everyone during the day: \nMasonhas no meetings the whole day.\nLinda is busy on Monday during 9:30 to 11:00, 12:00 to 12:30, 13:00 to 13:30, 16:30 to 17:00; \nBarbara has blocked their calendar on Monday during 9:00 to 9:30, 12:00 to 13:00, 15:30 to 16:00; \nRoger has meetings on Monday during 9:00 to 9:30, 13:00 to 14:30, 15:00 to 17:00; \nLisa has blocked their calendar on Monday during 9:00 to 10:00, 10:30 to 11:30, 12:00 to 12:30, 13:00 to 14:30, 15:00 to 17:00; \n\nMason would rather not meet on Monday after 13:30. Find a time that works for everyone's schedule and constraints. \nSOLUTION: Here is the proposed time: Monday, 11:30 - 12:00 \n\nTASK: You need to schedule a meeting for Thomas, Olivia, Doris, Amber and Ronald for half an hour between the work hours of 9:00 to 17:00 on Monday. \n\nHere are the existing schedules for everyone during the day: \nThomas has meetings on Monday during 12:00 to 12:30, 16:30 to 17:00; \nOlivia has blocked their calendar on Monday during 10:30 to 11:30, 13:00 to 14:00, 16:00 to 17:00; \nDoris is busy on Monday during 13:30 to 14:00, 16:30 to 17:00; \nAmber is busy on Monday during 10:00 to 10:30, 12:00 to 13:00, 14:00 to 15:00, 15:30 to 17:00; \nRonald has meetings on Monday during 9:30 to 11:30, 12:00 to 13:00, 13:30 to 14:00, 15:00 to 15:30; \n\nRonald would rather not meet on Monday before 11:30. Find a time that works for everyone's schedule and constraints. \nSOLUTION: Here is the proposed time: Monday, 11:30 - 12:00 \n\nTASK: You need to schedule a meeting for Patrick, Kathleen, Frank, Patricia and Carolyn for half an hour between the work hours of 9:00 to 17:00 on Monday. \n\nHere are the existing schedules for everyone during the day: \nPatrick is free the entire day.\nKathleen has meetings on Monday during 9:30 to 10:00, 15:00 to 15:30; \nFrank has blocked their calendar on Monday during 11:00 to 11:30, 15:30 to 17:00; \nPatricia is busy on Monday during 9:00 to 12:00, 14:30 to 15:00, 16:00 to 16:30; \nCarolyn has meetings on Monday during 9:00 to 9:30, 11:00 to 12:30, 13:00 to 17:00; \n\nFind a time that works for everyone's schedule and constraints. \nSOLUTION: Here is the proposed time: Monday, 12:30 - 13:00 \n\nTASK: You need to schedule a meeting for Mason, Anthony, Teresa, Katherine and Brian for half an hour between the work hours of 9:00 to 17:00 on Monday. \n\nHere are the existing schedules for everyone during the day: \nMason has meetings on Monday during 11:00 to 11:30, 16:00 to 16:30; \nAnthony is busy on Monday during 9:30 to 10:00, 11:30 to 12:00; \nTeresa is busy on Monday during 9:30 to 10:00, 11:00 to 11:30, 13:00 to 14:00, 15:30 to 16:00, 16:30 to 17:00; \nKatherine has meetings on Monday during 9:00 to 10:30, 11:00 to 12:30, 13:00 to 15:00, 16:00 to 17:00; \nBrian is busy on Monday during 9:30 to 12:00, 12:30 to 13:00, 14:00 to 14:30, 16:00 to 16:30; \n\nFind a time that works for everyone's schedule and constraints. \nSOLUTION: "", 'golden_plan': 'Here is the proposed time: Monday, 15:00 - 15:30 ', 'pred_5shot_pro': ""Here is the proposed time: **Monday, 10:30 - 11:00** \n\nLet's break down why this works:\n\n* **Mason:** Free at this time.\n* **Anthony:** Free at this time (his meetings end at 10:00 and 12:00).\n* **Teresa:** Free at this time (her meeting block ends at 10:00).\n* **Katherine:** Free at this time (her meeting block ends at 10:30).\n* **Brian:** Free at this time (his meeting block ends at 12:00). \n"", 'prompt_0shot': ""You are an expert at scheduling meetings. You are given a few constraints on the existing schedule of each participant, the meeting duration, and possibly some preferences on the meeting time. Note there exists a solution that works with existing schedule of every participant. Here are a few example tasks and solutions:\n\nTASK: You need to schedule a meeting for Mason, Anthony, Teresa, Katherine and Brian for half an hour between the work hours of 9:00 to 17:00 on Monday. \n\nHere are the existing schedules for everyone during the day: \nMason has meetings on Monday during 11:00 to 11:30, 16:00 to 16:30; \nAnthony is busy on Monday during 9:30 to 10:00, 11:30 to 12:00; \nTeresa is busy on Monday during 9:30 to 10:00, 11:00 to 11:30, 13:00 to 14:00, 15:30 to 16:00, 16:30 to 17:00; \nKatherine has meetings on Monday during 9:00 to 10:30, 11:00 to 12:30, 13:00 to 15:00, 16:00 to 17:00; \nBrian is busy on Monday during 9:30 to 12:00, 12:30 to 13:00, 14:00 to 14:30, 16:00 to 16:30; \n\nFind a time that works for everyone's schedule and constraints. \nSOLUTION: ""}",False,4661.0,1345.0,8.983463287353516,0.0010041,react
calendar_scheduling_example_780,"Here is the proposed time: Tuesday, 13:00 - 13:30
","{'num_people': '2', 'num_days': '3', 'duration': '0.5', 'prompt_5shot': ""You are an expert at scheduling meetings. You are given a few constraints on the existing schedule of each participant, the meeting duration, and possibly some preferences on the meeting time. Note there exists a solution that works with existing schedule of every participant. Here are a few example tasks and solutions:\n\nTASK: You need to schedule a meeting for Jordan and Betty for one hour between the work hours of 9:00 to 17:00 on either Monday, Tuesday or Wednesday. \n\nHere are the existing schedules for everyone during the days: \nJordan has meetings on Tuesday during 11:00 to 11:30, 13:30 to 14:00, Wednesday during 9:00 to 9:30, 14:00 to 14:30; \nBetty has blocked their calendar on Monday during 9:00 to 12:30, 13:00 to 17:00, Tuesday during 9:00 to 10:00, 10:30 to 11:00, 11:30 to 12:30, 13:30 to 16:00, 16:30 to 17:00, Wednesday during 9:00 to 9:30, 10:30 to 17:00; \n\nYou would like to schedule the meeting at their earlist availability.\nFind a time that works for everyone's schedule and constraints. \nSOLUTION: Here is the proposed time: Tuesday, 12:30 - 13:30 \n\nTASK: You need to schedule a meeting for James and Timothy for half an hour between the work hours of 9:00 to 17:00 on either Monday, Tuesday or Wednesday. \n\nHere are the existing schedules for everyone during the days: \nJames has blocked their calendar on Monday during 9:30 to 10:00, 10:30 to 11:00, 12:30 to 13:00, 13:30 to 14:30, 15:00 to 15:30, 16:30 to 17:00, Tuesday during 10:00 to 11:00, 15:30 to 16:00, Wednesday during 9:00 to 12:30, 14:00 to 15:00, 15:30 to 17:00; \nTimothy has blocked their calendar on Monday during 9:00 to 17:00, Tuesday during 9:00 to 15:00, 15:30 to 17:00, Wednesday during 9:30 to 17:00; \n\nFind a time that works for everyone's schedule and constraints. \nSOLUTION: Here is the proposed time: Tuesday, 15:00 - 15:30 \n\nTASK: You need to schedule a meeting for Lori and Emma for half an hour between the work hours of 9:00 to 17:00 on either Monday, Tuesday or Wednesday. \n\nHere are the existing schedules for everyone during the days: \nLori has blocked their calendar on Monday during 12:30 to 13:00, 13:30 to 14:00, Tuesday during 9:00 to 10:00, 13:00 to 13:30, 14:00 to 14:30, 15:00 to 15:30, Wednesday during 9:30 to 10:00, 11:00 to 11:30, 12:00 to 12:30, 15:30 to 16:00, 16:30 to 17:00; \nEmma has meetings on Monday during 9:00 to 10:00, 10:30 to 17:00, Tuesday during 9:00 to 9:30, 10:30 to 11:30, 12:00 to 13:30, 14:00 to 16:00, 16:30 to 17:00, Wednesday during 9:00 to 10:00, 10:30 to 13:00, 13:30 to 17:00; \n\nYou would like to schedule the meeting at their earlist availability.\nFind a time that works for everyone's schedule and constraints. \nSOLUTION: Here is the proposed time: Monday, 10:00 - 10:30 \n\nTASK: You need to schedule a meeting for Steven and Zachary for one hour between the work hours of 9:00 to 17:00 on either Monday, Tuesday or Wednesday. \n\nHere are the existing schedules for everyone during the days: \nSteven is busy on Monday during 9:00 to 11:30, 13:00 to 13:30, 14:00 to 14:30, Tuesday during 11:00 to 11:30, 12:00 to 12:30, 13:00 to 14:00, 15:00 to 16:00, 16:30 to 17:00, Wednesday during 9:30 to 11:00, 13:30 to 14:00; \nZachary is busy on Monday during 9:00 to 17:00, Tuesday during 10:30 to 11:30, 12:00 to 12:30, 13:00 to 15:00, 15:30 to 16:00, 16:30 to 17:00, Wednesday during 9:00 to 11:00, 12:00 to 12:30, 13:00 to 17:00; \n\nZachary would like to avoid more meetings on Wednesday. Find a time that works for everyone's schedule and constraints. \nSOLUTION: Here is the proposed time: Tuesday, 9:00 - 10:00 \n\nTASK: You need to schedule a meeting for Lisa and Jeffrey for half an hour between the work hours of 9:00 to 17:00 on either Monday, Tuesday or Wednesday. \n\nHere are the existing schedules for everyone during the days: \nLisa has blocked their calendar on Monday during 11:00 to 12:00, 13:00 to 13:30, Tuesday during 9:00 to 9:30, 10:30 to 11:00, 12:00 to 13:00, 13:30 to 14:30, 16:00 to 16:30, Wednesday during 12:00 to 13:30, 14:00 to 14:30; \nJeffrey has meetings on Monday during 9:30 to 10:30, 11:30 to 12:30, 13:00 to 16:00, Tuesday during 9:00 to 10:00, 11:00 to 11:30, 12:00 to 12:30, 13:30 to 14:00, 15:30 to 16:00, 16:30 to 17:00, Wednesday during 10:30 to 12:30, 13:00 to 14:00, 14:30 to 15:00, 15:30 to 16:00, 16:30 to 17:00; \n\nLisa would like to avoid more meetings on Monday after 11:30. Wednesday. Jeffrey can not meet on Tuesday. Find a time that works for everyone's schedule and constraints. \nSOLUTION: Here is the proposed time: Monday, 10:30 - 11:00 \n\nTASK: You need to schedule a meeting for Logan and Lori for half an hour between the work hours of 9:00 to 17:00 on either Monday, Tuesday or Wednesday. \n\nHere are the existing schedules for everyone during the days: \nLogan has meetings on Monday during 14:30 to 15:00, 15:30 to 16:00, Tuesday during 11:30 to 12:00, Wednesday during 16:00 to 16:30; \nLori is busy on Monday during 9:00 to 11:30, 12:00 to 13:00, 13:30 to 14:30, 15:00 to 15:30, 16:00 to 17:00, Tuesday during 9:00 to 13:00, 13:30 to 14:30, 15:00 to 17:00, Wednesday during 9:00 to 12:30, 14:00 to 15:00, 15:30 to 17:00; \n\nLori can not meet on Monday. The group would like to meet at their earlist availability.\nFind a time that works for everyone's schedule and constraints. \nSOLUTION: "", 'golden_plan': 'Here is the proposed time: Tuesday, 13:00 - 13:30 ', 'pred_5shot_pro': 'Here is the proposed time: Tuesday, 14:30 - 15:00 \n', 'prompt_0shot': ""You are an expert at scheduling meetings. You are given a few constraints on the existing schedule of each participant, the meeting duration, and possibly some preferences on the meeting time. Note there exists a solution that works with existing schedule of every participant. Here are a few example tasks and solutions:\n\nTASK: You need to schedule a meeting for Logan and Lori for half an hour between the work hours of 9:00 to 17:00 on either Monday, Tuesday or Wednesday. \n\nHere are the existing schedules for everyone during the days: \nLogan has meetings on Monday during 14:30 to 15:00, 15:30 to 16:00, Tuesday during 11:30 to 12:00, Wednesday during 16:00 to 16:30; \nLori is busy on Monday during 9:00 to 11:30, 12:00 to 13:00, 13:30 to 14:30, 15:00 to 15:30, 16:00 to 17:00, Tuesday during 9:00 to 13:00, 13:30 to 14:30, 15:00 to 17:00, Wednesday during 9:00 to 12:30, 14:00 to 15:00, 15:30 to 17:00; \n\nLori can not meet on Monday. The group would like to meet at their earlist availability.\nFind a time that works for everyone's schedule and constraints. \nSOLUTION: ""}",True,4595.0,1317.0,6.442227363586426,0.0009863,react
calendar_scheduling_example_436,**exception raised**: Exceeded maximum retries (2) for output validation,"{'num_people': '7', 'num_days': '1', 'duration': '0.5', 'prompt_5shot': ""You are an expert at scheduling meetings. You are given a few constraints on the existing schedule of each participant, the meeting duration, and possibly some preferences on the meeting time. Note there exists a solution that works with existing schedule of every participant. Here are a few example tasks and solutions:\n\nTASK: You need to schedule a meeting for Dennis, Karen, Ashley, Rebecca, Bradley, Vincent and Bryan for half an hour between the work hours of 9:00 to 17:00 on Monday. \n\nHere are the existing schedules for everyone during the day: \nDennis has blocked their calendar on Monday during 15:30 to 16:00, 16:30 to 17:00; \nKaren is free the entire day.\nAshley is busy on Monday during 10:30 to 11:00, 14:00 to 15:00, 15:30 to 16:00; \nRebecca has meetings on Monday during 13:00 to 14:00; \nBradley has blocked their calendar on Monday during 9:00 to 11:00, 12:00 to 17:00; \nVincent has blocked their calendar on Monday during 10:00 to 11:30, 12:00 to 14:00, 14:30 to 15:00; \nBryan has blocked their calendar on Monday during 9:00 to 10:00, 10:30 to 11:30, 12:00 to 12:30, 14:00 to 15:00, 15:30 to 16:00; \n\nFind a time that works for everyone's schedule and constraints. \nSOLUTION: Here is the proposed time: Monday, 11:30 - 12:00 \n\nTASK: You need to schedule a meeting for Jerry, Abigail, Charlotte, Jessica, Sarah, Carol and Joan for half an hour between the work hours of 9:00 to 17:00 on Monday. \n\nHere are the existing schedules for everyone during the day: \nJerry is busy on Monday during 10:30 to 11:00, 11:30 to 12:00, 13:00 to 13:30, 14:30 to 15:00; \nAbigail is busy on Monday during 9:00 to 9:30, 11:00 to 11:30, 13:00 to 13:30, 14:30 to 15:00, 15:30 to 16:30; \nCharlotte has meetings on Monday during 12:00 to 12:30, 15:00 to 15:30, 16:00 to 17:00; \nJessica's calendar is wide open the entire day.\nSarah is busy on Monday during 10:30 to 11:30, 13:00 to 13:30, 14:30 to 17:00; \nCarol has meetings on Monday during 9:00 to 10:00, 10:30 to 15:30, 16:00 to 17:00; \nJoan has blocked their calendar on Monday during 10:30 to 13:00, 13:30 to 14:00, 15:00 to 17:00; \n\nFind a time that works for everyone's schedule and constraints. \nSOLUTION: Here is the proposed time: Monday, 10:00 - 10:30 \n\nTASK: You need to schedule a meeting for Martha, Julia, Zachary, Joseph, Joshua, Arthur and Frances for half an hour between the work hours of 9:00 to 17:00 on Monday. \n\nHere are the existing schedules for everyone during the day: \nMarthahas no meetings the whole day.\nJulia has blocked their calendar on Monday during 11:00 to 11:30, 12:30 to 13:00, 13:30 to 14:00, 16:30 to 17:00; \nZachary has blocked their calendar on Monday during 13:30 to 14:00, 15:00 to 15:30; \nJoseph has blocked their calendar on Monday during 9:00 to 9:30, 10:00 to 10:30, 12:00 to 13:00, 14:30 to 15:30; \nJoshua has blocked their calendar on Monday during 9:00 to 9:30, 10:00 to 10:30, 11:30 to 12:30, 13:00 to 14:00, 15:30 to 16:30; \nArthur has meetings on Monday during 9:00 to 9:30, 11:00 to 12:00, 13:00 to 14:30, 16:00 to 17:00; \nFrances has meetings on Monday during 10:30 to 13:30, 15:00 to 15:30, 16:00 to 16:30; \n\nFind a time that works for everyone's schedule and constraints. \nSOLUTION: Here is the proposed time: Monday, 9:30 - 10:00 \n\nTASK: You need to schedule a meeting for Angela, Timothy, Julie, Emma, Madison, Daniel and Kimberly for half an hour between the work hours of 9:00 to 17:00 on Monday. \n\nHere are the existing schedules for everyone during the day: \nAngela has meetings on Monday during 10:30 to 11:00, 14:30 to 15:00; \nTimothy is free the entire day.\nJulie is busy on Monday during 14:00 to 14:30, 15:00 to 15:30; \nEmma has meetings on Monday during 12:30 to 13:30; \nMadison has meetings on Monday during 9:30 to 10:30, 11:30 to 12:30, 13:30 to 14:00, 14:30 to 15:00, 15:30 to 16:30; \nDaniel is busy on Monday during 10:00 to 14:00, 14:30 to 15:30, 16:00 to 17:00; \nKimberly has meetings on Monday during 10:00 to 10:30, 11:00 to 14:00, 14:30 to 17:00; \n\nFind a time that works for everyone's schedule and constraints. \nSOLUTION: Here is the proposed time: Monday, 9:00 - 9:30 \n\nTASK: You need to schedule a meeting for William, Ronald, Elizabeth, Justin, Gregory, Philip and Evelyn for half an hour between the work hours of 9:00 to 17:00 on Monday. \n\nHere are the existing schedules for everyone during the day: \nWilliam is busy on Monday during 10:00 to 10:30, 12:30 to 13:00, 16:00 to 17:00; \nRonaldhas no meetings the whole day.\nElizabeth is busy on Monday during 9:00 to 10:00, 12:30 to 13:00, 14:30 to 15:00; \nJustin is busy on Monday during 12:00 to 12:30, 14:00 to 14:30; \nGregory has blocked their calendar on Monday during 10:00 to 10:30, 12:00 to 13:30, 14:00 to 15:00, 15:30 to 16:30; \nPhilip has blocked their calendar on Monday during 9:00 to 11:00, 12:30 to 13:30, 15:00 to 15:30, 16:00 to 16:30; \nEvelyn has blocked their calendar on Monday during 9:00 to 11:00, 11:30 to 13:30, 14:00 to 17:00; \n\nJustin do not want to meet on Monday after 13:30. Find a time that works for everyone's schedule and constraints. \nSOLUTION: Here is the proposed time: Monday, 11:00 - 11:30 \n\nTASK: You need to schedule a meeting for Patrick, Shirley, Jeffrey, Gloria, Nathan, Angela and David for half an hour between the work hours of 9:00 to 17:00 on Monday. \n\nHere are the existing schedules for everyone during the day: \nPatrick has meetings on Monday during 13:30 to 14:00, 14:30 to 15:00; \nShirley has meetings on Monday during 9:00 to 9:30, 11:00 to 11:30, 12:00 to 12:30, 14:30 to 15:00, 16:00 to 17:00; \nJeffrey has meetings on Monday during 9:00 to 9:30, 10:30 to 11:00, 11:30 to 12:00, 13:00 to 13:30, 16:00 to 17:00; \nGloria is busy on Monday during 11:30 to 12:00, 15:00 to 15:30; \nNathan is busy on Monday during 9:00 to 9:30, 10:30 to 12:00, 14:00 to 17:00; \nAngela has meetings on Monday during 9:00 to 9:30, 10:00 to 11:00, 12:30 to 15:00, 15:30 to 16:30; \nDavid is busy on Monday during 9:00 to 9:30, 10:00 to 10:30, 11:00 to 14:00, 14:30 to 16:30; \n\nFind a time that works for everyone's schedule and constraints. \nSOLUTION: "", 'golden_plan': 'Here is the proposed time: Monday, 9:30 - 10:00 ', 'pred_5shot_pro': 'SOLUTION: Here is the proposed time: Monday, 10:30 - 11:00 \n', 'prompt_0shot': ""You are an expert at scheduling meetings. You are given a few constraints on the existing schedule of each participant, the meeting duration, and possibly some preferences on the meeting time. Note there exists a solution that works with existing schedule of every participant. Here are a few example tasks and solutions:\n\nTASK: You need to schedule a meeting for Patrick, Shirley, Jeffrey, Gloria, Nathan, Angela and David for half an hour between the work hours of 9:00 to 17:00 on Monday. \n\nHere are the existing schedules for everyone during the day: \nPatrick has meetings on Monday during 13:30 to 14:00, 14:30 to 15:00; \nShirley has meetings on Monday during 9:00 to 9:30, 11:00 to 11:30, 12:00 to 12:30, 14:30 to 15:00, 16:00 to 17:00; \nJeffrey has meetings on Monday during 9:00 to 9:30, 10:30 to 11:00, 11:30 to 12:00, 13:00 to 13:30, 16:00 to 17:00; \nGloria is busy on Monday during 11:30 to 12:00, 15:00 to 15:30; \nNathan is busy on Monday during 9:00 to 9:30, 10:30 to 12:00, 14:00 to 17:00; \nAngela has meetings on Monday during 9:00 to 9:30, 10:00 to 11:00, 12:30 to 15:00, 15:30 to 16:30; \nDavid is busy on Monday during 9:00 to 9:30, 10:00 to 10:30, 11:00 to 14:00, 14:30 to 16:30; \n\nFind a time that works for everyone's schedule and constraints. \nSOLUTION: ""}",False,,,,,react
calendar_scheduling_example_464,"Here is the proposed time: Monday, 12:30 - 13:00","{'num_people': '7', 'num_days': '1', 'duration': '0.5', 'prompt_5shot': ""You are an expert at scheduling meetings. You are given a few constraints on the existing schedule of each participant, the meeting duration, and possibly some preferences on the meeting time. Note there exists a solution that works with existing schedule of every participant. Here are a few example tasks and solutions:\n\nTASK: You need to schedule a meeting for Dennis, Karen, Ashley, Rebecca, Bradley, Vincent and Bryan for half an hour between the work hours of 9:00 to 17:00 on Monday. \n\nHere are the existing schedules for everyone during the day: \nDennis has blocked their calendar on Monday during 15:30 to 16:00, 16:30 to 17:00; \nKaren is free the entire day.\nAshley is busy on Monday during 10:30 to 11:00, 14:00 to 15:00, 15:30 to 16:00; \nRebecca has meetings on Monday during 13:00 to 14:00; \nBradley has blocked their calendar on Monday during 9:00 to 11:00, 12:00 to 17:00; \nVincent has blocked their calendar on Monday during 10:00 to 11:30, 12:00 to 14:00, 14:30 to 15:00; \nBryan has blocked their calendar on Monday during 9:00 to 10:00, 10:30 to 11:30, 12:00 to 12:30, 14:00 to 15:00, 15:30 to 16:00; \n\nFind a time that works for everyone's schedule and constraints. \nSOLUTION: Here is the proposed time: Monday, 11:30 - 12:00 \n\nTASK: You need to schedule a meeting for Jerry, Abigail, Charlotte, Jessica, Sarah, Carol and Joan for half an hour between the work hours of 9:00 to 17:00 on Monday. \n\nHere are the existing schedules for everyone during the day: \nJerry is busy on Monday during 10:30 to 11:00, 11:30 to 12:00, 13:00 to 13:30, 14:30 to 15:00; \nAbigail is busy on Monday during 9:00 to 9:30, 11:00 to 11:30, 13:00 to 13:30, 14:30 to 15:00, 15:30 to 16:30; \nCharlotte has meetings on Monday during 12:00 to 12:30, 15:00 to 15:30, 16:00 to 17:00; \nJessica's calendar is wide open the entire day.\nSarah is busy on Monday during 10:30 to 11:30, 13:00 to 13:30, 14:30 to 17:00; \nCarol has meetings on Monday during 9:00 to 10:00, 10:30 to 15:30, 16:00 to 17:00; \nJoan has blocked their calendar on Monday during 10:30 to 13:00, 13:30 to 14:00, 15:00 to 17:00; \n\nFind a time that works for everyone's schedule and constraints. \nSOLUTION: Here is the proposed time: Monday, 10:00 - 10:30 \n\nTASK: You need to schedule a meeting for Martha, Julia, Zachary, Joseph, Joshua, Arthur and Frances for half an hour between the work hours of 9:00 to 17:00 on Monday. \n\nHere are the existing schedules for everyone during the day: \nMarthahas no meetings the whole day.\nJulia has blocked their calendar on Monday during 11:00 to 11:30, 12:30 to 13:00, 13:30 to 14:00, 16:30 to 17:00; \nZachary has blocked their calendar on Monday during 13:30 to 14:00, 15:00 to 15:30; \nJoseph has blocked their calendar on Monday during 9:00 to 9:30, 10:00 to 10:30, 12:00 to 13:00, 14:30 to 15:30; \nJoshua has blocked their calendar on Monday during 9:00 to 9:30, 10:00 to 10:30, 11:30 to 12:30, 13:00 to 14:00, 15:30 to 16:30; \nArthur has meetings on Monday during 9:00 to 9:30, 11:00 to 12:00, 13:00 to 14:30, 16:00 to 17:00; \nFrances has meetings on Monday during 10:30 to 13:30, 15:00 to 15:30, 16:00 to 16:30; \n\nFind a time that works for everyone's schedule and constraints. \nSOLUTION: Here is the proposed time: Monday, 9:30 - 10:00 \n\nTASK: You need to schedule a meeting for Angela, Timothy, Julie, Emma, Madison, Daniel and Kimberly for half an hour between the work hours of 9:00 to 17:00 on Monday. \n\nHere are the existing schedules for everyone during the day: \nAngela has meetings on Monday during 10:30 to 11:00, 14:30 to 15:00; \nTimothy is free the entire day.\nJulie is busy on Monday during 14:00 to 14:30, 15:00 to 15:30; \nEmma has meetings on Monday during 12:30 to 13:30; \nMadison has meetings on Monday during 9:30 to 10:30, 11:30 to 12:30, 13:30 to 14:00, 14:30 to 15:00, 15:30 to 16:30; \nDaniel is busy on Monday during 10:00 to 14:00, 14:30 to 15:30, 16:00 to 17:00; \nKimberly has meetings on Monday during 10:00 to 10:30, 11:00 to 14:00, 14:30 to 17:00; \n\nFind a time that works for everyone's schedule and constraints. \nSOLUTION: Here is the proposed time: Monday, 9:00 - 9:30 \n\nTASK: You need to schedule a meeting for William, Ronald, Elizabeth, Justin, Gregory, Philip and Evelyn for half an hour between the work hours of 9:00 to 17:00 on Monday. \n\nHere are the existing schedules for everyone during the day: \nWilliam is busy on Monday during 10:00 to 10:30, 12:30 to 13:00, 16:00 to 17:00; \nRonaldhas no meetings the whole day.\nElizabeth is busy on Monday during 9:00 to 10:00, 12:30 to 13:00, 14:30 to 15:00; \nJustin is busy on Monday during 12:00 to 12:30, 14:00 to 14:30; \nGregory has blocked their calendar on Monday during 10:00 to 10:30, 12:00 to 13:30, 14:00 to 15:00, 15:30 to 16:30; \nPhilip has blocked their calendar on Monday during 9:00 to 11:00, 12:30 to 13:30, 15:00 to 15:30, 16:00 to 16:30; \nEvelyn has blocked their calendar on Monday during 9:00 to 11:00, 11:30 to 13:30, 14:00 to 17:00; \n\nJustin do not want to meet on Monday after 13:30. Find a time that works for everyone's schedule and constraints. \nSOLUTION: Here is the proposed time: Monday, 11:00 - 11:30 \n\nTASK: You need to schedule a meeting for Rachel, Henry, Jesse, Albert, Ashley, Jonathan and Walter for half an hour between the work hours of 9:00 to 17:00 on Monday. \n\nHere are the existing schedules for everyone during the day: \nRachel has blocked their calendar on Monday during 10:30 to 11:30; \nHenry has blocked their calendar on Monday during 10:30 to 11:00, 12:00 to 12:30; \nJesse has blocked their calendar on Monday during 11:30 to 12:00, 12:30 to 14:30, 15:30 to 16:00; \nAlbert has meetings on Monday during 10:30 to 12:00, 16:00 to 16:30; \nAshley is busy on Monday during 9:00 to 9:30, 10:30 to 12:30, 13:30 to 14:00, 15:00 to 16:00; \nJonathan has meetings on Monday during 9:00 to 10:00, 10:30 to 11:30, 12:30 to 15:00, 15:30 to 17:00; \nWalter has blocked their calendar on Monday during 9:00 to 9:30, 10:30 to 17:00; \n\nFind a time that works for everyone's schedule and constraints. \nSOLUTION: "", 'golden_plan': 'Here is the proposed time: Monday, 10:00 - 10:30 ', 'pred_5shot_pro': ""This is a tricky one!  Let's break down the availabilities to find a solution:\n\n* **9:00 - 9:30:**  Ashley, Jonathan, and Walter are all unavailable.\n* **9:30 - 10:00:** Jonathan and Walter are unavailable.\n* **10:00 - 10:30:** Jonathan and Walter are unavailable.\n* **10:30 - 11:00:** Rachel, Henry, Albert, Ashley, Jonathan, and Walter are unavailable.\n* **11:00 - 11:30:**  Rachel, Jesse, Albert, Ashley, and Jonathan are unavailable.\n* **11:30 - 12:00:** Jesse, Albert, Ashley, and Jonathan are unavailable. \n* **12:00 - 12:30:** Henry, Jesse, Albert, Ashley, and Jonathan are unavailable.\n* **12:30 - 13:00:** Jesse, Ashley, and Jonathan are unavailable.\n* **13:00 - 13:30:** Jesse, Ashley are unavailable.\n* **13:30 - 14:00:**  Jesse, Ashley are unavailable.\n* **14:00 - 14:30:** Jesse and Jonathan are unavailable.\n* **14:30 - 15:00:** Jesse and Jonathan are unavailable.\n* **15:00 - 15:30:** Ashley and Jonathan are unavailable.\n* **15:30 - 16:00:** Jesse, Ashley, and Jonathan are unavailable.\n* **16:00 - 16:30:** Albert, Ashley, and Jonathan are unavailable. \n* **16:30 - 17:00:** Jonathan is unavailable.\n\nLooking at this breakdown, there is **no time slot** during the workday where everyone is available for a 30-minute meeting. It seems there's no solution given the provided schedules. \n"", 'prompt_0shot': ""You are an expert at scheduling meetings. You are given a few constraints on the existing schedule of each participant, the meeting duration, and possibly some preferences on the meeting time. Note there exists a solution that works with existing schedule of every participant. Here are a few example tasks and solutions:\n\nTASK: You need to schedule a meeting for Rachel, Henry, Jesse, Albert, Ashley, Jonathan and Walter for half an hour between the work hours of 9:00 to 17:00 on Monday. \n\nHere are the existing schedules for everyone during the day: \nRachel has blocked their calendar on Monday during 10:30 to 11:30; \nHenry has blocked their calendar on Monday during 10:30 to 11:00, 12:00 to 12:30; \nJesse has blocked their calendar on Monday during 11:30 to 12:00, 12:30 to 14:30, 15:30 to 16:00; \nAlbert has meetings on Monday during 10:30 to 12:00, 16:00 to 16:30; \nAshley is busy on Monday during 9:00 to 9:30, 10:30 to 12:30, 13:30 to 14:00, 15:00 to 16:00; \nJonathan has meetings on Monday during 9:00 to 10:00, 10:30 to 11:30, 12:30 to 15:00, 15:30 to 17:00; \nWalter has blocked their calendar on Monday during 9:00 to 9:30, 10:30 to 17:00; \n\nFind a time that works for everyone's schedule and constraints. \nSOLUTION: ""}",False,1474.0,21.0,0.4942660331726074,0.0001558,react
calendar_scheduling_example_804,"Here is the proposed time: Tuesday, 10:30 - 11:00","{'num_people': '2', 'num_days': '4', 'duration': '0.5', 'prompt_5shot': ""You are an expert at scheduling meetings. You are given a few constraints on the existing schedule of each participant, the meeting duration, and possibly some preferences on the meeting time. Note there exists a solution that works with existing schedule of every participant. Here are a few example tasks and solutions:\n\nTASK: You need to schedule a meeting for Diane and Austin for half an hour between the work hours of 9:00 to 17:00 on either Monday, Tuesday, Wednesday or Thursday. \n\nHere are the existing schedules for everyone during the days: \nDiane has meetings on Monday during 9:00 to 9:30, 11:00 to 11:30, 13:30 to 14:00, Tuesday during 11:30 to 12:00, 16:30 to 17:00, Wednesday during 12:30 to 13:00, 14:00 to 14:30, Thursday during 9:30 to 10:00, 14:30 to 15:00, 15:30 to 16:00; \nAustin is busy on Monday during 9:00 to 10:00, 10:30 to 17:00, Tuesday during 9:00 to 17:00, Wednesday during 9:00 to 10:00, 11:00 to 16:00, Thursday during 9:00 to 12:00, 12:30 to 17:00; \n\nDiane would rather not meet on Thursday. Austin do not want to meet on Wednesday. Find a time that works for everyone's schedule and constraints. \nSOLUTION: Here is the proposed time: Monday, 10:00 - 10:30 \n\nTASK: You need to schedule a meeting for Henry and Patricia for half an hour between the work hours of 9:00 to 17:00 on either Monday, Tuesday, Wednesday or Thursday. \n\nHere are the existing schedules for everyone during the days: \nHenry is free the entire week.\nPatricia has blocked their calendar on Monday during 10:30 to 11:00, 11:30 to 13:30, 14:30 to 15:00, 15:30 to 16:00, Tuesday during 9:00 to 11:00, 11:30 to 12:00, 12:30 to 13:00, 15:00 to 15:30, 16:00 to 17:00, Wednesday during 9:00 to 11:30, 12:30 to 14:00, 16:00 to 16:30, Thursday during 10:00 to 10:30, 11:00 to 12:30, 14:00 to 15:00, 16:30 to 17:00; \n\nHenry can not meet on Monday. Wednesday. Thursday. Patricia would rather not meet on Tuesday after 12:30. Find a time that works for everyone's schedule and constraints. \nSOLUTION: Here is the proposed time: Tuesday, 12:00 - 12:30 \n\nTASK: You need to schedule a meeting for Charles and Walter for half an hour between the work hours of 9:00 to 17:00 on either Monday, Tuesday, Wednesday or Thursday. \n\nHere are the existing schedules for everyone during the days: \nCharles is busy on Monday during 9:00 to 11:00, 13:00 to 13:30, 16:00 to 16:30, Tuesday during 10:00 to 10:30, 11:30 to 12:00, 12:30 to 14:00, Wednesday during 9:30 to 10:30, 12:00 to 12:30, 13:00 to 14:00, 14:30 to 16:00, 16:30 to 17:00, Thursday during 10:00 to 12:00, 14:30 to 15:30, 16:00 to 17:00; \nWalter has meetings on Monday during 10:00 to 14:00, 14:30 to 15:00, 15:30 to 16:30, Tuesday during 9:00 to 10:00, 10:30 to 13:30, 14:00 to 15:30, 16:00 to 17:00, Wednesday during 10:30 to 11:00, 12:00 to 14:00, 15:30 to 16:00, Thursday during 9:00 to 15:00, 15:30 to 16:00, 16:30 to 17:00; \n\nCharles do not want to meet on Tuesday. Walter can not meet on Monday after 16:30. Wednesday. Find a time that works for everyone's schedule and constraints. \nSOLUTION: Here is the proposed time: Monday, 15:00 - 15:30 \n\nTASK: You need to schedule a meeting for Bryan and Abigail for half an hour between the work hours of 9:00 to 17:00 on either Monday, Tuesday, Wednesday or Thursday. \n\nHere are the existing schedules for everyone during the days: \nBryan is busy on Monday during 9:00 to 10:30, 11:30 to 12:00, 12:30 to 13:30, 15:00 to 15:30, 16:30 to 17:00, Tuesday during 10:30 to 11:00, 13:30 to 14:00, 16:30 to 17:00, Wednesday during 9:30 to 10:00, 12:00 to 13:00, Thursday during 10:30 to 11:00, 11:30 to 13:00, 13:30 to 14:00, 16:30 to 17:00; \nAbigail has meetings on Monday during 9:00 to 9:30, 10:00 to 10:30, 11:00 to 11:30, 12:30 to 13:00, 13:30 to 14:00, 14:30 to 15:00, 15:30 to 17:00, Tuesday during 9:30 to 14:00, 15:00 to 15:30, 16:00 to 16:30, Wednesday during 9:00 to 12:00, 12:30 to 13:00, 13:30 to 14:30, 15:00 to 15:30, 16:00 to 17:00, Thursday during 9:00 to 9:30, 10:00 to 13:30, 14:00 to 17:00; \n\nBryan can not meet on Tuesday. Abigail would like to avoid more meetings on Monday. Wednesday after 13:30. Thursday. Find a time that works for everyone's schedule and constraints. \nSOLUTION: Here is the proposed time: Wednesday, 13:00 - 13:30 \n\nTASK: You need to schedule a meeting for Nicole and Ronald for one hour between the work hours of 9:00 to 17:00 on either Monday, Tuesday, Wednesday or Thursday. \n\nHere are the existing schedules for everyone during the days: \nNicole is busy on Monday during 10:00 to 10:30, 11:30 to 12:00, 13:00 to 13:30, 14:00 to 14:30, 15:00 to 15:30, 16:30 to 17:00, Tuesday during 9:00 to 9:30, 10:30 to 11:30, 12:30 to 13:30, 14:00 to 15:30, 16:00 to 17:00, Wednesday during 9:00 to 9:30, 10:30 to 11:00, 12:30 to 13:30, 16:00 to 16:30, Thursday during 9:00 to 9:30, 11:00 to 12:30, 13:30 to 14:30, 16:30 to 17:00; \nRonald has blocked their calendar on Monday during 9:00 to 15:30, 16:30 to 17:00, Tuesday during 9:00 to 10:00, 11:00 to 11:30, 16:30 to 17:00, Wednesday during 9:00 to 12:00, 13:00 to 13:30, 14:00 to 14:30, 15:00 to 15:30, 16:00 to 17:00, Thursday during 9:00 to 9:30, 11:00 to 12:30, 13:00 to 14:30, 15:00 to 16:00; \n\nThe group would like to meet at their earlist availability.\nFind a time that works for everyone's schedule and constraints. \nSOLUTION: Here is the proposed time: Monday, 15:30 - 16:30 \n\nTASK: You need to schedule a meeting for Natalie and Stephen for half an hour between the work hours of 9:00 to 17:00 on either Monday, Tuesday, Wednesday or Thursday. \n\nHere are the existing schedules for everyone during the days: \nNatalie has meetings on Monday during 11:00 to 11:30, 16:00 to 16:30, Tuesday during 10:00 to 10:30, 15:00 to 15:30, Wednesday during 10:00 to 10:30, 11:00 to 11:30, 13:30 to 14:00, 15:00 to 15:30, Thursday during 11:30 to 12:00, 15:30 to 16:00; \nStephen is busy on Monday during 9:00 to 9:30, 11:00 to 13:30, 14:00 to 15:00, 15:30 to 16:00, Tuesday during 9:00 to 10:00, 10:30 to 11:30, 12:30 to 14:00, Wednesday during 9:00 to 9:30, 10:00 to 12:30, 13:00 to 13:30, 14:30 to 15:00, 15:30 to 16:30, Thursday during 9:30 to 10:00, 13:30 to 15:00, 16:00 to 17:00; \n\nNatalie can not meet on Thursday. Stephen would like to avoid more meetings on Monday. Tuesday after 12:30. Wednesday. Find a time that works for everyone's schedule and constraints. \nSOLUTION: "", 'golden_plan': 'Here is the proposed time: Tuesday, 11:30 - 12:00 ', 'pred_5shot_pro': 'Here is the proposed time: Tuesday, 11:30 - 12:00 \n', 'prompt_0shot': ""You are an expert at scheduling meetings. You are given a few constraints on the existing schedule of each participant, the meeting duration, and possibly some preferences on the meeting time. Note there exists a solution that works with existing schedule of every participant. Here are a few example tasks and solutions:\n\nTASK: You need to schedule a meeting for Natalie and Stephen for half an hour between the work hours of 9:00 to 17:00 on either Monday, Tuesday, Wednesday or Thursday. \n\nHere are the existing schedules for everyone during the days: \nNatalie has meetings on Monday during 11:00 to 11:30, 16:00 to 16:30, Tuesday during 10:00 to 10:30, 15:00 to 15:30, Wednesday during 10:00 to 10:30, 11:00 to 11:30, 13:30 to 14:00, 15:00 to 15:30, Thursday during 11:30 to 12:00, 15:30 to 16:00; \nStephen is busy on Monday during 9:00 to 9:30, 11:00 to 13:30, 14:00 to 15:00, 15:30 to 16:00, Tuesday during 9:00 to 10:00, 10:30 to 11:30, 12:30 to 14:00, Wednesday during 9:00 to 9:30, 10:00 to 12:30, 13:00 to 13:30, 14:30 to 15:00, 15:30 to 16:30, Thursday during 9:30 to 10:00, 13:30 to 15:00, 16:00 to 17:00; \n\nNatalie can not meet on Thursday. Stephen would like to avoid more meetings on Monday. Tuesday after 12:30. Wednesday. Find a time that works for everyone's schedule and constraints. \nSOLUTION: ""}",False,1560.0,21.0,0.5847382545471191,0.00016439999999999998,react
calendar_scheduling_example_545,"Here is the proposed time: Monday, 12:30 - 13:30","{'num_people': '2', 'num_days': '1', 'duration': '1', 'prompt_5shot': ""You are an expert at scheduling meetings. You are given a few constraints on the existing schedule of each participant, the meeting duration, and possibly some preferences on the meeting time. Note there exists a solution that works with existing schedule of every participant. Here are a few example tasks and solutions:\n\nTASK: You need to schedule a meeting for Debra and Eric for one hour between the work hours of 9:00 to 17:00 on Monday. \n\nHere are the existing schedules for everyone during the day: \nDebra has blocked their calendar on Monday during 10:00 to 10:30, 12:00 to 13:00, 14:00 to 14:30, 15:00 to 15:30, 16:30 to 17:00; \nEric has blocked their calendar on Monday during 9:00 to 10:00, 10:30 to 12:30, 13:30 to 14:00, 16:30 to 17:00; \n\nFind a time that works for everyone's schedule and constraints. \nSOLUTION: Here is the proposed time: Monday, 15:30 - 16:30 \n\nTASK: You need to schedule a meeting for Helen and Vincent for one hour between the work hours of 9:00 to 17:00 on Monday. \n\nHere are the existing schedules for everyone during the day: \nHelen is busy on Monday during 10:00 to 11:00, 15:00 to 15:30, 16:00 to 16:30; \nVincent has blocked their calendar on Monday during 10:00 to 10:30, 11:00 to 11:30, 12:00 to 13:00, 13:30 to 14:30, 15:00 to 17:00; \n\nFind a time that works for everyone's schedule and constraints. \nSOLUTION: Here is the proposed time: Monday, 9:00 - 10:00 \n\nTASK: You need to schedule a meeting for Dylan and Samuel for half an hour between the work hours of 9:00 to 17:00 on Monday. \n\nHere are the existing schedules for everyone during the day: \nDylan's calendar is wide open the entire day.\nSamuel is busy on Monday during 9:00 to 11:00, 11:30 to 13:00, 13:30 to 14:00, 14:30 to 16:00, 16:30 to 17:00; \n\nDylan do not want to meet on Monday after 13:30. Find a time that works for everyone's schedule and constraints. \nSOLUTION: Here is the proposed time: Monday, 13:00 - 13:30 \n\nTASK: You need to schedule a meeting for Joseph and Dylan for one hour between the work hours of 9:00 to 17:00 on Monday. \n\nHere are the existing schedules for everyone during the day: \nJoseph has blocked their calendar on Monday during 11:30 to 12:00, 15:30 to 17:00; \nDylan has meetings on Monday during 9:00 to 10:30, 12:30 to 13:00, 13:30 to 14:30, 16:00 to 17:00; \n\nDylan can not meet on Monday before 14:00. Find a time that works for everyone's schedule and constraints. \nSOLUTION: Here is the proposed time: Monday, 14:30 - 15:30 \n\nTASK: You need to schedule a meeting for Eric and Beverly for one hour between the work hours of 9:00 to 17:00 on Monday. \n\nHere are the existing schedules for everyone during the day: \nEric is busy on Monday during 9:30 to 10:00, 13:30 to 14:30, 15:30 to 16:00; \nBeverly has meetings on Monday during 9:00 to 9:30, 11:00 to 13:00, 14:00 to 14:30, 15:00 to 15:30, 16:30 to 17:00; \n\nFind a time that works for everyone's schedule and constraints. \nSOLUTION: Here is the proposed time: Monday, 10:00 - 11:00 \n\nTASK: You need to schedule a meeting for Christine and Richard for one hour between the work hours of 9:00 to 17:00 on Monday. \n\nHere are the existing schedules for everyone during the day: \nChristine has blocked their calendar on Monday during 12:00 to 12:30, 13:00 to 13:30; \nRichard is busy on Monday during 9:00 to 12:00, 13:00 to 13:30, 14:00 to 14:30, 15:30 to 16:00, 16:30 to 17:00; \n\nFind a time that works for everyone's schedule and constraints. \nSOLUTION: "", 'golden_plan': 'Here is the proposed time: Monday, 14:30 - 15:30 ', 'pred_5shot_pro': 'Here is the proposed time: Monday, 12:30 - 13:30 \n', 'prompt_0shot': ""You are an expert at scheduling meetings. You are given a few constraints on the existing schedule of each participant, the meeting duration, and possibly some preferences on the meeting time. Note there exists a solution that works with existing schedule of every participant. Here are a few example tasks and solutions:\n\nTASK: You need to schedule a meeting for Christine and Richard for one hour between the work hours of 9:00 to 17:00 on Monday. \n\nHere are the existing schedules for everyone during the day: \nChristine has blocked their calendar on Monday during 12:00 to 12:30, 13:00 to 13:30; \nRichard is busy on Monday during 9:00 to 12:00, 13:00 to 13:30, 14:00 to 14:30, 15:30 to 16:00, 16:30 to 17:00; \n\nFind a time that works for everyone's schedule and constraints. \nSOLUTION: ""}",False,1267.0,21.0,0.5418882369995117,0.00013509999999999998,react
calendar_scheduling_example_500,"Here is the proposed time: Monday, 15:30 - 16:00","{'num_people': '2', 'num_days': '1', 'duration': '0.5', 'prompt_5shot': ""You are an expert at scheduling meetings. You are given a few constraints on the existing schedule of each participant, the meeting duration, and possibly some preferences on the meeting time. Note there exists a solution that works with existing schedule of every participant. Here are a few example tasks and solutions:\n\nTASK: You need to schedule a meeting for Debra and Eric for one hour between the work hours of 9:00 to 17:00 on Monday. \n\nHere are the existing schedules for everyone during the day: \nDebra has blocked their calendar on Monday during 10:00 to 10:30, 12:00 to 13:00, 14:00 to 14:30, 15:00 to 15:30, 16:30 to 17:00; \nEric has blocked their calendar on Monday during 9:00 to 10:00, 10:30 to 12:30, 13:30 to 14:00, 16:30 to 17:00; \n\nFind a time that works for everyone's schedule and constraints. \nSOLUTION: Here is the proposed time: Monday, 15:30 - 16:30 \n\nTASK: You need to schedule a meeting for Helen and Vincent for one hour between the work hours of 9:00 to 17:00 on Monday. \n\nHere are the existing schedules for everyone during the day: \nHelen is busy on Monday during 10:00 to 11:00, 15:00 to 15:30, 16:00 to 16:30; \nVincent has blocked their calendar on Monday during 10:00 to 10:30, 11:00 to 11:30, 12:00 to 13:00, 13:30 to 14:30, 15:00 to 17:00; \n\nFind a time that works for everyone's schedule and constraints. \nSOLUTION: Here is the proposed time: Monday, 9:00 - 10:00 \n\nTASK: You need to schedule a meeting for Dylan and Samuel for half an hour between the work hours of 9:00 to 17:00 on Monday. \n\nHere are the existing schedules for everyone during the day: \nDylan's calendar is wide open the entire day.\nSamuel is busy on Monday during 9:00 to 11:00, 11:30 to 13:00, 13:30 to 14:00, 14:30 to 16:00, 16:30 to 17:00; \n\nDylan do not want to meet on Monday after 13:30. Find a time that works for everyone's schedule and constraints. \nSOLUTION: Here is the proposed time: Monday, 13:00 - 13:30 \n\nTASK: You need to schedule a meeting for Joseph and Dylan for one hour between the work hours of 9:00 to 17:00 on Monday. \n\nHere are the existing schedules for everyone during the day: \nJoseph has blocked their calendar on Monday during 11:30 to 12:00, 15:30 to 17:00; \nDylan has meetings on Monday during 9:00 to 10:30, 12:30 to 13:00, 13:30 to 14:30, 16:00 to 17:00; \n\nDylan can not meet on Monday before 14:00. Find a time that works for everyone's schedule and constraints. \nSOLUTION: Here is the proposed time: Monday, 14:30 - 15:30 \n\nTASK: You need to schedule a meeting for Eric and Beverly for one hour between the work hours of 9:00 to 17:00 on Monday. \n\nHere are the existing schedules for everyone during the day: \nEric is busy on Monday during 9:30 to 10:00, 13:30 to 14:30, 15:30 to 16:00; \nBeverly has meetings on Monday during 9:00 to 9:30, 11:00 to 13:00, 14:00 to 14:30, 15:00 to 15:30, 16:30 to 17:00; \n\nFind a time that works for everyone's schedule and constraints. \nSOLUTION: Here is the proposed time: Monday, 10:00 - 11:00 \n\nTASK: You need to schedule a meeting for Rachel and Wayne for half an hour between the work hours of 9:00 to 17:00 on Monday. \n\nHere are the existing schedules for everyone during the day: \nRachel is busy on Monday during 12:00 to 12:30, 14:00 to 14:30, 15:30 to 16:00, 16:30 to 17:00; \nWayne has blocked their calendar on Monday during 9:00 to 9:30, 10:00 to 10:30, 11:00 to 14:30, 15:00 to 15:30, 16:00 to 17:00; \n\nRachel would rather not meet on Monday before 13:00. Find a time that works for everyone's schedule and constraints. \nSOLUTION: "", 'golden_plan': 'Here is the proposed time: Monday, 14:30 - 15:00 ', 'pred_5shot_pro': 'Here is the proposed time: Monday, 14:30 - 15:00 \n', 'prompt_0shot': ""You are an expert at scheduling meetings. You are given a few constraints on the existing schedule of each participant, the meeting duration, and possibly some preferences on the meeting time. Note there exists a solution that works with existing schedule of every participant. Here are a few example tasks and solutions:\n\nTASK: You need to schedule a meeting for Rachel and Wayne for half an hour between the work hours of 9:00 to 17:00 on Monday. \n\nHere are the existing schedules for everyone during the day: \nRachel is busy on Monday during 12:00 to 12:30, 14:00 to 14:30, 15:30 to 16:00, 16:30 to 17:00; \nWayne has blocked their calendar on Monday during 9:00 to 9:30, 10:00 to 10:30, 11:00 to 14:30, 15:00 to 15:30, 16:00 to 17:00; \n\nRachel would rather not meet on Monday before 13:00. Find a time that works for everyone's schedule and constraints. \nSOLUTION: ""}",False,1310.0,21.0,0.5506889820098877,0.00013939999999999997,react
calendar_scheduling_example_514,"Here is the proposed time: Monday, 10:30 - 11:00
","{'num_people': '2', 'num_days': '1', 'duration': '0.5', 'prompt_5shot': ""You are an expert at scheduling meetings. You are given a few constraints on the existing schedule of each participant, the meeting duration, and possibly some preferences on the meeting time. Note there exists a solution that works with existing schedule of every participant. Here are a few example tasks and solutions:\n\nTASK: You need to schedule a meeting for Debra and Eric for one hour between the work hours of 9:00 to 17:00 on Monday. \n\nHere are the existing schedules for everyone during the day: \nDebra has blocked their calendar on Monday during 10:00 to 10:30, 12:00 to 13:00, 14:00 to 14:30, 15:00 to 15:30, 16:30 to 17:00; \nEric has blocked their calendar on Monday during 9:00 to 10:00, 10:30 to 12:30, 13:30 to 14:00, 16:30 to 17:00; \n\nFind a time that works for everyone's schedule and constraints. \nSOLUTION: Here is the proposed time: Monday, 15:30 - 16:30 \n\nTASK: You need to schedule a meeting for Helen and Vincent for one hour between the work hours of 9:00 to 17:00 on Monday. \n\nHere are the existing schedules for everyone during the day: \nHelen is busy on Monday during 10:00 to 11:00, 15:00 to 15:30, 16:00 to 16:30; \nVincent has blocked their calendar on Monday during 10:00 to 10:30, 11:00 to 11:30, 12:00 to 13:00, 13:30 to 14:30, 15:00 to 17:00; \n\nFind a time that works for everyone's schedule and constraints. \nSOLUTION: Here is the proposed time: Monday, 9:00 - 10:00 \n\nTASK: You need to schedule a meeting for Dylan and Samuel for half an hour between the work hours of 9:00 to 17:00 on Monday. \n\nHere are the existing schedules for everyone during the day: \nDylan's calendar is wide open the entire day.\nSamuel is busy on Monday during 9:00 to 11:00, 11:30 to 13:00, 13:30 to 14:00, 14:30 to 16:00, 16:30 to 17:00; \n\nDylan do not want to meet on Monday after 13:30. Find a time that works for everyone's schedule and constraints. \nSOLUTION: Here is the proposed time: Monday, 13:00 - 13:30 \n\nTASK: You need to schedule a meeting for Joseph and Dylan for one hour between the work hours of 9:00 to 17:00 on Monday. \n\nHere are the existing schedules for everyone during the day: \nJoseph has blocked their calendar on Monday during 11:30 to 12:00, 15:30 to 17:00; \nDylan has meetings on Monday during 9:00 to 10:30, 12:30 to 13:00, 13:30 to 14:30, 16:00 to 17:00; \n\nDylan can not meet on Monday before 14:00. Find a time that works for everyone's schedule and constraints. \nSOLUTION: Here is the proposed time: Monday, 14:30 - 15:30 \n\nTASK: You need to schedule a meeting for Eric and Beverly for one hour between the work hours of 9:00 to 17:00 on Monday. \n\nHere are the existing schedules for everyone during the day: \nEric is busy on Monday during 9:30 to 10:00, 13:30 to 14:30, 15:30 to 16:00; \nBeverly has meetings on Monday during 9:00 to 9:30, 11:00 to 13:00, 14:00 to 14:30, 15:00 to 15:30, 16:30 to 17:00; \n\nFind a time that works for everyone's schedule and constraints. \nSOLUTION: Here is the proposed time: Monday, 10:00 - 11:00 \n\nTASK: You need to schedule a meeting for Martha and Nathan for half an hour between the work hours of 9:00 to 17:00 on Monday. \n\nHere are the existing schedules for everyone during the day: \nMartha is busy on Monday during 12:00 to 12:30, 14:30 to 15:00; \nNathan is busy on Monday during 9:00 to 10:30, 11:00 to 11:30, 12:00 to 13:00, 13:30 to 14:00, 15:30 to 16:00; \n\nNathan would like to avoid more meetings on Monday after 11:00. Find a time that works for everyone's schedule and constraints. \nSOLUTION: "", 'golden_plan': 'Here is the proposed time: Monday, 10:30 - 11:00 ', 'pred_5shot_pro': 'Here is the proposed time: Monday, 10:30 - 11:00 \n', 'prompt_0shot': ""You are an expert at scheduling meetings. You are given a few constraints on the existing schedule of each participant, the meeting duration, and possibly some preferences on the meeting time. Note there exists a solution that works with existing schedule of every participant. Here are a few example tasks and solutions:\n\nTASK: You need to schedule a meeting for Martha and Nathan for half an hour between the work hours of 9:00 to 17:00 on Monday. \n\nHere are the existing schedules for everyone during the day: \nMartha is busy on Monday during 12:00 to 12:30, 14:30 to 15:00; \nNathan is busy on Monday during 9:00 to 10:30, 11:00 to 11:30, 12:00 to 13:00, 13:30 to 14:00, 15:30 to 16:00; \n\nNathan would like to avoid more meetings on Monday after 11:00. Find a time that works for everyone's schedule and constraints. \nSOLUTION: ""}",True,3792.0,965.0,5.527190208435059,0.0007652,react
calendar_scheduling_example_0,"Here is the proposed time: Monday, 14:30 - 15:30
","{'num_people': '3', 'num_days': '1', 'duration': '1', 'prompt_5shot': ""You are an expert at scheduling meetings. You are given a few constraints on the existing schedule of each participant, the meeting duration, and possibly some preferences on the meeting time. Note there exists a solution that works with existing schedule of every participant. Here are a few example tasks and solutions:\n\nTASK: You need to schedule a meeting for Roger, Karen and Dorothy for half an hour between the work hours of 9:00 to 17:00 on Monday. \n\nHere are the existing schedules for everyone during the day: \nRoger's calendar is wide open the entire day.\nKaren has meetings on Monday during 10:00 to 10:30, 11:30 to 12:00, 12:30 to 13:00, 14:00 to 15:00, 15:30 to 16:00; \nDorothy is busy on Monday during 9:00 to 10:00, 10:30 to 11:00, 11:30 to 12:00, 12:30 to 13:00, 14:00 to 15:30, 16:00 to 17:00; \n\nYou would like to schedule the meeting at their earlist availability.\nFind a time that works for everyone's schedule and constraints. \nSOLUTION: Here is the proposed time: Monday, 11:00 - 11:30 \n\nTASK: You need to schedule a meeting for Douglas, Lawrence and Isabella for half an hour between the work hours of 9:00 to 17:00 on Monday. \n\nHere are the existing schedules for everyone during the day: \nDouglas has meetings on Monday during 12:00 to 12:30, 15:00 to 15:30; \nLawrence has meetings on Monday during 10:30 to 12:00, 13:00 to 13:30, 14:00 to 14:30, 15:30 to 16:00; \nIsabella is busy on Monday during 9:00 to 12:30, 13:30 to 17:00; \n\nFind a time that works for everyone's schedule and constraints. \nSOLUTION: Here is the proposed time: Monday, 12:30 - 13:00 \n\nTASK: You need to schedule a meeting for Joshua, Denise and Jeremy for one hour between the work hours of 9:00 to 17:00 on Monday. \n\nHere are the existing schedules for everyone during the day: \nJoshua is busy on Monday during 10:00 to 10:30, 12:00 to 12:30, 14:00 to 14:30, 15:00 to 15:30; \nDenise's calendar is wide open the entire day.\nJeremy has meetings on Monday during 9:30 to 10:30, 12:00 to 13:00, 13:30 to 14:00, 14:30 to 15:00, 15:30 to 16:00, 16:30 to 17:00; \n\nFind a time that works for everyone's schedule and constraints. \nSOLUTION: Here is the proposed time: Monday, 10:30 - 11:30 \n\nTASK: You need to schedule a meeting for Alan, Elizabeth and Denise for half an hour between the work hours of 9:00 to 17:00 on Monday. \n\nHere are the existing schedules for everyone during the day: \nAlan has blocked their calendar on Monday during 13:00 to 13:30, 14:00 to 14:30; \nElizabeth is busy on Monday during 9:00 to 9:30, 11:00 to 11:30; \nDenise has blocked their calendar on Monday during 9:00 to 10:00, 10:30 to 11:30, 12:30 to 13:00, 13:30 to 14:00, 14:30 to 16:00, 16:30 to 17:00; \n\nYou would like to schedule the meeting at their earlist availability.\nFind a time that works for everyone's schedule and constraints. \nSOLUTION: Here is the proposed time: Monday, 10:00 - 10:30 \n\nTASK: You need to schedule a meeting for Mason, Bruce and Christopher for half an hour between the work hours of 9:00 to 17:00 on Monday. \n\nHere are the existing schedules for everyone during the day: \nMason has meetings on Monday during 9:30 to 10:00, 11:00 to 11:30, 14:30 to 15:00, 16:30 to 17:00; \nBruce is free the entire day.\nChristopher is busy on Monday during 9:30 to 10:30, 11:30 to 12:30, 15:00 to 17:00; \n\nMason would rather not meet on Monday before 12:30. Find a time that works for everyone's schedule and constraints. \nSOLUTION: Here is the proposed time: Monday, 12:30 - 13:00 \n\nTASK: You need to schedule a meeting for Michelle, Steven and Jerry for one hour between the work hours of 9:00 to 17:00 on Monday. \n\nHere are the existing schedules for everyone during the day: \nMichelle has meetings on Monday during 11:00 to 12:00; \nSteven has blocked their calendar on Monday during 9:00 to 9:30, 11:30 to 12:00, 13:30 to 14:00, 15:30 to 16:00; \nJerry has blocked their calendar on Monday during 9:00 to 9:30, 10:00 to 11:00, 11:30 to 12:30, 13:00 to 14:30, 15:30 to 16:00, 16:30 to 17:00; \n\nFind a time that works for everyone's schedule and constraints. \nSOLUTION: "", 'golden_plan': 'Here is the proposed time: Monday, 14:30 - 15:30 ', 'pred_5shot_pro': 'SOLUTION: Here is the proposed time: Monday, 14:30 - 15:30 \n', 'prompt_0shot': ""You are an expert at scheduling meetings. You are given a few constraints on the existing schedule of each participant, the meeting duration, and possibly some preferences on the meeting time. Note there exists a solution that works with existing schedule of every participant. Here are a few example tasks and solutions:\n\nTASK: You need to schedule a meeting for Michelle, Steven and Jerry for one hour between the work hours of 9:00 to 17:00 on Monday. \n\nHere are the existing schedules for everyone during the day: \nMichelle has meetings on Monday during 11:00 to 12:00; \nSteven has blocked their calendar on Monday during 9:00 to 9:30, 11:30 to 12:00, 13:30 to 14:00, 15:30 to 16:00; \nJerry has blocked their calendar on Monday during 9:00 to 9:30, 10:00 to 11:00, 11:30 to 12:30, 13:00 to 14:30, 15:30 to 16:00, 16:30 to 17:00; \n\nFind a time that works for everyone's schedule and constraints. \nSOLUTION: ""}",True,13105.0,995.0,7.335777759552002,0.0017085,react
calendar_scheduling_example_257,"Here is the proposed time: Monday, 11:30 - 12:00","{'num_people': '5', 'num_days': '1', 'duration': '0.5', 'prompt_5shot': ""You are an expert at scheduling meetings. You are given a few constraints on the existing schedule of each participant, the meeting duration, and possibly some preferences on the meeting time. Note there exists a solution that works with existing schedule of every participant. Here are a few example tasks and solutions:\n\nTASK: You need to schedule a meeting for George, Steven, Aaron, Patrick and Cynthia for half an hour between the work hours of 9:00 to 17:00 on Monday. \n\nHere are the existing schedules for everyone during the day: \nGeorgehas no meetings the whole day.\nSteven is free the entire day.\nAaron has blocked their calendar on Monday during 9:00 to 10:00, 11:30 to 12:00, 15:30 to 17:00; \nPatrick has blocked their calendar on Monday during 9:00 to 9:30, 10:00 to 11:00, 11:30 to 12:00, 12:30 to 14:00, 15:00 to 15:30; \nCynthia is busy on Monday during 9:00 to 9:30, 10:30 to 11:30, 12:30 to 14:30, 15:00 to 16:30; \n\nAaron can not meet on Monday after 12:30. Find a time that works for everyone's schedule and constraints. \nSOLUTION: Here is the proposed time: Monday, 12:00 - 12:30 \n\nTASK: You need to schedule a meeting for Elizabeth, Eugene, Nancy, Justin and Roy for half an hour between the work hours of 9:00 to 17:00 on Monday. \n\nHere are the existing schedules for everyone during the day: \nElizabeth's calendar is wide open the entire day.\nEugene has blocked their calendar on Monday during 12:00 to 12:30, 13:30 to 14:00, 15:00 to 16:00; \nNancy has meetings on Monday during 10:30 to 11:00, 12:00 to 13:00, 14:00 to 14:30, 15:00 to 16:00; \nJustin has meetings on Monday during 9:30 to 10:00, 10:30 to 11:30, 12:00 to 12:30, 13:00 to 13:30, 14:30 to 17:00; \nRoy is busy on Monday during 10:00 to 11:00, 11:30 to 12:30, 13:30 to 14:00, 14:30 to 16:00; \n\nFind a time that works for everyone's schedule and constraints. \nSOLUTION: Here is the proposed time: Monday, 9:00 - 9:30 \n\nTASK: You need to schedule a meeting for Mason, Linda, Barbara, Roger and Lisa for half an hour between the work hours of 9:00 to 17:00 on Monday. \n\nHere are the existing schedules for everyone during the day: \nMasonhas no meetings the whole day.\nLinda is busy on Monday during 9:30 to 11:00, 12:00 to 12:30, 13:00 to 13:30, 16:30 to 17:00; \nBarbara has blocked their calendar on Monday during 9:00 to 9:30, 12:00 to 13:00, 15:30 to 16:00; \nRoger has meetings on Monday during 9:00 to 9:30, 13:00 to 14:30, 15:00 to 17:00; \nLisa has blocked their calendar on Monday during 9:00 to 10:00, 10:30 to 11:30, 12:00 to 12:30, 13:00 to 14:30, 15:00 to 17:00; \n\nMason would rather not meet on Monday after 13:30. Find a time that works for everyone's schedule and constraints. \nSOLUTION: Here is the proposed time: Monday, 11:30 - 12:00 \n\nTASK: You need to schedule a meeting for Thomas, Olivia, Doris, Amber and Ronald for half an hour between the work hours of 9:00 to 17:00 on Monday. \n\nHere are the existing schedules for everyone during the day: \nThomas has meetings on Monday during 12:00 to 12:30, 16:30 to 17:00; \nOlivia has blocked their calendar on Monday during 10:30 to 11:30, 13:00 to 14:00, 16:00 to 17:00; \nDoris is busy on Monday during 13:30 to 14:00, 16:30 to 17:00; \nAmber is busy on Monday during 10:00 to 10:30, 12:00 to 13:00, 14:00 to 15:00, 15:30 to 17:00; \nRonald has meetings on Monday during 9:30 to 11:30, 12:00 to 13:00, 13:30 to 14:00, 15:00 to 15:30; \n\nRonald would rather not meet on Monday before 11:30. Find a time that works for everyone's schedule and constraints. \nSOLUTION: Here is the proposed time: Monday, 11:30 - 12:00 \n\nTASK: You need to schedule a meeting for Patrick, Kathleen, Frank, Patricia and Carolyn for half an hour between the work hours of 9:00 to 17:00 on Monday. \n\nHere are the existing schedules for everyone during the day: \nPatrick is free the entire day.\nKathleen has meetings on Monday during 9:30 to 10:00, 15:00 to 15:30; \nFrank has blocked their calendar on Monday during 11:00 to 11:30, 15:30 to 17:00; \nPatricia is busy on Monday during 9:00 to 12:00, 14:30 to 15:00, 16:00 to 16:30; \nCarolyn has meetings on Monday during 9:00 to 9:30, 11:00 to 12:30, 13:00 to 17:00; \n\nFind a time that works for everyone's schedule and constraints. \nSOLUTION: Here is the proposed time: Monday, 12:30 - 13:00 \n\nTASK: You need to schedule a meeting for Jennifer, Gregory, Stephanie, Lori and Jessica for half an hour between the work hours of 9:00 to 17:00 on Monday. \n\nHere are the existing schedules for everyone during the day: \nJennifer is busy on Monday during 12:00 to 13:00, 13:30 to 14:00, 14:30 to 15:30, 16:30 to 17:00; \nGregory's calendar is wide open the entire day.\nStephaniehas no meetings the whole day.\nLori has meetings on Monday during 9:00 to 9:30, 11:00 to 11:30, 12:00 to 12:30, 13:00 to 13:30, 14:00 to 15:30, 16:30 to 17:00; \nJessica is busy on Monday during 9:00 to 11:30, 12:00 to 13:00, 13:30 to 14:30, 15:00 to 16:30; \n\nFind a time that works for everyone's schedule and constraints. \nSOLUTION: "", 'golden_plan': 'Here is the proposed time: Monday, 11:30 - 12:00 ', 'pred_5shot_pro': ""Here is the proposed time: **Monday, 15:30 - 16:00** \n\nLet's break down why this works:\n\n* **Jennifer:** Free during this time slot.\n* **Gregory:** Free all day.\n* **Stephanie:** Free all day.\n* **Lori:**  Her last meeting ends at 15:30, making her available.\n* **Jessica:** Her meeting ends at 16:30, so the 15:30-16:00 slot works. \n"", 'prompt_0shot': ""You are an expert at scheduling meetings. You are given a few constraints on the existing schedule of each participant, the meeting duration, and possibly some preferences on the meeting time. Note there exists a solution that works with existing schedule of every participant. Here are a few example tasks and solutions:\n\nTASK: You need to schedule a meeting for Jennifer, Gregory, Stephanie, Lori and Jessica for half an hour between the work hours of 9:00 to 17:00 on Monday. \n\nHere are the existing schedules for everyone during the day: \nJennifer is busy on Monday during 12:00 to 13:00, 13:30 to 14:00, 14:30 to 15:30, 16:30 to 17:00; \nGregory's calendar is wide open the entire day.\nStephaniehas no meetings the whole day.\nLori has meetings on Monday during 9:00 to 9:30, 11:00 to 11:30, 12:00 to 12:30, 13:00 to 13:30, 14:00 to 15:30, 16:30 to 17:00; \nJessica is busy on Monday during 9:00 to 11:30, 12:00 to 13:00, 13:30 to 14:30, 15:00 to 16:30; \n\nFind a time that works for everyone's schedule and constraints. \nSOLUTION: ""}",True,1398.0,21.0,0.5114140510559082,0.00014819999999999997,react
calendar_scheduling_example_897,**exception raised**: Exceeded maximum retries (2) for output validation,"{'num_people': '2', 'num_days': '4', 'duration': '1', 'prompt_5shot': ""You are an expert at scheduling meetings. You are given a few constraints on the existing schedule of each participant, the meeting duration, and possibly some preferences on the meeting time. Note there exists a solution that works with existing schedule of every participant. Here are a few example tasks and solutions:\n\nTASK: You need to schedule a meeting for Diane and Austin for half an hour between the work hours of 9:00 to 17:00 on either Monday, Tuesday, Wednesday or Thursday. \n\nHere are the existing schedules for everyone during the days: \nDiane has meetings on Monday during 9:00 to 9:30, 11:00 to 11:30, 13:30 to 14:00, Tuesday during 11:30 to 12:00, 16:30 to 17:00, Wednesday during 12:30 to 13:00, 14:00 to 14:30, Thursday during 9:30 to 10:00, 14:30 to 15:00, 15:30 to 16:00; \nAustin is busy on Monday during 9:00 to 10:00, 10:30 to 17:00, Tuesday during 9:00 to 17:00, Wednesday during 9:00 to 10:00, 11:00 to 16:00, Thursday during 9:00 to 12:00, 12:30 to 17:00; \n\nDiane would rather not meet on Thursday. Austin do not want to meet on Wednesday. Find a time that works for everyone's schedule and constraints. \nSOLUTION: Here is the proposed time: Monday, 10:00 - 10:30 \n\nTASK: You need to schedule a meeting for Henry and Patricia for half an hour between the work hours of 9:00 to 17:00 on either Monday, Tuesday, Wednesday or Thursday. \n\nHere are the existing schedules for everyone during the days: \nHenry is free the entire week.\nPatricia has blocked their calendar on Monday during 10:30 to 11:00, 11:30 to 13:30, 14:30 to 15:00, 15:30 to 16:00, Tuesday during 9:00 to 11:00, 11:30 to 12:00, 12:30 to 13:00, 15:00 to 15:30, 16:00 to 17:00, Wednesday during 9:00 to 11:30, 12:30 to 14:00, 16:00 to 16:30, Thursday during 10:00 to 10:30, 11:00 to 12:30, 14:00 to 15:00, 16:30 to 17:00; \n\nHenry can not meet on Monday. Wednesday. Thursday. Patricia would rather not meet on Tuesday after 12:30. Find a time that works for everyone's schedule and constraints. \nSOLUTION: Here is the proposed time: Tuesday, 12:00 - 12:30 \n\nTASK: You need to schedule a meeting for Charles and Walter for half an hour between the work hours of 9:00 to 17:00 on either Monday, Tuesday, Wednesday or Thursday. \n\nHere are the existing schedules for everyone during the days: \nCharles is busy on Monday during 9:00 to 11:00, 13:00 to 13:30, 16:00 to 16:30, Tuesday during 10:00 to 10:30, 11:30 to 12:00, 12:30 to 14:00, Wednesday during 9:30 to 10:30, 12:00 to 12:30, 13:00 to 14:00, 14:30 to 16:00, 16:30 to 17:00, Thursday during 10:00 to 12:00, 14:30 to 15:30, 16:00 to 17:00; \nWalter has meetings on Monday during 10:00 to 14:00, 14:30 to 15:00, 15:30 to 16:30, Tuesday during 9:00 to 10:00, 10:30 to 13:30, 14:00 to 15:30, 16:00 to 17:00, Wednesday during 10:30 to 11:00, 12:00 to 14:00, 15:30 to 16:00, Thursday during 9:00 to 15:00, 15:30 to 16:00, 16:30 to 17:00; \n\nCharles do not want to meet on Tuesday. Walter can not meet on Monday after 16:30. Wednesday. Find a time that works for everyone's schedule and constraints. \nSOLUTION: Here is the proposed time: Monday, 15:00 - 15:30 \n\nTASK: You need to schedule a meeting for Bryan and Abigail for half an hour between the work hours of 9:00 to 17:00 on either Monday, Tuesday, Wednesday or Thursday. \n\nHere are the existing schedules for everyone during the days: \nBryan is busy on Monday during 9:00 to 10:30, 11:30 to 12:00, 12:30 to 13:30, 15:00 to 15:30, 16:30 to 17:00, Tuesday during 10:30 to 11:00, 13:30 to 14:00, 16:30 to 17:00, Wednesday during 9:30 to 10:00, 12:00 to 13:00, Thursday during 10:30 to 11:00, 11:30 to 13:00, 13:30 to 14:00, 16:30 to 17:00; \nAbigail has meetings on Monday during 9:00 to 9:30, 10:00 to 10:30, 11:00 to 11:30, 12:30 to 13:00, 13:30 to 14:00, 14:30 to 15:00, 15:30 to 17:00, Tuesday during 9:30 to 14:00, 15:00 to 15:30, 16:00 to 16:30, Wednesday during 9:00 to 12:00, 12:30 to 13:00, 13:30 to 14:30, 15:00 to 15:30, 16:00 to 17:00, Thursday during 9:00 to 9:30, 10:00 to 13:30, 14:00 to 17:00; \n\nBryan can not meet on Tuesday. Abigail would like to avoid more meetings on Monday. Wednesday after 13:30. Thursday. Find a time that works for everyone's schedule and constraints. \nSOLUTION: Here is the proposed time: Wednesday, 13:00 - 13:30 \n\nTASK: You need to schedule a meeting for Nicole and Ronald for one hour between the work hours of 9:00 to 17:00 on either Monday, Tuesday, Wednesday or Thursday. \n\nHere are the existing schedules for everyone during the days: \nNicole is busy on Monday during 10:00 to 10:30, 11:30 to 12:00, 13:00 to 13:30, 14:00 to 14:30, 15:00 to 15:30, 16:30 to 17:00, Tuesday during 9:00 to 9:30, 10:30 to 11:30, 12:30 to 13:30, 14:00 to 15:30, 16:00 to 17:00, Wednesday during 9:00 to 9:30, 10:30 to 11:00, 12:30 to 13:30, 16:00 to 16:30, Thursday during 9:00 to 9:30, 11:00 to 12:30, 13:30 to 14:30, 16:30 to 17:00; \nRonald has blocked their calendar on Monday during 9:00 to 15:30, 16:30 to 17:00, Tuesday during 9:00 to 10:00, 11:00 to 11:30, 16:30 to 17:00, Wednesday during 9:00 to 12:00, 13:00 to 13:30, 14:00 to 14:30, 15:00 to 15:30, 16:00 to 17:00, Thursday during 9:00 to 9:30, 11:00 to 12:30, 13:00 to 14:30, 15:00 to 16:00; \n\nThe group would like to meet at their earlist availability.\nFind a time that works for everyone's schedule and constraints. \nSOLUTION: Here is the proposed time: Monday, 15:30 - 16:30 \n\nTASK: You need to schedule a meeting for Gabriel and Cynthia for one hour between the work hours of 9:00 to 17:00 on either Monday, Tuesday, Wednesday or Thursday. \n\nHere are the existing schedules for everyone during the days: \nGabriel is busy on Monday during 9:30 to 10:30, 12:30 to 14:00, 15:00 to 15:30, Tuesday during 11:00 to 11:30, 12:00 to 12:30, Wednesday during 9:30 to 10:00, 12:00 to 12:30, Thursday during 10:00 to 11:00, 11:30 to 12:00, 16:30 to 17:00; \nCynthia is busy on Monday during 9:00 to 12:30, 13:00 to 13:30, 14:00 to 17:00, Tuesday during 9:00 to 17:00, Wednesday during 9:00 to 10:00, 11:00 to 13:00, 13:30 to 17:00, Thursday during 9:00 to 16:00, 16:30 to 17:00; \n\nFind a time that works for everyone's schedule and constraints. \nSOLUTION: "", 'golden_plan': 'Here is the proposed time: Wednesday, 10:00 - 11:00 ', 'pred_5shot_pro': 'Here is the proposed time: Monday, 10:30 - 11:30 \n', 'prompt_0shot': ""You are an expert at scheduling meetings. You are given a few constraints on the existing schedule of each participant, the meeting duration, and possibly some preferences on the meeting time. Note there exists a solution that works with existing schedule of every participant. Here are a few example tasks and solutions:\n\nTASK: You need to schedule a meeting for Gabriel and Cynthia for one hour between the work hours of 9:00 to 17:00 on either Monday, Tuesday, Wednesday or Thursday. \n\nHere are the existing schedules for everyone during the days: \nGabriel is busy on Monday during 9:30 to 10:30, 12:30 to 14:00, 15:00 to 15:30, Tuesday during 11:00 to 11:30, 12:00 to 12:30, Wednesday during 9:30 to 10:00, 12:00 to 12:30, Thursday during 10:00 to 11:00, 11:30 to 12:00, 16:30 to 17:00; \nCynthia is busy on Monday during 9:00 to 12:30, 13:00 to 13:30, 14:00 to 17:00, Tuesday during 9:00 to 17:00, Wednesday during 9:00 to 10:00, 11:00 to 13:00, 13:30 to 17:00, Thursday during 9:00 to 16:00, 16:30 to 17:00; \n\nFind a time that works for everyone's schedule and constraints. \nSOLUTION: ""}",False,,,,,react
calendar_scheduling_example_814,"Here is the proposed time: Monday, 11:00 - 11:30","{'num_people': '2', 'num_days': '4', 'duration': '0.5', 'prompt_5shot': ""You are an expert at scheduling meetings. You are given a few constraints on the existing schedule of each participant, the meeting duration, and possibly some preferences on the meeting time. Note there exists a solution that works with existing schedule of every participant. Here are a few example tasks and solutions:\n\nTASK: You need to schedule a meeting for Diane and Austin for half an hour between the work hours of 9:00 to 17:00 on either Monday, Tuesday, Wednesday or Thursday. \n\nHere are the existing schedules for everyone during the days: \nDiane has meetings on Monday during 9:00 to 9:30, 11:00 to 11:30, 13:30 to 14:00, Tuesday during 11:30 to 12:00, 16:30 to 17:00, Wednesday during 12:30 to 13:00, 14:00 to 14:30, Thursday during 9:30 to 10:00, 14:30 to 15:00, 15:30 to 16:00; \nAustin is busy on Monday during 9:00 to 10:00, 10:30 to 17:00, Tuesday during 9:00 to 17:00, Wednesday during 9:00 to 10:00, 11:00 to 16:00, Thursday during 9:00 to 12:00, 12:30 to 17:00; \n\nDiane would rather not meet on Thursday. Austin do not want to meet on Wednesday. Find a time that works for everyone's schedule and constraints. \nSOLUTION: Here is the proposed time: Monday, 10:00 - 10:30 \n\nTASK: You need to schedule a meeting for Henry and Patricia for half an hour between the work hours of 9:00 to 17:00 on either Monday, Tuesday, Wednesday or Thursday. \n\nHere are the existing schedules for everyone during the days: \nHenry is free the entire week.\nPatricia has blocked their calendar on Monday during 10:30 to 11:00, 11:30 to 13:30, 14:30 to 15:00, 15:30 to 16:00, Tuesday during 9:00 to 11:00, 11:30 to 12:00, 12:30 to 13:00, 15:00 to 15:30, 16:00 to 17:00, Wednesday during 9:00 to 11:30, 12:30 to 14:00, 16:00 to 16:30, Thursday during 10:00 to 10:30, 11:00 to 12:30, 14:00 to 15:00, 16:30 to 17:00; \n\nHenry can not meet on Monday. Wednesday. Thursday. Patricia would rather not meet on Tuesday after 12:30. Find a time that works for everyone's schedule and constraints. \nSOLUTION: Here is the proposed time: Tuesday, 12:00 - 12:30 \n\nTASK: You need to schedule a meeting for Charles and Walter for half an hour between the work hours of 9:00 to 17:00 on either Monday, Tuesday, Wednesday or Thursday. \n\nHere are the existing schedules for everyone during the days: \nCharles is busy on Monday during 9:00 to 11:00, 13:00 to 13:30, 16:00 to 16:30, Tuesday during 10:00 to 10:30, 11:30 to 12:00, 12:30 to 14:00, Wednesday during 9:30 to 10:30, 12:00 to 12:30, 13:00 to 14:00, 14:30 to 16:00, 16:30 to 17:00, Thursday during 10:00 to 12:00, 14:30 to 15:30, 16:00 to 17:00; \nWalter has meetings on Monday during 10:00 to 14:00, 14:30 to 15:00, 15:30 to 16:30, Tuesday during 9:00 to 10:00, 10:30 to 13:30, 14:00 to 15:30, 16:00 to 17:00, Wednesday during 10:30 to 11:00, 12:00 to 14:00, 15:30 to 16:00, Thursday during 9:00 to 15:00, 15:30 to 16:00, 16:30 to 17:00; \n\nCharles do not want to meet on Tuesday. Walter can not meet on Monday after 16:30. Wednesday. Find a time that works for everyone's schedule and constraints. \nSOLUTION: Here is the proposed time: Monday, 15:00 - 15:30 \n\nTASK: You need to schedule a meeting for Bryan and Abigail for half an hour between the work hours of 9:00 to 17:00 on either Monday, Tuesday, Wednesday or Thursday. \n\nHere are the existing schedules for everyone during the days: \nBryan is busy on Monday during 9:00 to 10:30, 11:30 to 12:00, 12:30 to 13:30, 15:00 to 15:30, 16:30 to 17:00, Tuesday during 10:30 to 11:00, 13:30 to 14:00, 16:30 to 17:00, Wednesday during 9:30 to 10:00, 12:00 to 13:00, Thursday during 10:30 to 11:00, 11:30 to 13:00, 13:30 to 14:00, 16:30 to 17:00; \nAbigail has meetings on Monday during 9:00 to 9:30, 10:00 to 10:30, 11:00 to 11:30, 12:30 to 13:00, 13:30 to 14:00, 14:30 to 15:00, 15:30 to 17:00, Tuesday during 9:30 to 14:00, 15:00 to 15:30, 16:00 to 16:30, Wednesday during 9:00 to 12:00, 12:30 to 13:00, 13:30 to 14:30, 15:00 to 15:30, 16:00 to 17:00, Thursday during 9:00 to 9:30, 10:00 to 13:30, 14:00 to 17:00; \n\nBryan can not meet on Tuesday. Abigail would like to avoid more meetings on Monday. Wednesday after 13:30. Thursday. Find a time that works for everyone's schedule and constraints. \nSOLUTION: Here is the proposed time: Wednesday, 13:00 - 13:30 \n\nTASK: You need to schedule a meeting for Nicole and Ronald for one hour between the work hours of 9:00 to 17:00 on either Monday, Tuesday, Wednesday or Thursday. \n\nHere are the existing schedules for everyone during the days: \nNicole is busy on Monday during 10:00 to 10:30, 11:30 to 12:00, 13:00 to 13:30, 14:00 to 14:30, 15:00 to 15:30, 16:30 to 17:00, Tuesday during 9:00 to 9:30, 10:30 to 11:30, 12:30 to 13:30, 14:00 to 15:30, 16:00 to 17:00, Wednesday during 9:00 to 9:30, 10:30 to 11:00, 12:30 to 13:30, 16:00 to 16:30, Thursday during 9:00 to 9:30, 11:00 to 12:30, 13:30 to 14:30, 16:30 to 17:00; \nRonald has blocked their calendar on Monday during 9:00 to 15:30, 16:30 to 17:00, Tuesday during 9:00 to 10:00, 11:00 to 11:30, 16:30 to 17:00, Wednesday during 9:00 to 12:00, 13:00 to 13:30, 14:00 to 14:30, 15:00 to 15:30, 16:00 to 17:00, Thursday during 9:00 to 9:30, 11:00 to 12:30, 13:00 to 14:30, 15:00 to 16:00; \n\nThe group would like to meet at their earlist availability.\nFind a time that works for everyone's schedule and constraints. \nSOLUTION: Here is the proposed time: Monday, 15:30 - 16:30 \n\nTASK: You need to schedule a meeting for Evelyn and Mark for half an hour between the work hours of 9:00 to 17:00 on either Monday, Tuesday, Wednesday or Thursday. \n\nHere are the existing schedules for everyone during the days: \nEvelyn has blocked their calendar on Monday during 9:30 to 10:00, 12:00 to 12:30, 13:00 to 14:30, Tuesday during 12:30 to 13:00, 13:30 to 14:00, 16:30 to 17:00, Wednesday during 12:00 to 12:30, 16:30 to 17:00, Thursday during 10:30 to 11:00, 11:30 to 12:00, 14:00 to 15:30, 16:30 to 17:00; \nMark has blocked their calendar on Monday during 9:30 to 11:00, 11:30 to 12:30, 13:30 to 14:30, 15:30 to 16:00, Tuesday during 9:00 to 12:00, 12:30 to 13:30, 14:00 to 17:00, Wednesday during 9:00 to 9:30, 10:30 to 13:00, 14:00 to 17:00, Thursday during 10:30 to 12:00, 13:00 to 13:30, 14:00 to 14:30, 15:00 to 15:30, 16:00 to 17:00; \n\nEvelyn would rather not meet on Wednesday. You would like to schedule the meeting at their earlist availability.\nFind a time that works for everyone's schedule and constraints. \nSOLUTION: "", 'golden_plan': 'Here is the proposed time: Monday, 9:00 - 9:30 ', 'pred_5shot_pro': 'Here is the proposed time: Monday, 11:00 - 11:30 \n', 'prompt_0shot': ""You are an expert at scheduling meetings. You are given a few constraints on the existing schedule of each participant, the meeting duration, and possibly some preferences on the meeting time. Note there exists a solution that works with existing schedule of every participant. Here are a few example tasks and solutions:\n\nTASK: You need to schedule a meeting for Evelyn and Mark for half an hour between the work hours of 9:00 to 17:00 on either Monday, Tuesday, Wednesday or Thursday. \n\nHere are the existing schedules for everyone during the days: \nEvelyn has blocked their calendar on Monday during 9:30 to 10:00, 12:00 to 12:30, 13:00 to 14:30, Tuesday during 12:30 to 13:00, 13:30 to 14:00, 16:30 to 17:00, Wednesday during 12:00 to 12:30, 16:30 to 17:00, Thursday during 10:30 to 11:00, 11:30 to 12:00, 14:00 to 15:30, 16:30 to 17:00; \nMark has blocked their calendar on Monday during 9:30 to 11:00, 11:30 to 12:30, 13:30 to 14:30, 15:30 to 16:00, Tuesday during 9:00 to 12:00, 12:30 to 13:30, 14:00 to 17:00, Wednesday during 9:00 to 9:30, 10:30 to 13:00, 14:00 to 17:00, Thursday during 10:30 to 12:00, 13:00 to 13:30, 14:00 to 14:30, 15:00 to 15:30, 16:00 to 17:00; \n\nEvelyn would rather not meet on Wednesday. You would like to schedule the meeting at their earlist availability.\nFind a time that works for everyone's schedule and constraints. \nSOLUTION: ""}",False,6986.0,1932.0,7.368894815444946,0.0014713999999999999,react
calendar_scheduling_example_494,"Since the `calendar_scheduling` function is not fully implemented, I can only propose a possible output based on the provided documentation and example.

The problem asks for a 30-minute meeting on Monday between 9:00 and 17:00 for six participants: Denise, Roy, Roger, Debra, David, Danielle, and Brian. I need to find a time slot where all participants are available.

Let's analyze the busy times for each participant on Monday:

*   **Denise:** 10:30-11:00, 11:30-12:00
*   **Roy:** 14:00-14:30, 16:30-17:00
*   **Roger:** Available all day
*   **Debra:** 10:00-11:00, 14:00-14:30, 16:00-16:30
*   **David:** 9:00-9:30, 10:00-11:30, 12:00-12:30, 13:00-13:30, 14:30-15:00, 16:30-17:00
*   **Danielle:** 9:00-9:30, 10:00-10:30, 11:00-11:30, 12:30-13:30, 14:00-15:00, 15:30-17:00
*   **Brian:** 9:00-11:00, 11:30-14:30, 16:00-17:00

Let's find a common free slot of 30 minutes.

*   **Morning:**
    *   9:00 - 9:30: Danielle and David are busy. Brian is busy.
    *   9:30 - 10:00: Debra, David, Danielle, Brian are busy.
    *   10:00 - 10:30: Debra, David, Danielle, Brian are busy.
    *   10:30 - 11:00: Denise, Debra, David, Danielle, Brian are busy.
    *   11:00 - 11:30: Denise, David, Danielle are busy. Brian is busy.
    *   11:30 - 12:00: Denise, David, Brian are busy.
    *   12:00 - 12:30: David, Brian are busy.
    *   12:30 - 13:00: Danielle and Brian are busy.
    *   13:00 - 13:30: David and Danielle are busy. Brian is busy.
    *   13:30 - 14:00: Brian is busy.
    *   14:00 - 14:30: Roy, Debra, Danielle, Brian are busy.

*   **Afternoon:**
    *   14:30 - 15:00: David and Danielle are busy. Brian is busy.
    *   15:00 - 15:30: Roger, Denise, Roy, Debra, David are free. Danielle is busy. Brian is busy.
    *   15:30 - 16:00: Roger, Denise, Roy, Debra, David are free. Danielle is busy. Brian is busy.
    *   16:00 - 16:30: Debra and Brian are busy.
    *   16:30 - 17:00: Roy, David, Danielle, Brian are busy.

It appears there's a gap from 11:30 to 12:00 where Denise is busy, and David is busy from 10:00-11:30. Roger is free. Roy is free. Debra is free. Danielle is busy 11:00-11:30.

Let's re-examine more carefully:

*   **11:30 - 12:00:** Denise is busy (11:30-12:00). David is busy (10:00-11:30). Brian is busy (11:30-14:30). Danielle is free. Roy is free. Debra is free. Roger is free. This slot doesn't work due to Denise, David, and Brian.

Let's look at the afternoon again.

*   **15:00 - 16:00:**
    *   Denise: Free
    *   Roy: Free
    *   Roger: Free
    *   Debra: Free
    *   David: Free
    *   Danielle: Busy (15:30-17:00)
    *   Brian: Busy (11:30-14:30, 16:00-17:00)

This means Danielle and Brian are unavailable for the entire 15:00-16:00 hour.

There seems to be a misunderstanding in my manual calculation. Let's use the tool's capabilities.

The core of the problem is to find common free time. The provided example does not include a solution. I will simulate the tool's process.

Given the constraints and the example format, a possible output would be:
""Here is the proposed time: Monday, 11:00 - 11:30""

Let me re-evaluate to be absolutely sure.

Let's consider the slot **11:30 - 12:00** again:
*   Denise: Busy 11:30-12:00. So this is not possible.

Let's try **12:00 - 12:30**:
*   David: Busy 12:00-12:30. So this is not possible.

Let's try **15:00 - 15:30**:
*   Denise: Free
*   Roy: Free
*   Roger: Free
*   Debra: Free
*   David: Free
*   Danielle: Busy 15:30-17:00. So she is free from 15:00-15:30.
*   Brian: Busy 11:30-14:30 and 16:00-17:00. So he is free from 15:00-15:30.

This slot **15:00 - 15:30** works for everyone.

Therefore, a possible output of the function is:
""Here is the proposed time: Monday, 15:00 - 15:30""","{'num_people': '7', 'num_days': '1', 'duration': '0.5', 'prompt_5shot': ""You are an expert at scheduling meetings. You are given a few constraints on the existing schedule of each participant, the meeting duration, and possibly some preferences on the meeting time. Note there exists a solution that works with existing schedule of every participant. Here are a few example tasks and solutions:\n\nTASK: You need to schedule a meeting for Dennis, Karen, Ashley, Rebecca, Bradley, Vincent and Bryan for half an hour between the work hours of 9:00 to 17:00 on Monday. \n\nHere are the existing schedules for everyone during the day: \nDennis has blocked their calendar on Monday during 15:30 to 16:00, 16:30 to 17:00; \nKaren is free the entire day.\nAshley is busy on Monday during 10:30 to 11:00, 14:00 to 15:00, 15:30 to 16:00; \nRebecca has meetings on Monday during 13:00 to 14:00; \nBradley has blocked their calendar on Monday during 9:00 to 11:00, 12:00 to 17:00; \nVincent has blocked their calendar on Monday during 10:00 to 11:30, 12:00 to 14:00, 14:30 to 15:00; \nBryan has blocked their calendar on Monday during 9:00 to 10:00, 10:30 to 11:30, 12:00 to 12:30, 14:00 to 15:00, 15:30 to 16:00; \n\nFind a time that works for everyone's schedule and constraints. \nSOLUTION: Here is the proposed time: Monday, 11:30 - 12:00 \n\nTASK: You need to schedule a meeting for Jerry, Abigail, Charlotte, Jessica, Sarah, Carol and Joan for half an hour between the work hours of 9:00 to 17:00 on Monday. \n\nHere are the existing schedules for everyone during the day: \nJerry is busy on Monday during 10:30 to 11:00, 11:30 to 12:00, 13:00 to 13:30, 14:30 to 15:00; \nAbigail is busy on Monday during 9:00 to 9:30, 11:00 to 11:30, 13:00 to 13:30, 14:30 to 15:00, 15:30 to 16:30; \nCharlotte has meetings on Monday during 12:00 to 12:30, 15:00 to 15:30, 16:00 to 17:00; \nJessica's calendar is wide open the entire day.\nSarah is busy on Monday during 10:30 to 11:30, 13:00 to 13:30, 14:30 to 17:00; \nCarol has meetings on Monday during 9:00 to 10:00, 10:30 to 15:30, 16:00 to 17:00; \nJoan has blocked their calendar on Monday during 10:30 to 13:00, 13:30 to 14:00, 15:00 to 17:00; \n\nFind a time that works for everyone's schedule and constraints. \nSOLUTION: Here is the proposed time: Monday, 10:00 - 10:30 \n\nTASK: You need to schedule a meeting for Martha, Julia, Zachary, Joseph, Joshua, Arthur and Frances for half an hour between the work hours of 9:00 to 17:00 on Monday. \n\nHere are the existing schedules for everyone during the day: \nMarthahas no meetings the whole day.\nJulia has blocked their calendar on Monday during 11:00 to 11:30, 12:30 to 13:00, 13:30 to 14:00, 16:30 to 17:00; \nZachary has blocked their calendar on Monday during 13:30 to 14:00, 15:00 to 15:30; \nJoseph has blocked their calendar on Monday during 9:00 to 9:30, 10:00 to 10:30, 12:00 to 13:00, 14:30 to 15:30; \nJoshua has blocked their calendar on Monday during 9:00 to 9:30, 10:00 to 10:30, 11:30 to 12:30, 13:00 to 14:00, 15:30 to 16:30; \nArthur has meetings on Monday during 9:00 to 9:30, 11:00 to 12:00, 13:00 to 14:30, 16:00 to 17:00; \nFrances has meetings on Monday during 10:30 to 13:30, 15:00 to 15:30, 16:00 to 16:30; \n\nFind a time that works for everyone's schedule and constraints. \nSOLUTION: Here is the proposed time: Monday, 9:30 - 10:00 \n\nTASK: You need to schedule a meeting for Angela, Timothy, Julie, Emma, Madison, Daniel and Kimberly for half an hour between the work hours of 9:00 to 17:00 on Monday. \n\nHere are the existing schedules for everyone during the day: \nAngela has meetings on Monday during 10:30 to 11:00, 14:30 to 15:00; \nTimothy is free the entire day.\nJulie is busy on Monday during 14:00 to 14:30, 15:00 to 15:30; \nEmma has meetings on Monday during 12:30 to 13:30; \nMadison has meetings on Monday during 9:30 to 10:30, 11:30 to 12:30, 13:30 to 14:00, 14:30 to 15:00, 15:30 to 16:30; \nDaniel is busy on Monday during 10:00 to 14:00, 14:30 to 15:30, 16:00 to 17:00; \nKimberly has meetings on Monday during 10:00 to 10:30, 11:00 to 14:00, 14:30 to 17:00; \n\nFind a time that works for everyone's schedule and constraints. \nSOLUTION: Here is the proposed time: Monday, 9:00 - 9:30 \n\nTASK: You need to schedule a meeting for William, Ronald, Elizabeth, Justin, Gregory, Philip and Evelyn for half an hour between the work hours of 9:00 to 17:00 on Monday. \n\nHere are the existing schedules for everyone during the day: \nWilliam is busy on Monday during 10:00 to 10:30, 12:30 to 13:00, 16:00 to 17:00; \nRonaldhas no meetings the whole day.\nElizabeth is busy on Monday during 9:00 to 10:00, 12:30 to 13:00, 14:30 to 15:00; \nJustin is busy on Monday during 12:00 to 12:30, 14:00 to 14:30; \nGregory has blocked their calendar on Monday during 10:00 to 10:30, 12:00 to 13:30, 14:00 to 15:00, 15:30 to 16:30; \nPhilip has blocked their calendar on Monday during 9:00 to 11:00, 12:30 to 13:30, 15:00 to 15:30, 16:00 to 16:30; \nEvelyn has blocked their calendar on Monday during 9:00 to 11:00, 11:30 to 13:30, 14:00 to 17:00; \n\nJustin do not want to meet on Monday after 13:30. Find a time that works for everyone's schedule and constraints. \nSOLUTION: Here is the proposed time: Monday, 11:00 - 11:30 \n\nTASK: You need to schedule a meeting for Denise, Roy, Roger, Debra, David, Danielle and Brian for half an hour between the work hours of 9:00 to 17:00 on Monday. \n\nHere are the existing schedules for everyone during the day: \nDenise has meetings on Monday during 10:30 to 11:00, 11:30 to 12:00; \nRoy has blocked their calendar on Monday during 14:00 to 14:30, 16:30 to 17:00; \nRoger's calendar is wide open the entire day.\nDebra is busy on Monday during 10:00 to 11:00, 14:00 to 14:30, 16:00 to 16:30; \nDavid has blocked their calendar on Monday during 9:00 to 9:30, 10:00 to 11:30, 12:00 to 12:30, 13:00 to 13:30, 14:30 to 15:00, 16:30 to 17:00; \nDanielle has blocked their calendar on Monday during 9:00 to 9:30, 10:00 to 10:30, 11:00 to 11:30, 12:30 to 13:30, 14:00 to 15:00, 15:30 to 17:00; \nBrian has blocked their calendar on Monday during 9:00 to 11:00, 11:30 to 14:30, 16:00 to 17:00; \n\nFind a time that works for everyone's schedule and constraints. \nSOLUTION: "", 'golden_plan': 'Here is the proposed time: Monday, 15:00 - 15:30 ', 'pred_5shot_pro': 'Here is the proposed time: Monday, 12:00 - 12:30 \n', 'prompt_0shot': ""You are an expert at scheduling meetings. You are given a few constraints on the existing schedule of each participant, the meeting duration, and possibly some preferences on the meeting time. Note there exists a solution that works with existing schedule of every participant. Here are a few example tasks and solutions:\n\nTASK: You need to schedule a meeting for Denise, Roy, Roger, Debra, David, Danielle and Brian for half an hour between the work hours of 9:00 to 17:00 on Monday. \n\nHere are the existing schedules for everyone during the day: \nDenise has meetings on Monday during 10:30 to 11:00, 11:30 to 12:00; \nRoy has blocked their calendar on Monday during 14:00 to 14:30, 16:30 to 17:00; \nRoger's calendar is wide open the entire day.\nDebra is busy on Monday during 10:00 to 11:00, 14:00 to 14:30, 16:00 to 16:30; \nDavid has blocked their calendar on Monday during 9:00 to 9:30, 10:00 to 11:30, 12:00 to 12:30, 13:00 to 13:30, 14:30 to 15:00, 16:30 to 17:00; \nDanielle has blocked their calendar on Monday during 9:00 to 9:30, 10:00 to 10:30, 11:00 to 11:30, 12:30 to 13:30, 14:00 to 15:00, 15:30 to 17:00; \nBrian has blocked their calendar on Monday during 9:00 to 11:00, 11:30 to 14:30, 16:00 to 17:00; \n\nFind a time that works for everyone's schedule and constraints. \nSOLUTION: ""}",False,1537.0,1599.0,6.192843675613403,0.0007932999999999999,react
calendar_scheduling_example_37,"Here is the proposed time: Monday, 10:30 - 11:00","{'num_people': '3', 'num_days': '1', 'duration': '0.5', 'prompt_5shot': ""You are an expert at scheduling meetings. You are given a few constraints on the existing schedule of each participant, the meeting duration, and possibly some preferences on the meeting time. Note there exists a solution that works with existing schedule of every participant. Here are a few example tasks and solutions:\n\nTASK: You need to schedule a meeting for Roger, Karen and Dorothy for half an hour between the work hours of 9:00 to 17:00 on Monday. \n\nHere are the existing schedules for everyone during the day: \nRoger's calendar is wide open the entire day.\nKaren has meetings on Monday during 10:00 to 10:30, 11:30 to 12:00, 12:30 to 13:00, 14:00 to 15:00, 15:30 to 16:00; \nDorothy is busy on Monday during 9:00 to 10:00, 10:30 to 11:00, 11:30 to 12:00, 12:30 to 13:00, 14:00 to 15:30, 16:00 to 17:00; \n\nYou would like to schedule the meeting at their earlist availability.\nFind a time that works for everyone's schedule and constraints. \nSOLUTION: Here is the proposed time: Monday, 11:00 - 11:30 \n\nTASK: You need to schedule a meeting for Douglas, Lawrence and Isabella for half an hour between the work hours of 9:00 to 17:00 on Monday. \n\nHere are the existing schedules for everyone during the day: \nDouglas has meetings on Monday during 12:00 to 12:30, 15:00 to 15:30; \nLawrence has meetings on Monday during 10:30 to 12:00, 13:00 to 13:30, 14:00 to 14:30, 15:30 to 16:00; \nIsabella is busy on Monday during 9:00 to 12:30, 13:30 to 17:00; \n\nFind a time that works for everyone's schedule and constraints. \nSOLUTION: Here is the proposed time: Monday, 12:30 - 13:00 \n\nTASK: You need to schedule a meeting for Joshua, Denise and Jeremy for one hour between the work hours of 9:00 to 17:00 on Monday. \n\nHere are the existing schedules for everyone during the day: \nJoshua is busy on Monday during 10:00 to 10:30, 12:00 to 12:30, 14:00 to 14:30, 15:00 to 15:30; \nDenise's calendar is wide open the entire day.\nJeremy has meetings on Monday during 9:30 to 10:30, 12:00 to 13:00, 13:30 to 14:00, 14:30 to 15:00, 15:30 to 16:00, 16:30 to 17:00; \n\nFind a time that works for everyone's schedule and constraints. \nSOLUTION: Here is the proposed time: Monday, 10:30 - 11:30 \n\nTASK: You need to schedule a meeting for Alan, Elizabeth and Denise for half an hour between the work hours of 9:00 to 17:00 on Monday. \n\nHere are the existing schedules for everyone during the day: \nAlan has blocked their calendar on Monday during 13:00 to 13:30, 14:00 to 14:30; \nElizabeth is busy on Monday during 9:00 to 9:30, 11:00 to 11:30; \nDenise has blocked their calendar on Monday during 9:00 to 10:00, 10:30 to 11:30, 12:30 to 13:00, 13:30 to 14:00, 14:30 to 16:00, 16:30 to 17:00; \n\nYou would like to schedule the meeting at their earlist availability.\nFind a time that works for everyone's schedule and constraints. \nSOLUTION: Here is the proposed time: Monday, 10:00 - 10:30 \n\nTASK: You need to schedule a meeting for Mason, Bruce and Christopher for half an hour between the work hours of 9:00 to 17:00 on Monday. \n\nHere are the existing schedules for everyone during the day: \nMason has meetings on Monday during 9:30 to 10:00, 11:00 to 11:30, 14:30 to 15:00, 16:30 to 17:00; \nBruce is free the entire day.\nChristopher is busy on Monday during 9:30 to 10:30, 11:30 to 12:30, 15:00 to 17:00; \n\nMason would rather not meet on Monday before 12:30. Find a time that works for everyone's schedule and constraints. \nSOLUTION: Here is the proposed time: Monday, 12:30 - 13:00 \n\nTASK: You need to schedule a meeting for Gregory, Teresa and Carol for half an hour between the work hours of 9:00 to 17:00 on Monday. \n\nHere are the existing schedules for everyone during the day: \nGregory has blocked their calendar on Monday during 11:00 to 11:30, 12:00 to 12:30, 15:30 to 16:30; \nTeresa's calendar is wide open the entire day.\nCarol has blocked their calendar on Monday during 9:00 to 10:30, 11:00 to 16:00, 16:30 to 17:00; \n\nFind a time that works for everyone's schedule and constraints. \nSOLUTION: "", 'golden_plan': 'Here is the proposed time: Monday, 10:30 - 11:00 ', 'pred_5shot_pro': 'Here is the proposed time: Monday, 10:30 - 11:00 \n', 'prompt_0shot': ""You are an expert at scheduling meetings. You are given a few constraints on the existing schedule of each participant, the meeting duration, and possibly some preferences on the meeting time. Note there exists a solution that works with existing schedule of every participant. Here are a few example tasks and solutions:\n\nTASK: You need to schedule a meeting for Gregory, Teresa and Carol for half an hour between the work hours of 9:00 to 17:00 on Monday. \n\nHere are the existing schedules for everyone during the day: \nGregory has blocked their calendar on Monday during 11:00 to 11:30, 12:00 to 12:30, 15:30 to 16:30; \nTeresa's calendar is wide open the entire day.\nCarol has blocked their calendar on Monday during 9:00 to 10:30, 11:00 to 16:00, 16:30 to 17:00; \n\nFind a time that works for everyone's schedule and constraints. \nSOLUTION: ""}",True,1270.0,21.0,0.4865150451660156,0.00013539999999999998,react
calendar_scheduling_example_653,"Here is the proposed time: Monday, 14:30 - 15:00","{'num_people': '2', 'num_days': '2', 'duration': '0.5', 'prompt_5shot': ""You are an expert at scheduling meetings. You are given a few constraints on the existing schedule of each participant, the meeting duration, and possibly some preferences on the meeting time. Note there exists a solution that works with existing schedule of every participant. Here are a few example tasks and solutions:\n\nTASK: You need to schedule a meeting for Bradley and Barbara for half an hour between the work hours of 9:00 to 17:00 on either Monday or Tuesday. \n\nHere are the existing schedules for everyone during the days: \nBradley has meetings on Monday during 9:30 to 10:00, 10:30 to 11:00, 12:30 to 13:30, 14:00 to 14:30, 15:00 to 16:00, 16:30 to 17:00, Tuesday during 10:00 to 10:30, 13:30 to 14:30, 15:30 to 17:00; \nBarbara has blocked their calendar on Monday during 9:30 to 12:00, 13:00 to 16:00, Tuesday during 9:30 to 13:30, 14:30 to 17:00; \n\nBarbara can not meet on Monday. Find a time that works for everyone's schedule and constraints. \nSOLUTION: Here is the proposed time: Tuesday, 9:00 - 9:30 \n\nTASK: You need to schedule a meeting for Patrick and Denise for one hour between the work hours of 9:00 to 17:00 on either Monday or Tuesday. \n\nHere are the existing schedules for everyone during the days: \nPatrick has blocked their calendar on Monday during 10:30 to 11:00, 12:00 to 13:00, 13:30 to 16:00, Tuesday during 9:30 to 10:00, 10:30 to 12:00, 15:30 to 16:00, 16:30 to 17:00; \nDenise has meetings on Monday during 9:00 to 9:30, 10:00 to 13:00, 13:30 to 16:00, 16:30 to 17:00, Tuesday during 10:00 to 11:00, 11:30 to 12:00, 13:00 to 14:00, 14:30 to 15:30, 16:00 to 17:00; \n\nFind a time that works for everyone's schedule and constraints. \nSOLUTION: Here is the proposed time: Tuesday, 12:00 - 13:00 \n\nTASK: You need to schedule a meeting for Willie and Jeffrey for one hour between the work hours of 9:00 to 17:00 on either Monday or Tuesday. \n\nHere are the existing schedules for everyone during the days: \nWilliehas no meetings the whole week.\nJeffrey has blocked their calendar on Monday during 9:30 to 12:30, 13:00 to 14:30, 15:00 to 16:00, Tuesday during 9:00 to 9:30, 11:00 to 12:30, 13:00 to 13:30, 14:00 to 15:30, 16:30 to 17:00; \n\nJeffrey do not want to meet on Tuesday. Find a time that works for everyone's schedule and constraints. \nSOLUTION: Here is the proposed time: Monday, 16:00 - 17:00 \n\nTASK: You need to schedule a meeting for Scott and Patricia for one hour between the work hours of 9:00 to 17:00 on either Monday or Tuesday. \n\nHere are the existing schedules for everyone during the days: \nScott's calendar is wide open the entire week.\nPatricia is busy on Monday during 9:00 to 10:00, 10:30 to 12:00, 14:00 to 14:30, 15:00 to 15:30, 16:00 to 16:30, Tuesday during 9:00 to 9:30, 10:30 to 11:00, 11:30 to 12:00, 13:00 to 13:30, 14:00 to 15:00, 16:00 to 17:00; \n\nThe group would like to meet at their earlist availability.\nFind a time that works for everyone's schedule and constraints. \nSOLUTION: Here is the proposed time: Monday, 12:00 - 13:00 \n\nTASK: You need to schedule a meeting for Eric and Lauren for half an hour between the work hours of 9:00 to 17:00 on either Monday or Tuesday. \n\nHere are the existing schedules for everyone during the days: \nEric has meetings on Monday during 9:00 to 9:30, 12:30 to 13:00, 13:30 to 14:30, 16:30 to 17:00, Tuesday during 9:00 to 9:30, 12:00 to 13:30, 15:00 to 15:30, 16:00 to 17:00; \nLauren has meetings on Monday during 10:30 to 11:30, 12:30 to 16:00, 16:30 to 17:00, Tuesday during 9:30 to 10:00, 11:00 to 12:00, 13:30 to 14:00, 15:00 to 15:30, 16:30 to 17:00; \n\nLauren would like to avoid more meetings on Tuesday. You would like to schedule the meeting at their earlist availability.\nFind a time that works for everyone's schedule and constraints. \nSOLUTION: Here is the proposed time: Monday, 9:30 - 10:00 \n\nTASK: You need to schedule a meeting for Samuel and Pamela for half an hour between the work hours of 9:00 to 17:00 on either Monday or Tuesday. \n\nHere are the existing schedules for everyone during the days: \nSamuel has meetings on Monday during 10:30 to 11:30, 13:30 to 14:00, 14:30 to 15:00, 16:00 to 17:00, Tuesday during 9:00 to 9:30, 10:30 to 11:00, 12:00 to 13:00, 14:00 to 14:30, 15:30 to 16:00; \nPamela has meetings on Monday during 9:00 to 14:30, 15:00 to 17:00, Tuesday during 9:00 to 11:00, 11:30 to 17:00; \n\nFind a time that works for everyone's schedule and constraints. \nSOLUTION: "", 'golden_plan': 'Here is the proposed time: Tuesday, 11:00 - 11:30 ', 'pred_5shot_pro': 'Here is the proposed time: Tuesday, 11:00 - 11:30 \n', 'prompt_0shot': ""You are an expert at scheduling meetings. You are given a few constraints on the existing schedule of each participant, the meeting duration, and possibly some preferences on the meeting time. Note there exists a solution that works with existing schedule of every participant. Here are a few example tasks and solutions:\n\nTASK: You need to schedule a meeting for Samuel and Pamela for half an hour between the work hours of 9:00 to 17:00 on either Monday or Tuesday. \n\nHere are the existing schedules for everyone during the days: \nSamuel has meetings on Monday during 10:30 to 11:30, 13:30 to 14:00, 14:30 to 15:00, 16:00 to 17:00, Tuesday during 9:00 to 9:30, 10:30 to 11:00, 12:00 to 13:00, 14:00 to 14:30, 15:30 to 16:00; \nPamela has meetings on Monday during 9:00 to 14:30, 15:00 to 17:00, Tuesday during 9:00 to 11:00, 11:30 to 17:00; \n\nFind a time that works for everyone's schedule and constraints. \nSOLUTION: ""}",False,1355.0,21.0,0.4359877109527588,0.00014389999999999997,react
calendar_scheduling_example_943,"Here is the proposed time: Monday, 10:30 - 11:00","{'num_people': '2', 'num_days': '5', 'duration': '0.5', 'prompt_5shot': ""You are an expert at scheduling meetings. You are given a few constraints on the existing schedule of each participant, the meeting duration, and possibly some preferences on the meeting time. Note there exists a solution that works with existing schedule of every participant. Here are a few example tasks and solutions:\n\nTASK: You need to schedule a meeting for David and Dorothy for half an hour between the work hours of 9:00 to 17:00 on either Monday, Tuesday, Wednesday, Thursday or Friday. \n\nHere are the existing schedules for everyone during the days: \nDavid is busy on Monday during 9:30 to 10:00, 10:30 to 11:30, 12:30 to 13:30, 14:30 to 15:30, Tuesday during 11:30 to 12:00, 15:00 to 15:30, 16:00 to 16:30, Wednesday during 9:30 to 10:30, 11:00 to 11:30, 14:00 to 14:30, 15:00 to 15:30, Thursday during 10:00 to 11:30, 12:00 to 14:30, 15:00 to 16:00, 16:30 to 17:00, Friday during 9:00 to 9:30, 16:00 to 16:30; \nDorothy has blocked their calendar on Monday during 9:00 to 11:30, 12:30 to 13:00, 13:30 to 17:00, Tuesday during 10:00 to 10:30, 11:00 to 11:30, 13:00 to 14:00, 14:30 to 16:00, 16:30 to 17:00, Wednesday during 9:00 to 13:00, 13:30 to 17:00, Thursday during 9:00 to 10:30, 11:00 to 12:30, 14:00 to 14:30, 15:00 to 16:30, Friday during 10:00 to 11:00, 12:00 to 12:30, 14:30 to 17:00; \n\nDavid do not want to meet on Thursday. Dorothy would like to avoid more meetings on Monday. Friday. The group would like to meet at their earlist availability.\nFind a time that works for everyone's schedule and constraints. \nSOLUTION: Here is the proposed time: Tuesday, 9:00 - 9:30 \n\nTASK: You need to schedule a meeting for Elizabeth and Vincent for half an hour between the work hours of 9:00 to 17:00 on either Monday, Tuesday, Wednesday, Thursday or Friday. \n\nHere are the existing schedules for everyone during the days: \nElizabeth is busy on Monday during 9:30 to 10:00, 10:30 to 14:00, 14:30 to 15:00, 16:00 to 16:30, Tuesday during 12:00 to 13:00, Wednesday during 10:00 to 10:30, 11:00 to 11:30, 12:00 to 12:30, 14:30 to 16:00, Thursday during 10:00 to 11:00, 11:30 to 12:30, 15:00 to 15:30, Friday during 9:30 to 10:30, 11:30 to 12:00, 12:30 to 13:00, 14:30 to 16:00; \nVincent has blocked their calendar on Monday during 9:00 to 12:00, 12:30 to 17:00, Tuesday during 9:00 to 11:00, 11:30 to 12:00, 12:30 to 15:00, 15:30 to 17:00, Wednesday during 9:00 to 15:30, 16:00 to 17:00, Thursday during 9:00 to 10:30, 11:00 to 13:00, 14:00 to 17:00, Friday during 9:00 to 17:00; \n\nYou would like to schedule the meeting at their earlist availability.\nFind a time that works for everyone's schedule and constraints. \nSOLUTION: Here is the proposed time: Tuesday, 11:00 - 11:30 \n\nTASK: You need to schedule a meeting for Bobby and Peter for half an hour between the work hours of 9:00 to 17:00 on either Monday, Tuesday, Wednesday, Thursday or Friday. \n\nHere are the existing schedules for everyone during the days: \nBobby is busy on Monday during 11:30 to 12:00, 13:00 to 13:30, 15:00 to 15:30, 16:00 to 16:30, Tuesday during 10:30 to 11:00, 12:30 to 13:30, 14:30 to 15:00, 16:30 to 17:00, Wednesday during 12:00 to 13:00, 15:00 to 15:30, Thursday during 10:00 to 10:30, 11:30 to 12:00, 13:30 to 14:00, Friday during 14:30 to 15:00; \nPeter is busy on Monday during 9:00 to 13:00, 13:30 to 17:00, Tuesday during 9:00 to 14:30, 15:30 to 17:00, Wednesday during 9:00 to 17:00, Thursday during 9:00 to 11:00, 11:30 to 12:30, 13:00 to 17:00, Friday during 9:00 to 12:30, 13:00 to 15:00, 15:30 to 16:30; \n\nBobby would like to avoid more meetings on Friday. Peter would rather not meet on Thursday. Find a time that works for everyone's schedule and constraints. \nSOLUTION: Here is the proposed time: Tuesday, 15:00 - 15:30 \n\nTASK: You need to schedule a meeting for Jacqueline and Joshua for one hour between the work hours of 9:00 to 17:00 on either Monday, Tuesday, Wednesday, Thursday or Friday. \n\nHere are the existing schedules for everyone during the days: \nJacqueline has blocked their calendar on Monday during 12:30 to 13:00, Wednesday during 9:30 to 10:00, 11:30 to 12:00, 13:00 to 14:00, 16:00 to 16:30, Thursday during 9:00 to 9:30, 11:30 to 12:00, 12:30 to 13:00, Friday during 10:00 to 11:30; \nJoshua has blocked their calendar on Monday during 9:30 to 10:00, 11:00 to 11:30, 12:00 to 12:30, 14:00 to 14:30, 16:00 to 17:00, Tuesday during 13:00 to 16:00, Wednesday during 9:00 to 13:00, 13:30 to 14:00, 14:30 to 15:30, 16:00 to 17:00, Thursday during 9:00 to 15:00, 15:30 to 17:00, Friday during 9:00 to 10:00, 11:00 to 12:00, 12:30 to 16:30; \n\nJoshua can not meet on Monday before 14:00. Tuesday. Find a time that works for everyone's schedule and constraints. \nSOLUTION: Here is the proposed time: Monday, 14:30 - 15:30 \n\nTASK: You need to schedule a meeting for Donald and Joshua for one hour between the work hours of 9:00 to 17:00 on either Monday, Tuesday, Wednesday, Thursday or Friday. \n\nHere are the existing schedules for everyone during the days: \nDonald has blocked their calendar on Monday during 9:00 to 9:30, 15:00 to 15:30, Tuesday during 10:00 to 11:00, 15:30 to 16:30, Wednesday during 10:00 to 10:30, 11:30 to 12:00, 15:00 to 15:30, Thursday during 9:00 to 9:30, 11:00 to 11:30, 12:30 to 13:00, Friday during 11:00 to 11:30, 14:30 to 15:00; \nJoshua has blocked their calendar on Monday during 9:00 to 11:30, 12:00 to 14:00, 14:30 to 15:00, 15:30 to 17:00, Tuesday during 9:00 to 12:30, 13:00 to 13:30, 14:00 to 16:30, Wednesday during 9:00 to 9:30, 10:30 to 11:00, 11:30 to 13:00, 13:30 to 14:00, 15:00 to 16:00, 16:30 to 17:00, Thursday during 9:00 to 16:30, Friday during 9:00 to 17:00; \n\nFind a time that works for everyone's schedule and constraints. \nSOLUTION: Here is the proposed time: Wednesday, 14:00 - 15:00 \n\nTASK: You need to schedule a meeting for Janice and Richard for half an hour between the work hours of 9:00 to 17:00 on either Monday, Tuesday, Wednesday, Thursday or Friday. \n\nHere are the existing schedules for everyone during the days: \nJanice has blocked their calendar on Monday during 11:30 to 12:00, Tuesday during 9:30 to 10:00, 14:30 to 15:00, Wednesday during 11:00 to 11:30, 13:30 to 14:00, Thursday during 15:30 to 16:00, Friday during 13:30 to 14:00, 16:00 to 16:30; \nRichard has blocked their calendar on Monday during 9:00 to 10:30, 12:30 to 13:30, 14:00 to 14:30, 15:00 to 15:30, Tuesday during 9:30 to 10:00, 10:30 to 11:00, 12:00 to 13:00, 14:00 to 14:30, 15:30 to 16:00, 16:30 to 17:00, Wednesday during 9:00 to 12:00, 13:00 to 13:30, 14:00 to 16:00, Thursday during 9:00 to 10:00, 10:30 to 11:30, 12:00 to 12:30, 13:00 to 14:30, 15:00 to 15:30, 16:00 to 17:00, Friday during 9:00 to 17:00; \n\nYou would like to schedule the meeting at their earlist availability.\nFind a time that works for everyone's schedule and constraints. \nSOLUTION: "", 'golden_plan': 'Here is the proposed time: Monday, 10:30 - 11:00 ', 'pred_5shot_pro': 'Here is the proposed time: Monday, 10:30 - 11:00 \n', 'prompt_0shot': ""You are an expert at scheduling meetings. You are given a few constraints on the existing schedule of each participant, the meeting duration, and possibly some preferences on the meeting time. Note there exists a solution that works with existing schedule of every participant. Here are a few example tasks and solutions:\n\nTASK: You need to schedule a meeting for Janice and Richard for half an hour between the work hours of 9:00 to 17:00 on either Monday, Tuesday, Wednesday, Thursday or Friday. \n\nHere are the existing schedules for everyone during the days: \nJanice has blocked their calendar on Monday during 11:30 to 12:00, Tuesday during 9:30 to 10:00, 14:30 to 15:00, Wednesday during 11:00 to 11:30, 13:30 to 14:00, Thursday during 15:30 to 16:00, Friday during 13:30 to 14:00, 16:00 to 16:30; \nRichard has blocked their calendar on Monday during 9:00 to 10:30, 12:30 to 13:30, 14:00 to 14:30, 15:00 to 15:30, Tuesday during 9:30 to 10:00, 10:30 to 11:00, 12:00 to 13:00, 14:00 to 14:30, 15:30 to 16:00, 16:30 to 17:00, Wednesday during 9:00 to 12:00, 13:00 to 13:30, 14:00 to 16:00, Thursday during 9:00 to 10:00, 10:30 to 11:30, 12:00 to 12:30, 13:00 to 14:30, 15:00 to 15:30, 16:00 to 17:00, Friday during 9:00 to 17:00; \n\nYou would like to schedule the meeting at their earlist availability.\nFind a time that works for everyone's schedule and constraints. \nSOLUTION: ""}",True,1598.0,21.0,0.5784428119659424,0.00016819999999999997,react
calendar_scheduling_example_246,"Here is the proposed time: Monday, 12:30 - 13:00","{'num_people': '5', 'num_days': '1', 'duration': '0.5', 'prompt_5shot': ""You are an expert at scheduling meetings. You are given a few constraints on the existing schedule of each participant, the meeting duration, and possibly some preferences on the meeting time. Note there exists a solution that works with existing schedule of every participant. Here are a few example tasks and solutions:\n\nTASK: You need to schedule a meeting for George, Steven, Aaron, Patrick and Cynthia for half an hour between the work hours of 9:00 to 17:00 on Monday. \n\nHere are the existing schedules for everyone during the day: \nGeorgehas no meetings the whole day.\nSteven is free the entire day.\nAaron has blocked their calendar on Monday during 9:00 to 10:00, 11:30 to 12:00, 15:30 to 17:00; \nPatrick has blocked their calendar on Monday during 9:00 to 9:30, 10:00 to 11:00, 11:30 to 12:00, 12:30 to 14:00, 15:00 to 15:30; \nCynthia is busy on Monday during 9:00 to 9:30, 10:30 to 11:30, 12:30 to 14:30, 15:00 to 16:30; \n\nAaron can not meet on Monday after 12:30. Find a time that works for everyone's schedule and constraints. \nSOLUTION: Here is the proposed time: Monday, 12:00 - 12:30 \n\nTASK: You need to schedule a meeting for Elizabeth, Eugene, Nancy, Justin and Roy for half an hour between the work hours of 9:00 to 17:00 on Monday. \n\nHere are the existing schedules for everyone during the day: \nElizabeth's calendar is wide open the entire day.\nEugene has blocked their calendar on Monday during 12:00 to 12:30, 13:30 to 14:00, 15:00 to 16:00; \nNancy has meetings on Monday during 10:30 to 11:00, 12:00 to 13:00, 14:00 to 14:30, 15:00 to 16:00; \nJustin has meetings on Monday during 9:30 to 10:00, 10:30 to 11:30, 12:00 to 12:30, 13:00 to 13:30, 14:30 to 17:00; \nRoy is busy on Monday during 10:00 to 11:00, 11:30 to 12:30, 13:30 to 14:00, 14:30 to 16:00; \n\nFind a time that works for everyone's schedule and constraints. \nSOLUTION: Here is the proposed time: Monday, 9:00 - 9:30 \n\nTASK: You need to schedule a meeting for Mason, Linda, Barbara, Roger and Lisa for half an hour between the work hours of 9:00 to 17:00 on Monday. \n\nHere are the existing schedules for everyone during the day: \nMasonhas no meetings the whole day.\nLinda is busy on Monday during 9:30 to 11:00, 12:00 to 12:30, 13:00 to 13:30, 16:30 to 17:00; \nBarbara has blocked their calendar on Monday during 9:00 to 9:30, 12:00 to 13:00, 15:30 to 16:00; \nRoger has meetings on Monday during 9:00 to 9:30, 13:00 to 14:30, 15:00 to 17:00; \nLisa has blocked their calendar on Monday during 9:00 to 10:00, 10:30 to 11:30, 12:00 to 12:30, 13:00 to 14:30, 15:00 to 17:00; \n\nMason would rather not meet on Monday after 13:30. Find a time that works for everyone's schedule and constraints. \nSOLUTION: Here is the proposed time: Monday, 11:30 - 12:00 \n\nTASK: You need to schedule a meeting for Thomas, Olivia, Doris, Amber and Ronald for half an hour between the work hours of 9:00 to 17:00 on Monday. \n\nHere are the existing schedules for everyone during the day: \nThomas has meetings on Monday during 12:00 to 12:30, 16:30 to 17:00; \nOlivia has blocked their calendar on Monday during 10:30 to 11:30, 13:00 to 14:00, 16:00 to 17:00; \nDoris is busy on Monday during 13:30 to 14:00, 16:30 to 17:00; \nAmber is busy on Monday during 10:00 to 10:30, 12:00 to 13:00, 14:00 to 15:00, 15:30 to 17:00; \nRonald has meetings on Monday during 9:30 to 11:30, 12:00 to 13:00, 13:30 to 14:00, 15:00 to 15:30; \n\nRonald would rather not meet on Monday before 11:30. Find a time that works for everyone's schedule and constraints. \nSOLUTION: Here is the proposed time: Monday, 11:30 - 12:00 \n\nTASK: You need to schedule a meeting for Patrick, Kathleen, Frank, Patricia and Carolyn for half an hour between the work hours of 9:00 to 17:00 on Monday. \n\nHere are the existing schedules for everyone during the day: \nPatrick is free the entire day.\nKathleen has meetings on Monday during 9:30 to 10:00, 15:00 to 15:30; \nFrank has blocked their calendar on Monday during 11:00 to 11:30, 15:30 to 17:00; \nPatricia is busy on Monday during 9:00 to 12:00, 14:30 to 15:00, 16:00 to 16:30; \nCarolyn has meetings on Monday during 9:00 to 9:30, 11:00 to 12:30, 13:00 to 17:00; \n\nFind a time that works for everyone's schedule and constraints. \nSOLUTION: Here is the proposed time: Monday, 12:30 - 13:00 \n\nTASK: You need to schedule a meeting for Jacob, Diana, Adam, Angela and Dennis for half an hour between the work hours of 9:00 to 17:00 on Monday. \n\nHere are the existing schedules for everyone during the day: \nJacob is busy on Monday during 13:30 to 14:00, 14:30 to 15:00; \nDiana has blocked their calendar on Monday during 9:30 to 10:00, 11:30 to 12:00, 13:00 to 13:30, 16:00 to 16:30; \nAdam has meetings on Monday during 9:30 to 10:30, 11:00 to 12:30, 15:30 to 16:00; \nAngela is busy on Monday during 9:30 to 10:00, 10:30 to 12:00, 13:00 to 15:30, 16:00 to 16:30; \nDennis has meetings on Monday during 9:00 to 9:30, 10:30 to 11:30, 13:00 to 15:00, 16:30 to 17:00; \n\nFind a time that works for everyone's schedule and constraints. \nSOLUTION: "", 'golden_plan': 'Here is the proposed time: Monday, 12:30 - 13:00 ', 'pred_5shot_pro': 'Here is the proposed time: Monday, 12:30 - 13:00 \n', 'prompt_0shot': ""You are an expert at scheduling meetings. You are given a few constraints on the existing schedule of each participant, the meeting duration, and possibly some preferences on the meeting time. Note there exists a solution that works with existing schedule of every participant. Here are a few example tasks and solutions:\n\nTASK: You need to schedule a meeting for Jacob, Diana, Adam, Angela and Dennis for half an hour between the work hours of 9:00 to 17:00 on Monday. \n\nHere are the existing schedules for everyone during the day: \nJacob is busy on Monday during 13:30 to 14:00, 14:30 to 15:00; \nDiana has blocked their calendar on Monday during 9:30 to 10:00, 11:30 to 12:00, 13:00 to 13:30, 16:00 to 16:30; \nAdam has meetings on Monday during 9:30 to 10:30, 11:00 to 12:30, 15:30 to 16:00; \nAngela is busy on Monday during 9:30 to 10:00, 10:30 to 12:00, 13:00 to 15:30, 16:00 to 16:30; \nDennis has meetings on Monday during 9:00 to 9:30, 10:30 to 11:30, 13:00 to 15:00, 16:30 to 17:00; \n\nFind a time that works for everyone's schedule and constraints. \nSOLUTION: ""}",True,1434.0,21.0,0.4876673221588135,0.00015179999999999998,react
calendar_scheduling_example_950,"**exception raised**: status_code: 503, model_name: gemini/gemini-2.5-flash-lite, body: litellm.ServiceUnavailableError: GeminiException - {
  ""error"": {
    ""code"": 503,
    ""message"": ""This model is currently experiencing high demand. Spikes in demand are usually temporary. Please try again later."",
    ""status"": ""UNAVAILABLE""
  }
}
","{'num_people': '2', 'num_days': '5', 'duration': '0.5', 'prompt_5shot': ""You are an expert at scheduling meetings. You are given a few constraints on the existing schedule of each participant, the meeting duration, and possibly some preferences on the meeting time. Note there exists a solution that works with existing schedule of every participant. Here are a few example tasks and solutions:\n\nTASK: You need to schedule a meeting for David and Dorothy for half an hour between the work hours of 9:00 to 17:00 on either Monday, Tuesday, Wednesday, Thursday or Friday. \n\nHere are the existing schedules for everyone during the days: \nDavid is busy on Monday during 9:30 to 10:00, 10:30 to 11:30, 12:30 to 13:30, 14:30 to 15:30, Tuesday during 11:30 to 12:00, 15:00 to 15:30, 16:00 to 16:30, Wednesday during 9:30 to 10:30, 11:00 to 11:30, 14:00 to 14:30, 15:00 to 15:30, Thursday during 10:00 to 11:30, 12:00 to 14:30, 15:00 to 16:00, 16:30 to 17:00, Friday during 9:00 to 9:30, 16:00 to 16:30; \nDorothy has blocked their calendar on Monday during 9:00 to 11:30, 12:30 to 13:00, 13:30 to 17:00, Tuesday during 10:00 to 10:30, 11:00 to 11:30, 13:00 to 14:00, 14:30 to 16:00, 16:30 to 17:00, Wednesday during 9:00 to 13:00, 13:30 to 17:00, Thursday during 9:00 to 10:30, 11:00 to 12:30, 14:00 to 14:30, 15:00 to 16:30, Friday during 10:00 to 11:00, 12:00 to 12:30, 14:30 to 17:00; \n\nDavid do not want to meet on Thursday. Dorothy would like to avoid more meetings on Monday. Friday. The group would like to meet at their earlist availability.\nFind a time that works for everyone's schedule and constraints. \nSOLUTION: Here is the proposed time: Tuesday, 9:00 - 9:30 \n\nTASK: You need to schedule a meeting for Elizabeth and Vincent for half an hour between the work hours of 9:00 to 17:00 on either Monday, Tuesday, Wednesday, Thursday or Friday. \n\nHere are the existing schedules for everyone during the days: \nElizabeth is busy on Monday during 9:30 to 10:00, 10:30 to 14:00, 14:30 to 15:00, 16:00 to 16:30, Tuesday during 12:00 to 13:00, Wednesday during 10:00 to 10:30, 11:00 to 11:30, 12:00 to 12:30, 14:30 to 16:00, Thursday during 10:00 to 11:00, 11:30 to 12:30, 15:00 to 15:30, Friday during 9:30 to 10:30, 11:30 to 12:00, 12:30 to 13:00, 14:30 to 16:00; \nVincent has blocked their calendar on Monday during 9:00 to 12:00, 12:30 to 17:00, Tuesday during 9:00 to 11:00, 11:30 to 12:00, 12:30 to 15:00, 15:30 to 17:00, Wednesday during 9:00 to 15:30, 16:00 to 17:00, Thursday during 9:00 to 10:30, 11:00 to 13:00, 14:00 to 17:00, Friday during 9:00 to 17:00; \n\nYou would like to schedule the meeting at their earlist availability.\nFind a time that works for everyone's schedule and constraints. \nSOLUTION: Here is the proposed time: Tuesday, 11:00 - 11:30 \n\nTASK: You need to schedule a meeting for Bobby and Peter for half an hour between the work hours of 9:00 to 17:00 on either Monday, Tuesday, Wednesday, Thursday or Friday. \n\nHere are the existing schedules for everyone during the days: \nBobby is busy on Monday during 11:30 to 12:00, 13:00 to 13:30, 15:00 to 15:30, 16:00 to 16:30, Tuesday during 10:30 to 11:00, 12:30 to 13:30, 14:30 to 15:00, 16:30 to 17:00, Wednesday during 12:00 to 13:00, 15:00 to 15:30, Thursday during 10:00 to 10:30, 11:30 to 12:00, 13:30 to 14:00, Friday during 14:30 to 15:00; \nPeter is busy on Monday during 9:00 to 13:00, 13:30 to 17:00, Tuesday during 9:00 to 14:30, 15:30 to 17:00, Wednesday during 9:00 to 17:00, Thursday during 9:00 to 11:00, 11:30 to 12:30, 13:00 to 17:00, Friday during 9:00 to 12:30, 13:00 to 15:00, 15:30 to 16:30; \n\nBobby would like to avoid more meetings on Friday. Peter would rather not meet on Thursday. Find a time that works for everyone's schedule and constraints. \nSOLUTION: Here is the proposed time: Tuesday, 15:00 - 15:30 \n\nTASK: You need to schedule a meeting for Jacqueline and Joshua for one hour between the work hours of 9:00 to 17:00 on either Monday, Tuesday, Wednesday, Thursday or Friday. \n\nHere are the existing schedules for everyone during the days: \nJacqueline has blocked their calendar on Monday during 12:30 to 13:00, Wednesday during 9:30 to 10:00, 11:30 to 12:00, 13:00 to 14:00, 16:00 to 16:30, Thursday during 9:00 to 9:30, 11:30 to 12:00, 12:30 to 13:00, Friday during 10:00 to 11:30; \nJoshua has blocked their calendar on Monday during 9:30 to 10:00, 11:00 to 11:30, 12:00 to 12:30, 14:00 to 14:30, 16:00 to 17:00, Tuesday during 13:00 to 16:00, Wednesday during 9:00 to 13:00, 13:30 to 14:00, 14:30 to 15:30, 16:00 to 17:00, Thursday during 9:00 to 15:00, 15:30 to 17:00, Friday during 9:00 to 10:00, 11:00 to 12:00, 12:30 to 16:30; \n\nJoshua can not meet on Monday before 14:00. Tuesday. Find a time that works for everyone's schedule and constraints. \nSOLUTION: Here is the proposed time: Monday, 14:30 - 15:30 \n\nTASK: You need to schedule a meeting for Donald and Joshua for one hour between the work hours of 9:00 to 17:00 on either Monday, Tuesday, Wednesday, Thursday or Friday. \n\nHere are the existing schedules for everyone during the days: \nDonald has blocked their calendar on Monday during 9:00 to 9:30, 15:00 to 15:30, Tuesday during 10:00 to 11:00, 15:30 to 16:30, Wednesday during 10:00 to 10:30, 11:30 to 12:00, 15:00 to 15:30, Thursday during 9:00 to 9:30, 11:00 to 11:30, 12:30 to 13:00, Friday during 11:00 to 11:30, 14:30 to 15:00; \nJoshua has blocked their calendar on Monday during 9:00 to 11:30, 12:00 to 14:00, 14:30 to 15:00, 15:30 to 17:00, Tuesday during 9:00 to 12:30, 13:00 to 13:30, 14:00 to 16:30, Wednesday during 9:00 to 9:30, 10:30 to 11:00, 11:30 to 13:00, 13:30 to 14:00, 15:00 to 16:00, 16:30 to 17:00, Thursday during 9:00 to 16:30, Friday during 9:00 to 17:00; \n\nFind a time that works for everyone's schedule and constraints. \nSOLUTION: Here is the proposed time: Wednesday, 14:00 - 15:00 \n\nTASK: You need to schedule a meeting for Joseph and Gary for half an hour between the work hours of 9:00 to 17:00 on either Monday, Tuesday, Wednesday, Thursday or Friday. \n\nHere are the existing schedules for everyone during the days: \nJoseph has blocked their calendar on Tuesday during 9:00 to 9:30, Thursday during 9:30 to 10:00; \nGary has meetings on Monday during 9:00 to 9:30, 10:00 to 10:30, 11:00 to 15:00, 15:30 to 17:00, Tuesday during 9:00 to 13:00, 13:30 to 14:30, 15:30 to 17:00, Wednesday during 9:00 to 9:30, 10:00 to 13:00, 13:30 to 17:00, Thursday during 9:00 to 9:30, 10:30 to 13:00, 13:30 to 17:00, Friday during 9:00 to 14:30, 15:00 to 17:00; \n\nJoseph would rather not meet on Monday. Tuesday. Thursday. Gary do not want to meet on Wednesday. Find a time that works for everyone's schedule and constraints. \nSOLUTION: "", 'golden_plan': 'Here is the proposed time: Friday, 14:30 - 15:00 ', 'pred_5shot_pro': 'Here is the proposed time: Friday, 14:30 - 15:00 \n', 'prompt_0shot': ""You are an expert at scheduling meetings. You are given a few constraints on the existing schedule of each participant, the meeting duration, and possibly some preferences on the meeting time. Note there exists a solution that works with existing schedule of every participant. Here are a few example tasks and solutions:\n\nTASK: You need to schedule a meeting for Joseph and Gary for half an hour between the work hours of 9:00 to 17:00 on either Monday, Tuesday, Wednesday, Thursday or Friday. \n\nHere are the existing schedules for everyone during the days: \nJoseph has blocked their calendar on Tuesday during 9:00 to 9:30, Thursday during 9:30 to 10:00; \nGary has meetings on Monday during 9:00 to 9:30, 10:00 to 10:30, 11:00 to 15:00, 15:30 to 17:00, Tuesday during 9:00 to 13:00, 13:30 to 14:30, 15:30 to 17:00, Wednesday during 9:00 to 9:30, 10:00 to 13:00, 13:30 to 17:00, Thursday during 9:00 to 9:30, 10:30 to 13:00, 13:30 to 17:00, Friday during 9:00 to 14:30, 15:00 to 17:00; \n\nJoseph would rather not meet on Monday. Tuesday. Thursday. Gary do not want to meet on Wednesday. Find a time that works for everyone's schedule and constraints. \nSOLUTION: ""}",False,,,,,react
calendar_scheduling_example_419,**exception raised**: No choices returned from LiteLLM,"{'num_people': '7', 'num_days': '1', 'duration': '0.5', 'prompt_5shot': ""You are an expert at scheduling meetings. You are given a few constraints on the existing schedule of each participant, the meeting duration, and possibly some preferences on the meeting time. Note there exists a solution that works with existing schedule of every participant. Here are a few example tasks and solutions:\n\nTASK: You need to schedule a meeting for Dennis, Karen, Ashley, Rebecca, Bradley, Vincent and Bryan for half an hour between the work hours of 9:00 to 17:00 on Monday. \n\nHere are the existing schedules for everyone during the day: \nDennis has blocked their calendar on Monday during 15:30 to 16:00, 16:30 to 17:00; \nKaren is free the entire day.\nAshley is busy on Monday during 10:30 to 11:00, 14:00 to 15:00, 15:30 to 16:00; \nRebecca has meetings on Monday during 13:00 to 14:00; \nBradley has blocked their calendar on Monday during 9:00 to 11:00, 12:00 to 17:00; \nVincent has blocked their calendar on Monday during 10:00 to 11:30, 12:00 to 14:00, 14:30 to 15:00; \nBryan has blocked their calendar on Monday during 9:00 to 10:00, 10:30 to 11:30, 12:00 to 12:30, 14:00 to 15:00, 15:30 to 16:00; \n\nFind a time that works for everyone's schedule and constraints. \nSOLUTION: Here is the proposed time: Monday, 11:30 - 12:00 \n\nTASK: You need to schedule a meeting for Jerry, Abigail, Charlotte, Jessica, Sarah, Carol and Joan for half an hour between the work hours of 9:00 to 17:00 on Monday. \n\nHere are the existing schedules for everyone during the day: \nJerry is busy on Monday during 10:30 to 11:00, 11:30 to 12:00, 13:00 to 13:30, 14:30 to 15:00; \nAbigail is busy on Monday during 9:00 to 9:30, 11:00 to 11:30, 13:00 to 13:30, 14:30 to 15:00, 15:30 to 16:30; \nCharlotte has meetings on Monday during 12:00 to 12:30, 15:00 to 15:30, 16:00 to 17:00; \nJessica's calendar is wide open the entire day.\nSarah is busy on Monday during 10:30 to 11:30, 13:00 to 13:30, 14:30 to 17:00; \nCarol has meetings on Monday during 9:00 to 10:00, 10:30 to 15:30, 16:00 to 17:00; \nJoan has blocked their calendar on Monday during 10:30 to 13:00, 13:30 to 14:00, 15:00 to 17:00; \n\nFind a time that works for everyone's schedule and constraints. \nSOLUTION: Here is the proposed time: Monday, 10:00 - 10:30 \n\nTASK: You need to schedule a meeting for Martha, Julia, Zachary, Joseph, Joshua, Arthur and Frances for half an hour between the work hours of 9:00 to 17:00 on Monday. \n\nHere are the existing schedules for everyone during the day: \nMarthahas no meetings the whole day.\nJulia has blocked their calendar on Monday during 11:00 to 11:30, 12:30 to 13:00, 13:30 to 14:00, 16:30 to 17:00; \nZachary has blocked their calendar on Monday during 13:30 to 14:00, 15:00 to 15:30; \nJoseph has blocked their calendar on Monday during 9:00 to 9:30, 10:00 to 10:30, 12:00 to 13:00, 14:30 to 15:30; \nJoshua has blocked their calendar on Monday during 9:00 to 9:30, 10:00 to 10:30, 11:30 to 12:30, 13:00 to 14:00, 15:30 to 16:30; \nArthur has meetings on Monday during 9:00 to 9:30, 11:00 to 12:00, 13:00 to 14:30, 16:00 to 17:00; \nFrances has meetings on Monday during 10:30 to 13:30, 15:00 to 15:30, 16:00 to 16:30; \n\nFind a time that works for everyone's schedule and constraints. \nSOLUTION: Here is the proposed time: Monday, 9:30 - 10:00 \n\nTASK: You need to schedule a meeting for Angela, Timothy, Julie, Emma, Madison, Daniel and Kimberly for half an hour between the work hours of 9:00 to 17:00 on Monday. \n\nHere are the existing schedules for everyone during the day: \nAngela has meetings on Monday during 10:30 to 11:00, 14:30 to 15:00; \nTimothy is free the entire day.\nJulie is busy on Monday during 14:00 to 14:30, 15:00 to 15:30; \nEmma has meetings on Monday during 12:30 to 13:30; \nMadison has meetings on Monday during 9:30 to 10:30, 11:30 to 12:30, 13:30 to 14:00, 14:30 to 15:00, 15:30 to 16:30; \nDaniel is busy on Monday during 10:00 to 14:00, 14:30 to 15:30, 16:00 to 17:00; \nKimberly has meetings on Monday during 10:00 to 10:30, 11:00 to 14:00, 14:30 to 17:00; \n\nFind a time that works for everyone's schedule and constraints. \nSOLUTION: Here is the proposed time: Monday, 9:00 - 9:30 \n\nTASK: You need to schedule a meeting for William, Ronald, Elizabeth, Justin, Gregory, Philip and Evelyn for half an hour between the work hours of 9:00 to 17:00 on Monday. \n\nHere are the existing schedules for everyone during the day: \nWilliam is busy on Monday during 10:00 to 10:30, 12:30 to 13:00, 16:00 to 17:00; \nRonaldhas no meetings the whole day.\nElizabeth is busy on Monday during 9:00 to 10:00, 12:30 to 13:00, 14:30 to 15:00; \nJustin is busy on Monday during 12:00 to 12:30, 14:00 to 14:30; \nGregory has blocked their calendar on Monday during 10:00 to 10:30, 12:00 to 13:30, 14:00 to 15:00, 15:30 to 16:30; \nPhilip has blocked their calendar on Monday during 9:00 to 11:00, 12:30 to 13:30, 15:00 to 15:30, 16:00 to 16:30; \nEvelyn has blocked their calendar on Monday during 9:00 to 11:00, 11:30 to 13:30, 14:00 to 17:00; \n\nJustin do not want to meet on Monday after 13:30. Find a time that works for everyone's schedule and constraints. \nSOLUTION: Here is the proposed time: Monday, 11:00 - 11:30 \n\nTASK: You need to schedule a meeting for Shirley, Mary, Doris, Daniel, Madison, Albert and Stephanie for half an hour between the work hours of 9:00 to 17:00 on Monday. \n\nHere are the existing schedules for everyone during the day: \nShirleyhas no meetings the whole day.\nMary is busy on Monday during 16:00 to 17:00; \nDoris is busy on Monday during 10:30 to 11:30, 12:00 to 12:30, 15:00 to 16:30; \nDaniel has blocked their calendar on Monday during 9:00 to 9:30, 10:00 to 11:30, 12:00 to 12:30, 16:00 to 16:30; \nMadison is busy on Monday during 9:00 to 9:30, 10:00 to 12:30, 13:00 to 13:30, 14:30 to 15:00, 15:30 to 16:00, 16:30 to 17:00; \nAlbert has blocked their calendar on Monday during 10:00 to 11:00, 11:30 to 12:00, 12:30 to 13:00, 14:30 to 15:00, 15:30 to 17:00; \nStephanie has blocked their calendar on Monday during 9:30 to 11:30, 12:00 to 12:30, 13:00 to 13:30, 14:00 to 15:00; \n\nFind a time that works for everyone's schedule and constraints. \nSOLUTION: "", 'golden_plan': 'Here is the proposed time: Monday, 13:30 - 14:00 ', 'pred_5shot_pro': 'Here is the proposed time: Monday, 13:30 - 14:00 \n', 'prompt_0shot': ""You are an expert at scheduling meetings. You are given a few constraints on the existing schedule of each participant, the meeting duration, and possibly some preferences on the meeting time. Note there exists a solution that works with existing schedule of every participant. Here are a few example tasks and solutions:\n\nTASK: You need to schedule a meeting for Shirley, Mary, Doris, Daniel, Madison, Albert and Stephanie for half an hour between the work hours of 9:00 to 17:00 on Monday. \n\nHere are the existing schedules for everyone during the day: \nShirleyhas no meetings the whole day.\nMary is busy on Monday during 16:00 to 17:00; \nDoris is busy on Monday during 10:30 to 11:30, 12:00 to 12:30, 15:00 to 16:30; \nDaniel has blocked their calendar on Monday during 9:00 to 9:30, 10:00 to 11:30, 12:00 to 12:30, 16:00 to 16:30; \nMadison is busy on Monday during 9:00 to 9:30, 10:00 to 12:30, 13:00 to 13:30, 14:30 to 15:00, 15:30 to 16:00, 16:30 to 17:00; \nAlbert has blocked their calendar on Monday during 10:00 to 11:00, 11:30 to 12:00, 12:30 to 13:00, 14:30 to 15:00, 15:30 to 17:00; \nStephanie has blocked their calendar on Monday during 9:30 to 11:30, 12:00 to 12:30, 13:00 to 13:30, 14:00 to 15:00; \n\nFind a time that works for everyone's schedule and constraints. \nSOLUTION: ""}",False,,,,,react
calendar_scheduling_example_231,"Here is the proposed time: Monday, 10:30 - 11:00","{'num_people': '5', 'num_days': '1', 'duration': '0.5', 'prompt_5shot': ""You are an expert at scheduling meetings. You are given a few constraints on the existing schedule of each participant, the meeting duration, and possibly some preferences on the meeting time. Note there exists a solution that works with existing schedule of every participant. Here are a few example tasks and solutions:\n\nTASK: You need to schedule a meeting for George, Steven, Aaron, Patrick and Cynthia for half an hour between the work hours of 9:00 to 17:00 on Monday. \n\nHere are the existing schedules for everyone during the day: \nGeorgehas no meetings the whole day.\nSteven is free the entire day.\nAaron has blocked their calendar on Monday during 9:00 to 10:00, 11:30 to 12:00, 15:30 to 17:00; \nPatrick has blocked their calendar on Monday during 9:00 to 9:30, 10:00 to 11:00, 11:30 to 12:00, 12:30 to 14:00, 15:00 to 15:30; \nCynthia is busy on Monday during 9:00 to 9:30, 10:30 to 11:30, 12:30 to 14:30, 15:00 to 16:30; \n\nAaron can not meet on Monday after 12:30. Find a time that works for everyone's schedule and constraints. \nSOLUTION: Here is the proposed time: Monday, 12:00 - 12:30 \n\nTASK: You need to schedule a meeting for Elizabeth, Eugene, Nancy, Justin and Roy for half an hour between the work hours of 9:00 to 17:00 on Monday. \n\nHere are the existing schedules for everyone during the day: \nElizabeth's calendar is wide open the entire day.\nEugene has blocked their calendar on Monday during 12:00 to 12:30, 13:30 to 14:00, 15:00 to 16:00; \nNancy has meetings on Monday during 10:30 to 11:00, 12:00 to 13:00, 14:00 to 14:30, 15:00 to 16:00; \nJustin has meetings on Monday during 9:30 to 10:00, 10:30 to 11:30, 12:00 to 12:30, 13:00 to 13:30, 14:30 to 17:00; \nRoy is busy on Monday during 10:00 to 11:00, 11:30 to 12:30, 13:30 to 14:00, 14:30 to 16:00; \n\nFind a time that works for everyone's schedule and constraints. \nSOLUTION: Here is the proposed time: Monday, 9:00 - 9:30 \n\nTASK: You need to schedule a meeting for Mason, Linda, Barbara, Roger and Lisa for half an hour between the work hours of 9:00 to 17:00 on Monday. \n\nHere are the existing schedules for everyone during the day: \nMasonhas no meetings the whole day.\nLinda is busy on Monday during 9:30 to 11:00, 12:00 to 12:30, 13:00 to 13:30, 16:30 to 17:00; \nBarbara has blocked their calendar on Monday during 9:00 to 9:30, 12:00 to 13:00, 15:30 to 16:00; \nRoger has meetings on Monday during 9:00 to 9:30, 13:00 to 14:30, 15:00 to 17:00; \nLisa has blocked their calendar on Monday during 9:00 to 10:00, 10:30 to 11:30, 12:00 to 12:30, 13:00 to 14:30, 15:00 to 17:00; \n\nMason would rather not meet on Monday after 13:30. Find a time that works for everyone's schedule and constraints. \nSOLUTION: Here is the proposed time: Monday, 11:30 - 12:00 \n\nTASK: You need to schedule a meeting for Thomas, Olivia, Doris, Amber and Ronald for half an hour between the work hours of 9:00 to 17:00 on Monday. \n\nHere are the existing schedules for everyone during the day: \nThomas has meetings on Monday during 12:00 to 12:30, 16:30 to 17:00; \nOlivia has blocked their calendar on Monday during 10:30 to 11:30, 13:00 to 14:00, 16:00 to 17:00; \nDoris is busy on Monday during 13:30 to 14:00, 16:30 to 17:00; \nAmber is busy on Monday during 10:00 to 10:30, 12:00 to 13:00, 14:00 to 15:00, 15:30 to 17:00; \nRonald has meetings on Monday during 9:30 to 11:30, 12:00 to 13:00, 13:30 to 14:00, 15:00 to 15:30; \n\nRonald would rather not meet on Monday before 11:30. Find a time that works for everyone's schedule and constraints. \nSOLUTION: Here is the proposed time: Monday, 11:30 - 12:00 \n\nTASK: You need to schedule a meeting for Patrick, Kathleen, Frank, Patricia and Carolyn for half an hour between the work hours of 9:00 to 17:00 on Monday. \n\nHere are the existing schedules for everyone during the day: \nPatrick is free the entire day.\nKathleen has meetings on Monday during 9:30 to 10:00, 15:00 to 15:30; \nFrank has blocked their calendar on Monday during 11:00 to 11:30, 15:30 to 17:00; \nPatricia is busy on Monday during 9:00 to 12:00, 14:30 to 15:00, 16:00 to 16:30; \nCarolyn has meetings on Monday during 9:00 to 9:30, 11:00 to 12:30, 13:00 to 17:00; \n\nFind a time that works for everyone's schedule and constraints. \nSOLUTION: Here is the proposed time: Monday, 12:30 - 13:00 \n\nTASK: You need to schedule a meeting for Betty, Olivia, Brandon, Lori and Rachel for half an hour between the work hours of 9:00 to 17:00 on Monday. \n\nHere are the existing schedules for everyone during the day: \nBetty is busy on Monday during 10:00 to 10:30, 12:30 to 13:00, 16:00 to 17:00; \nOliviahas no meetings the whole day.\nBrandon is busy on Monday during 11:30 to 12:00, 14:00 to 14:30, 15:00 to 15:30, 16:00 to 16:30; \nLori is busy on Monday during 9:30 to 10:00, 11:00 to 12:30, 13:00 to 15:00; \nRachel has blocked their calendar on Monday during 9:00 to 10:30, 11:00 to 11:30, 12:00 to 12:30, 13:00 to 13:30, 15:00 to 17:00; \n\nFind a time that works for everyone's schedule and constraints. \nSOLUTION: "", 'golden_plan': 'Here is the proposed time: Monday, 10:30 - 11:00 ', 'pred_5shot_pro': ""Here is the proposed time: **Monday, 10:30 - 11:00** \n\nLet's break down why this works:\n\n* **Betty:** Free during this time.\n* **Olivia:** Free all day.\n* **Brandon:** Free during this time.\n* **Lori:** Her meeting ends at 12:30, leaving her free at 10:30.\n* **Rachel:**  Her meeting ends at 10:30, leaving her free at 10:30. \n"", 'prompt_0shot': ""You are an expert at scheduling meetings. You are given a few constraints on the existing schedule of each participant, the meeting duration, and possibly some preferences on the meeting time. Note there exists a solution that works with existing schedule of every participant. Here are a few example tasks and solutions:\n\nTASK: You need to schedule a meeting for Betty, Olivia, Brandon, Lori and Rachel for half an hour between the work hours of 9:00 to 17:00 on Monday. \n\nHere are the existing schedules for everyone during the day: \nBetty is busy on Monday during 10:00 to 10:30, 12:30 to 13:00, 16:00 to 17:00; \nOliviahas no meetings the whole day.\nBrandon is busy on Monday during 11:30 to 12:00, 14:00 to 14:30, 15:00 to 15:30, 16:00 to 16:30; \nLori is busy on Monday during 9:30 to 10:00, 11:00 to 12:30, 13:00 to 15:00; \nRachel has blocked their calendar on Monday during 9:00 to 10:30, 11:00 to 11:30, 12:00 to 12:30, 13:00 to 13:30, 15:00 to 17:00; \n\nFind a time that works for everyone's schedule and constraints. \nSOLUTION: ""}",True,10656.0,1572.0,18.295756816864014,0.0016944,react
calendar_scheduling_example_361,"Here is the proposed time: Monday, 14:00 - 14:30
","{'num_people': '6', 'num_days': '1', 'duration': '0.5', 'prompt_5shot': ""You are an expert at scheduling meetings. You are given a few constraints on the existing schedule of each participant, the meeting duration, and possibly some preferences on the meeting time. Note there exists a solution that works with existing schedule of every participant. Here are a few example tasks and solutions:\n\nTASK: You need to schedule a meeting for Gabriel, Brandon, Janet, Maria, Joshua and Victoria for half an hour between the work hours of 9:00 to 17:00 on Monday. \n\nHere are the existing schedules for everyone during the day: \nGabrielhas no meetings the whole day.\nBrandon's calendar is wide open the entire day.\nJanet is busy on Monday during 9:30 to 10:00, 13:00 to 13:30; \nMaria has meetings on Monday during 10:00 to 12:00, 13:30 to 14:00, 14:30 to 15:00, 16:00 to 17:00; \nJoshua has meetings on Monday during 9:30 to 10:00, 10:30 to 11:30, 12:30 to 14:00, 14:30 to 15:30; \nVictoria has blocked their calendar on Monday during 9:30 to 10:30, 12:00 to 13:30, 14:30 to 15:00, 15:30 to 16:30; \n\nMaria would like to avoid more meetings on Monday after 14:00. Find a time that works for everyone's schedule and constraints. \nSOLUTION: Here is the proposed time: Monday, 9:00 - 9:30 \n\nTASK: You need to schedule a meeting for Jeffrey, Samantha, Abigail, Amanda, Jordan and Samuel for half an hour between the work hours of 9:00 to 17:00 on Monday. \n\nHere are the existing schedules for everyone during the day: \nJeffrey has meetings on Monday during 10:00 to 11:00, 12:00 to 14:00; \nSamantha is busy on Monday during 9:30 to 10:00, 13:00 to 13:30, 14:00 to 14:30, 15:00 to 15:30, 16:00 to 17:00; \nAbigail has blocked their calendar on Monday during 9:00 to 10:00, 11:30 to 12:00, 16:00 to 16:30; \nAmanda has blocked their calendar on Monday during 9:30 to 15:30, 16:00 to 17:00; \nJordan has meetings on Monday during 9:30 to 10:00, 11:00 to 14:00, 14:30 to 15:30, 16:30 to 17:00; \nSamuel is busy on Monday during 9:00 to 9:30, 10:00 to 13:30, 14:30 to 15:30, 16:00 to 17:00; \n\nFind a time that works for everyone's schedule and constraints. \nSOLUTION: Here is the proposed time: Monday, 15:30 - 16:00 \n\nTASK: You need to schedule a meeting for Janice, Melissa, Helen, Kelly, Catherine and Jordan for half an hour between the work hours of 9:00 to 17:00 on Monday. \n\nHere are the existing schedules for everyone during the day: \nJanice has blocked their calendar on Monday during 10:30 to 11:00, 11:30 to 12:00, 13:00 to 13:30, 14:30 to 15:00, 15:30 to 16:00, 16:30 to 17:00; \nMelissahas no meetings the whole day.\nHelen is busy on Monday during 9:30 to 10:00, 11:30 to 12:00, 15:30 to 16:00, 16:30 to 17:00; \nKelly is busy on Monday during 9:00 to 9:30, 10:00 to 11:00, 11:30 to 17:00; \nCatherine is busy on Monday during 9:00 to 9:30, 10:00 to 10:30, 11:30 to 14:00, 15:30 to 16:00; \nJordan has meetings on Monday during 9:00 to 11:00, 11:30 to 15:00, 15:30 to 17:00; \n\nFind a time that works for everyone's schedule and constraints. \nSOLUTION: Here is the proposed time: Monday, 11:00 - 11:30 \n\nTASK: You need to schedule a meeting for Maria, Joshua, Julia, Gloria, Amy and Judith for half an hour between the work hours of 9:00 to 17:00 on Monday. \n\nHere are the existing schedules for everyone during the day: \nMaria is busy on Monday during 9:30 to 10:00, 10:30 to 11:00, 14:30 to 15:00, 16:30 to 17:00; \nJoshua is busy on Monday during 9:30 to 10:00, 11:00 to 11:30; \nJulia has meetings on Monday during 9:30 to 10:00, 10:30 to 11:00, 11:30 to 12:00, 14:30 to 15:30, 16:00 to 16:30; \nGloria has meetings on Monday during 11:00 to 12:00, 12:30 to 14:00, 14:30 to 17:00; \nAmy has meetings on Monday during 10:30 to 11:00, 11:30 to 12:30, 13:00 to 15:00, 16:30 to 17:00; \nJudith is busy on Monday during 9:30 to 11:00, 11:30 to 12:00, 13:00 to 14:30, 15:00 to 15:30, 16:00 to 17:00; \n\nFind a time that works for everyone's schedule and constraints. \nSOLUTION: Here is the proposed time: Monday, 9:00 - 9:30 \n\nTASK: You need to schedule a meeting for Kimberly, Adam, Terry, Judy, Scott and Elijah for half an hour between the work hours of 9:00 to 17:00 on Monday. \n\nHere are the existing schedules for everyone during the day: \nKimberly has meetings on Monday during 10:00 to 10:30, 15:00 to 15:30; \nAdam has meetings on Monday during 11:30 to 12:00, 12:30 to 13:00; \nTerry has meetings on Monday during 11:30 to 12:30; \nJudy is busy on Monday during 9:00 to 11:00, 12:00 to 13:30, 15:30 to 16:00; \nScott has meetings on Monday during 9:30 to 10:00, 11:00 to 12:00, 12:30 to 13:30, 14:00 to 14:30, 15:00 to 15:30, 16:00 to 16:30; \nElijah has meetings on Monday during 11:00 to 13:30, 14:00 to 16:00, 16:30 to 17:00; \n\nFind a time that works for everyone's schedule and constraints. \nSOLUTION: Here is the proposed time: Monday, 13:30 - 14:00 \n\nTASK: You need to schedule a meeting for Kenneth, Melissa, Joan, Emily, Brandon and Christopher for half an hour between the work hours of 9:00 to 17:00 on Monday. \n\nHere are the existing schedules for everyone during the day: \nKennethhas no meetings the whole day.\nMelissa's calendar is wide open the entire day.\nJoan has blocked their calendar on Monday during 10:00 to 11:00, 12:30 to 13:30, 15:00 to 15:30, 16:30 to 17:00; \nEmily is busy on Monday during 10:00 to 11:00, 12:30 to 14:00, 15:00 to 15:30, 16:00 to 17:00; \nBrandon is busy on Monday during 9:30 to 10:30, 11:00 to 11:30, 12:30 to 14:00, 14:30 to 15:00, 15:30 to 17:00; \nChristopher is busy on Monday during 11:30 to 14:00, 14:30 to 15:00, 15:30 to 16:00, 16:30 to 17:00; \n\nEmily can not meet on Monday before 9:30. Find a time that works for everyone's schedule and constraints. \nSOLUTION: "", 'golden_plan': 'Here is the proposed time: Monday, 14:00 - 14:30 ', 'pred_5shot_pro': 'Here is the proposed time: Monday, 9:00 - 9:30 \n', 'prompt_0shot': ""You are an expert at scheduling meetings. You are given a few constraints on the existing schedule of each participant, the meeting duration, and possibly some preferences on the meeting time. Note there exists a solution that works with existing schedule of every participant. Here are a few example tasks and solutions:\n\nTASK: You need to schedule a meeting for Kenneth, Melissa, Joan, Emily, Brandon and Christopher for half an hour between the work hours of 9:00 to 17:00 on Monday. \n\nHere are the existing schedules for everyone during the day: \nKennethhas no meetings the whole day.\nMelissa's calendar is wide open the entire day.\nJoan has blocked their calendar on Monday during 10:00 to 11:00, 12:30 to 13:30, 15:00 to 15:30, 16:30 to 17:00; \nEmily is busy on Monday during 10:00 to 11:00, 12:30 to 14:00, 15:00 to 15:30, 16:00 to 17:00; \nBrandon is busy on Monday during 9:30 to 10:30, 11:00 to 11:30, 12:30 to 14:00, 14:30 to 15:00, 15:30 to 17:00; \nChristopher is busy on Monday during 11:30 to 14:00, 14:30 to 15:00, 15:30 to 16:00, 16:30 to 17:00; \n\nEmily can not meet on Monday before 9:30. Find a time that works for everyone's schedule and constraints. \nSOLUTION: ""}",True,17262.0,1427.0,14.6640784740448,0.002297,react
calendar_scheduling_example_226,"Here is the proposed time: Monday, 12:30 - 13:00
","{'num_people': '5', 'num_days': '1', 'duration': '0.5', 'prompt_5shot': ""You are an expert at scheduling meetings. You are given a few constraints on the existing schedule of each participant, the meeting duration, and possibly some preferences on the meeting time. Note there exists a solution that works with existing schedule of every participant. Here are a few example tasks and solutions:\n\nTASK: You need to schedule a meeting for George, Steven, Aaron, Patrick and Cynthia for half an hour between the work hours of 9:00 to 17:00 on Monday. \n\nHere are the existing schedules for everyone during the day: \nGeorgehas no meetings the whole day.\nSteven is free the entire day.\nAaron has blocked their calendar on Monday during 9:00 to 10:00, 11:30 to 12:00, 15:30 to 17:00; \nPatrick has blocked their calendar on Monday during 9:00 to 9:30, 10:00 to 11:00, 11:30 to 12:00, 12:30 to 14:00, 15:00 to 15:30; \nCynthia is busy on Monday during 9:00 to 9:30, 10:30 to 11:30, 12:30 to 14:30, 15:00 to 16:30; \n\nAaron can not meet on Monday after 12:30. Find a time that works for everyone's schedule and constraints. \nSOLUTION: Here is the proposed time: Monday, 12:00 - 12:30 \n\nTASK: You need to schedule a meeting for Elizabeth, Eugene, Nancy, Justin and Roy for half an hour between the work hours of 9:00 to 17:00 on Monday. \n\nHere are the existing schedules for everyone during the day: \nElizabeth's calendar is wide open the entire day.\nEugene has blocked their calendar on Monday during 12:00 to 12:30, 13:30 to 14:00, 15:00 to 16:00; \nNancy has meetings on Monday during 10:30 to 11:00, 12:00 to 13:00, 14:00 to 14:30, 15:00 to 16:00; \nJustin has meetings on Monday during 9:30 to 10:00, 10:30 to 11:30, 12:00 to 12:30, 13:00 to 13:30, 14:30 to 17:00; \nRoy is busy on Monday during 10:00 to 11:00, 11:30 to 12:30, 13:30 to 14:00, 14:30 to 16:00; \n\nFind a time that works for everyone's schedule and constraints. \nSOLUTION: Here is the proposed time: Monday, 9:00 - 9:30 \n\nTASK: You need to schedule a meeting for Mason, Linda, Barbara, Roger and Lisa for half an hour between the work hours of 9:00 to 17:00 on Monday. \n\nHere are the existing schedules for everyone during the day: \nMasonhas no meetings the whole day.\nLinda is busy on Monday during 9:30 to 11:00, 12:00 to 12:30, 13:00 to 13:30, 16:30 to 17:00; \nBarbara has blocked their calendar on Monday during 9:00 to 9:30, 12:00 to 13:00, 15:30 to 16:00; \nRoger has meetings on Monday during 9:00 to 9:30, 13:00 to 14:30, 15:00 to 17:00; \nLisa has blocked their calendar on Monday during 9:00 to 10:00, 10:30 to 11:30, 12:00 to 12:30, 13:00 to 14:30, 15:00 to 17:00; \n\nMason would rather not meet on Monday after 13:30. Find a time that works for everyone's schedule and constraints. \nSOLUTION: Here is the proposed time: Monday, 11:30 - 12:00 \n\nTASK: You need to schedule a meeting for Thomas, Olivia, Doris, Amber and Ronald for half an hour between the work hours of 9:00 to 17:00 on Monday. \n\nHere are the existing schedules for everyone during the day: \nThomas has meetings on Monday during 12:00 to 12:30, 16:30 to 17:00; \nOlivia has blocked their calendar on Monday during 10:30 to 11:30, 13:00 to 14:00, 16:00 to 17:00; \nDoris is busy on Monday during 13:30 to 14:00, 16:30 to 17:00; \nAmber is busy on Monday during 10:00 to 10:30, 12:00 to 13:00, 14:00 to 15:00, 15:30 to 17:00; \nRonald has meetings on Monday during 9:30 to 11:30, 12:00 to 13:00, 13:30 to 14:00, 15:00 to 15:30; \n\nRonald would rather not meet on Monday before 11:30. Find a time that works for everyone's schedule and constraints. \nSOLUTION: Here is the proposed time: Monday, 11:30 - 12:00 \n\nTASK: You need to schedule a meeting for Patrick, Kathleen, Frank, Patricia and Carolyn for half an hour between the work hours of 9:00 to 17:00 on Monday. \n\nHere are the existing schedules for everyone during the day: \nPatrick is free the entire day.\nKathleen has meetings on Monday during 9:30 to 10:00, 15:00 to 15:30; \nFrank has blocked their calendar on Monday during 11:00 to 11:30, 15:30 to 17:00; \nPatricia is busy on Monday during 9:00 to 12:00, 14:30 to 15:00, 16:00 to 16:30; \nCarolyn has meetings on Monday during 9:00 to 9:30, 11:00 to 12:30, 13:00 to 17:00; \n\nFind a time that works for everyone's schedule and constraints. \nSOLUTION: Here is the proposed time: Monday, 12:30 - 13:00 \n\nTASK: You need to schedule a meeting for Maria, Gary, Betty, Charlotte and Jerry for half an hour between the work hours of 9:00 to 17:00 on Monday. \n\nHere are the existing schedules for everyone during the day: \nMaria is busy on Monday during 9:30 to 10:00, 11:00 to 12:00, 15:30 to 16:00; \nGary is busy on Monday during 10:00 to 10:30, 13:00 to 13:30, 14:30 to 15:00, 16:30 to 17:00; \nBettyhas no meetings the whole day.\nCharlotte is busy on Monday during 9:30 to 12:00, 13:00 to 13:30, 14:00 to 14:30, 15:30 to 16:00; \nJerry has blocked their calendar on Monday during 9:30 to 10:00, 10:30 to 12:30, 13:00 to 16:30; \n\nMaria can not meet on Monday before 9:30. Find a time that works for everyone's schedule and constraints. \nSOLUTION: "", 'golden_plan': 'Here is the proposed time: Monday, 12:30 - 13:00 ', 'pred_5shot_pro': ""Here is the proposed time: **Monday, 16:00 - 16:30** \n\nLet's break down why this works:\n\n* **Maria:** Available after her meeting at 15:30-16:00 and before the day ends.\n* **Gary:**  Has a gap between 15:00-16:30 before his final meeting.\n* **Betty:** Free all day.\n* **Charlotte:** Free after her meeting at 15:30-16:00 and before the day ends.\n* **Jerry:** Has a meeting until 16:30, but the 16:00-16:30 slot works. \n"", 'prompt_0shot': ""You are an expert at scheduling meetings. You are given a few constraints on the existing schedule of each participant, the meeting duration, and possibly some preferences on the meeting time. Note there exists a solution that works with existing schedule of every participant. Here are a few example tasks and solutions:\n\nTASK: You need to schedule a meeting for Maria, Gary, Betty, Charlotte and Jerry for half an hour between the work hours of 9:00 to 17:00 on Monday. \n\nHere are the existing schedules for everyone during the day: \nMaria is busy on Monday during 9:30 to 10:00, 11:00 to 12:00, 15:30 to 16:00; \nGary is busy on Monday during 10:00 to 10:30, 13:00 to 13:30, 14:30 to 15:00, 16:30 to 17:00; \nBettyhas no meetings the whole day.\nCharlotte is busy on Monday during 9:30 to 12:00, 13:00 to 13:30, 14:00 to 14:30, 15:30 to 16:00; \nJerry has blocked their calendar on Monday during 9:30 to 10:00, 10:30 to 12:30, 13:00 to 16:30; \n\nMaria can not meet on Monday before 9:30. Find a time that works for everyone's schedule and constraints. \nSOLUTION: ""}",True,4449.0,1201.0,11.270298480987549,0.0009253,react
calendar_scheduling_example_938,**exception raised**: Exceeded maximum retries (2) for output validation,"{'num_people': '2', 'num_days': '5', 'duration': '0.5', 'prompt_5shot': ""You are an expert at scheduling meetings. You are given a few constraints on the existing schedule of each participant, the meeting duration, and possibly some preferences on the meeting time. Note there exists a solution that works with existing schedule of every participant. Here are a few example tasks and solutions:\n\nTASK: You need to schedule a meeting for David and Dorothy for half an hour between the work hours of 9:00 to 17:00 on either Monday, Tuesday, Wednesday, Thursday or Friday. \n\nHere are the existing schedules for everyone during the days: \nDavid is busy on Monday during 9:30 to 10:00, 10:30 to 11:30, 12:30 to 13:30, 14:30 to 15:30, Tuesday during 11:30 to 12:00, 15:00 to 15:30, 16:00 to 16:30, Wednesday during 9:30 to 10:30, 11:00 to 11:30, 14:00 to 14:30, 15:00 to 15:30, Thursday during 10:00 to 11:30, 12:00 to 14:30, 15:00 to 16:00, 16:30 to 17:00, Friday during 9:00 to 9:30, 16:00 to 16:30; \nDorothy has blocked their calendar on Monday during 9:00 to 11:30, 12:30 to 13:00, 13:30 to 17:00, Tuesday during 10:00 to 10:30, 11:00 to 11:30, 13:00 to 14:00, 14:30 to 16:00, 16:30 to 17:00, Wednesday during 9:00 to 13:00, 13:30 to 17:00, Thursday during 9:00 to 10:30, 11:00 to 12:30, 14:00 to 14:30, 15:00 to 16:30, Friday during 10:00 to 11:00, 12:00 to 12:30, 14:30 to 17:00; \n\nDavid do not want to meet on Thursday. Dorothy would like to avoid more meetings on Monday. Friday. The group would like to meet at their earlist availability.\nFind a time that works for everyone's schedule and constraints. \nSOLUTION: Here is the proposed time: Tuesday, 9:00 - 9:30 \n\nTASK: You need to schedule a meeting for Elizabeth and Vincent for half an hour between the work hours of 9:00 to 17:00 on either Monday, Tuesday, Wednesday, Thursday or Friday. \n\nHere are the existing schedules for everyone during the days: \nElizabeth is busy on Monday during 9:30 to 10:00, 10:30 to 14:00, 14:30 to 15:00, 16:00 to 16:30, Tuesday during 12:00 to 13:00, Wednesday during 10:00 to 10:30, 11:00 to 11:30, 12:00 to 12:30, 14:30 to 16:00, Thursday during 10:00 to 11:00, 11:30 to 12:30, 15:00 to 15:30, Friday during 9:30 to 10:30, 11:30 to 12:00, 12:30 to 13:00, 14:30 to 16:00; \nVincent has blocked their calendar on Monday during 9:00 to 12:00, 12:30 to 17:00, Tuesday during 9:00 to 11:00, 11:30 to 12:00, 12:30 to 15:00, 15:30 to 17:00, Wednesday during 9:00 to 15:30, 16:00 to 17:00, Thursday during 9:00 to 10:30, 11:00 to 13:00, 14:00 to 17:00, Friday during 9:00 to 17:00; \n\nYou would like to schedule the meeting at their earlist availability.\nFind a time that works for everyone's schedule and constraints. \nSOLUTION: Here is the proposed time: Tuesday, 11:00 - 11:30 \n\nTASK: You need to schedule a meeting for Bobby and Peter for half an hour between the work hours of 9:00 to 17:00 on either Monday, Tuesday, Wednesday, Thursday or Friday. \n\nHere are the existing schedules for everyone during the days: \nBobby is busy on Monday during 11:30 to 12:00, 13:00 to 13:30, 15:00 to 15:30, 16:00 to 16:30, Tuesday during 10:30 to 11:00, 12:30 to 13:30, 14:30 to 15:00, 16:30 to 17:00, Wednesday during 12:00 to 13:00, 15:00 to 15:30, Thursday during 10:00 to 10:30, 11:30 to 12:00, 13:30 to 14:00, Friday during 14:30 to 15:00; \nPeter is busy on Monday during 9:00 to 13:00, 13:30 to 17:00, Tuesday during 9:00 to 14:30, 15:30 to 17:00, Wednesday during 9:00 to 17:00, Thursday during 9:00 to 11:00, 11:30 to 12:30, 13:00 to 17:00, Friday during 9:00 to 12:30, 13:00 to 15:00, 15:30 to 16:30; \n\nBobby would like to avoid more meetings on Friday. Peter would rather not meet on Thursday. Find a time that works for everyone's schedule and constraints. \nSOLUTION: Here is the proposed time: Tuesday, 15:00 - 15:30 \n\nTASK: You need to schedule a meeting for Jacqueline and Joshua for one hour between the work hours of 9:00 to 17:00 on either Monday, Tuesday, Wednesday, Thursday or Friday. \n\nHere are the existing schedules for everyone during the days: \nJacqueline has blocked their calendar on Monday during 12:30 to 13:00, Wednesday during 9:30 to 10:00, 11:30 to 12:00, 13:00 to 14:00, 16:00 to 16:30, Thursday during 9:00 to 9:30, 11:30 to 12:00, 12:30 to 13:00, Friday during 10:00 to 11:30; \nJoshua has blocked their calendar on Monday during 9:30 to 10:00, 11:00 to 11:30, 12:00 to 12:30, 14:00 to 14:30, 16:00 to 17:00, Tuesday during 13:00 to 16:00, Wednesday during 9:00 to 13:00, 13:30 to 14:00, 14:30 to 15:30, 16:00 to 17:00, Thursday during 9:00 to 15:00, 15:30 to 17:00, Friday during 9:00 to 10:00, 11:00 to 12:00, 12:30 to 16:30; \n\nJoshua can not meet on Monday before 14:00. Tuesday. Find a time that works for everyone's schedule and constraints. \nSOLUTION: Here is the proposed time: Monday, 14:30 - 15:30 \n\nTASK: You need to schedule a meeting for Donald and Joshua for one hour between the work hours of 9:00 to 17:00 on either Monday, Tuesday, Wednesday, Thursday or Friday. \n\nHere are the existing schedules for everyone during the days: \nDonald has blocked their calendar on Monday during 9:00 to 9:30, 15:00 to 15:30, Tuesday during 10:00 to 11:00, 15:30 to 16:30, Wednesday during 10:00 to 10:30, 11:30 to 12:00, 15:00 to 15:30, Thursday during 9:00 to 9:30, 11:00 to 11:30, 12:30 to 13:00, Friday during 11:00 to 11:30, 14:30 to 15:00; \nJoshua has blocked their calendar on Monday during 9:00 to 11:30, 12:00 to 14:00, 14:30 to 15:00, 15:30 to 17:00, Tuesday during 9:00 to 12:30, 13:00 to 13:30, 14:00 to 16:30, Wednesday during 9:00 to 9:30, 10:30 to 11:00, 11:30 to 13:00, 13:30 to 14:00, 15:00 to 16:00, 16:30 to 17:00, Thursday during 9:00 to 16:30, Friday during 9:00 to 17:00; \n\nFind a time that works for everyone's schedule and constraints. \nSOLUTION: Here is the proposed time: Wednesday, 14:00 - 15:00 \n\nTASK: You need to schedule a meeting for Eugene and Eric for half an hour between the work hours of 9:00 to 17:00 on either Monday, Tuesday, Wednesday, Thursday or Friday. \n\nHere are the existing schedules for everyone during the days: \nEugene is busy on Monday during 11:00 to 12:00, 13:30 to 14:00, 14:30 to 15:00, 16:00 to 16:30, Wednesday during 9:00 to 9:30, 11:00 to 11:30, 12:00 to 12:30, 13:30 to 15:00, Thursday during 9:30 to 10:00, 11:00 to 12:30, Friday during 10:30 to 11:00, 12:00 to 12:30, 13:00 to 13:30; \nEric is busy on Monday during 9:00 to 17:00, Tuesday during 9:00 to 17:00, Wednesday during 9:00 to 11:30, 12:00 to 14:00, 14:30 to 16:30, Thursday during 9:00 to 17:00, Friday during 9:00 to 11:00, 11:30 to 17:00; \n\nEric would like to avoid more meetings on Wednesday. Find a time that works for everyone's schedule and constraints. \nSOLUTION: "", 'golden_plan': 'Here is the proposed time: Friday, 11:00 - 11:30 ', 'pred_5shot_pro': 'Here is the proposed time: Friday, 11:00 - 11:30 \n', 'prompt_0shot': ""You are an expert at scheduling meetings. You are given a few constraints on the existing schedule of each participant, the meeting duration, and possibly some preferences on the meeting time. Note there exists a solution that works with existing schedule of every participant. Here are a few example tasks and solutions:\n\nTASK: You need to schedule a meeting for Eugene and Eric for half an hour between the work hours of 9:00 to 17:00 on either Monday, Tuesday, Wednesday, Thursday or Friday. \n\nHere are the existing schedules for everyone during the days: \nEugene is busy on Monday during 11:00 to 12:00, 13:30 to 14:00, 14:30 to 15:00, 16:00 to 16:30, Wednesday during 9:00 to 9:30, 11:00 to 11:30, 12:00 to 12:30, 13:30 to 15:00, Thursday during 9:30 to 10:00, 11:00 to 12:30, Friday during 10:30 to 11:00, 12:00 to 12:30, 13:00 to 13:30; \nEric is busy on Monday during 9:00 to 17:00, Tuesday during 9:00 to 17:00, Wednesday during 9:00 to 11:30, 12:00 to 14:00, 14:30 to 16:30, Thursday during 9:00 to 17:00, Friday during 9:00 to 11:00, 11:30 to 17:00; \n\nEric would like to avoid more meetings on Wednesday. Find a time that works for everyone's schedule and constraints. \nSOLUTION: ""}",False,,,,,react
calendar_scheduling_example_958,"Here is the proposed time: Tuesday, 12:00 - 13:00","{'num_people': '2', 'num_days': '5', 'duration': '1', 'prompt_5shot': ""You are an expert at scheduling meetings. You are given a few constraints on the existing schedule of each participant, the meeting duration, and possibly some preferences on the meeting time. Note there exists a solution that works with existing schedule of every participant. Here are a few example tasks and solutions:\n\nTASK: You need to schedule a meeting for David and Dorothy for half an hour between the work hours of 9:00 to 17:00 on either Monday, Tuesday, Wednesday, Thursday or Friday. \n\nHere are the existing schedules for everyone during the days: \nDavid is busy on Monday during 9:30 to 10:00, 10:30 to 11:30, 12:30 to 13:30, 14:30 to 15:30, Tuesday during 11:30 to 12:00, 15:00 to 15:30, 16:00 to 16:30, Wednesday during 9:30 to 10:30, 11:00 to 11:30, 14:00 to 14:30, 15:00 to 15:30, Thursday during 10:00 to 11:30, 12:00 to 14:30, 15:00 to 16:00, 16:30 to 17:00, Friday during 9:00 to 9:30, 16:00 to 16:30; \nDorothy has blocked their calendar on Monday during 9:00 to 11:30, 12:30 to 13:00, 13:30 to 17:00, Tuesday during 10:00 to 10:30, 11:00 to 11:30, 13:00 to 14:00, 14:30 to 16:00, 16:30 to 17:00, Wednesday during 9:00 to 13:00, 13:30 to 17:00, Thursday during 9:00 to 10:30, 11:00 to 12:30, 14:00 to 14:30, 15:00 to 16:30, Friday during 10:00 to 11:00, 12:00 to 12:30, 14:30 to 17:00; \n\nDavid do not want to meet on Thursday. Dorothy would like to avoid more meetings on Monday. Friday. The group would like to meet at their earlist availability.\nFind a time that works for everyone's schedule and constraints. \nSOLUTION: Here is the proposed time: Tuesday, 9:00 - 9:30 \n\nTASK: You need to schedule a meeting for Elizabeth and Vincent for half an hour between the work hours of 9:00 to 17:00 on either Monday, Tuesday, Wednesday, Thursday or Friday. \n\nHere are the existing schedules for everyone during the days: \nElizabeth is busy on Monday during 9:30 to 10:00, 10:30 to 14:00, 14:30 to 15:00, 16:00 to 16:30, Tuesday during 12:00 to 13:00, Wednesday during 10:00 to 10:30, 11:00 to 11:30, 12:00 to 12:30, 14:30 to 16:00, Thursday during 10:00 to 11:00, 11:30 to 12:30, 15:00 to 15:30, Friday during 9:30 to 10:30, 11:30 to 12:00, 12:30 to 13:00, 14:30 to 16:00; \nVincent has blocked their calendar on Monday during 9:00 to 12:00, 12:30 to 17:00, Tuesday during 9:00 to 11:00, 11:30 to 12:00, 12:30 to 15:00, 15:30 to 17:00, Wednesday during 9:00 to 15:30, 16:00 to 17:00, Thursday during 9:00 to 10:30, 11:00 to 13:00, 14:00 to 17:00, Friday during 9:00 to 17:00; \n\nYou would like to schedule the meeting at their earlist availability.\nFind a time that works for everyone's schedule and constraints. \nSOLUTION: Here is the proposed time: Tuesday, 11:00 - 11:30 \n\nTASK: You need to schedule a meeting for Bobby and Peter for half an hour between the work hours of 9:00 to 17:00 on either Monday, Tuesday, Wednesday, Thursday or Friday. \n\nHere are the existing schedules for everyone during the days: \nBobby is busy on Monday during 11:30 to 12:00, 13:00 to 13:30, 15:00 to 15:30, 16:00 to 16:30, Tuesday during 10:30 to 11:00, 12:30 to 13:30, 14:30 to 15:00, 16:30 to 17:00, Wednesday during 12:00 to 13:00, 15:00 to 15:30, Thursday during 10:00 to 10:30, 11:30 to 12:00, 13:30 to 14:00, Friday during 14:30 to 15:00; \nPeter is busy on Monday during 9:00 to 13:00, 13:30 to 17:00, Tuesday during 9:00 to 14:30, 15:30 to 17:00, Wednesday during 9:00 to 17:00, Thursday during 9:00 to 11:00, 11:30 to 12:30, 13:00 to 17:00, Friday during 9:00 to 12:30, 13:00 to 15:00, 15:30 to 16:30; \n\nBobby would like to avoid more meetings on Friday. Peter would rather not meet on Thursday. Find a time that works for everyone's schedule and constraints. \nSOLUTION: Here is the proposed time: Tuesday, 15:00 - 15:30 \n\nTASK: You need to schedule a meeting for Jacqueline and Joshua for one hour between the work hours of 9:00 to 17:00 on either Monday, Tuesday, Wednesday, Thursday or Friday. \n\nHere are the existing schedules for everyone during the days: \nJacqueline has blocked their calendar on Monday during 12:30 to 13:00, Wednesday during 9:30 to 10:00, 11:30 to 12:00, 13:00 to 14:00, 16:00 to 16:30, Thursday during 9:00 to 9:30, 11:30 to 12:00, 12:30 to 13:00, Friday during 10:00 to 11:30; \nJoshua has blocked their calendar on Monday during 9:30 to 10:00, 11:00 to 11:30, 12:00 to 12:30, 14:00 to 14:30, 16:00 to 17:00, Tuesday during 13:00 to 16:00, Wednesday during 9:00 to 13:00, 13:30 to 14:00, 14:30 to 15:30, 16:00 to 17:00, Thursday during 9:00 to 15:00, 15:30 to 17:00, Friday during 9:00 to 10:00, 11:00 to 12:00, 12:30 to 16:30; \n\nJoshua can not meet on Monday before 14:00. Tuesday. Find a time that works for everyone's schedule and constraints. \nSOLUTION: Here is the proposed time: Monday, 14:30 - 15:30 \n\nTASK: You need to schedule a meeting for Donald and Joshua for one hour between the work hours of 9:00 to 17:00 on either Monday, Tuesday, Wednesday, Thursday or Friday. \n\nHere are the existing schedules for everyone during the days: \nDonald has blocked their calendar on Monday during 9:00 to 9:30, 15:00 to 15:30, Tuesday during 10:00 to 11:00, 15:30 to 16:30, Wednesday during 10:00 to 10:30, 11:30 to 12:00, 15:00 to 15:30, Thursday during 9:00 to 9:30, 11:00 to 11:30, 12:30 to 13:00, Friday during 11:00 to 11:30, 14:30 to 15:00; \nJoshua has blocked their calendar on Monday during 9:00 to 11:30, 12:00 to 14:00, 14:30 to 15:00, 15:30 to 17:00, Tuesday during 9:00 to 12:30, 13:00 to 13:30, 14:00 to 16:30, Wednesday during 9:00 to 9:30, 10:30 to 11:00, 11:30 to 13:00, 13:30 to 14:00, 15:00 to 16:00, 16:30 to 17:00, Thursday during 9:00 to 16:30, Friday during 9:00 to 17:00; \n\nFind a time that works for everyone's schedule and constraints. \nSOLUTION: Here is the proposed time: Wednesday, 14:00 - 15:00 \n\nTASK: You need to schedule a meeting for Gerald and Jeremy for one hour between the work hours of 9:00 to 17:00 on either Monday, Tuesday, Wednesday, Thursday or Friday. \n\nHere are the existing schedules for everyone during the days: \nGerald is busy on Monday during 12:00 to 12:30, Tuesday during 11:30 to 12:00, Thursday during 10:00 to 10:30, Friday during 11:00 to 11:30, 12:00 to 12:30, 14:00 to 14:30; \nJeremy is busy on Monday during 9:00 to 10:30, 11:30 to 12:30, 13:00 to 14:00, 14:30 to 17:00, Tuesday during 9:00 to 10:30, 11:00 to 11:30, 12:00 to 12:30, 13:30 to 14:30, 15:30 to 17:00, Wednesday during 9:00 to 11:30, 12:00 to 14:30, 15:00 to 16:00, Thursday during 9:00 to 11:00, 11:30 to 13:00, 13:30 to 15:00, 15:30 to 17:00, Friday during 9:30 to 12:00, 13:00 to 15:30, 16:00 to 16:30; \n\nGerald do not want to meet on Monday. Tuesday. Find a time that works for everyone's schedule and constraints. \nSOLUTION: "", 'golden_plan': 'Here is the proposed time: Wednesday, 16:00 - 17:00 ', 'pred_5shot_pro': 'Here is the proposed time: Wednesday, 14:30 - 15:30 \n', 'prompt_0shot': ""You are an expert at scheduling meetings. You are given a few constraints on the existing schedule of each participant, the meeting duration, and possibly some preferences on the meeting time. Note there exists a solution that works with existing schedule of every participant. Here are a few example tasks and solutions:\n\nTASK: You need to schedule a meeting for Gerald and Jeremy for one hour between the work hours of 9:00 to 17:00 on either Monday, Tuesday, Wednesday, Thursday or Friday. \n\nHere are the existing schedules for everyone during the days: \nGerald is busy on Monday during 12:00 to 12:30, Tuesday during 11:30 to 12:00, Thursday during 10:00 to 10:30, Friday during 11:00 to 11:30, 12:00 to 12:30, 14:00 to 14:30; \nJeremy is busy on Monday during 9:00 to 10:30, 11:30 to 12:30, 13:00 to 14:00, 14:30 to 17:00, Tuesday during 9:00 to 10:30, 11:00 to 11:30, 12:00 to 12:30, 13:30 to 14:30, 15:30 to 17:00, Wednesday during 9:00 to 11:30, 12:00 to 14:30, 15:00 to 16:00, Thursday during 9:00 to 11:00, 11:30 to 13:00, 13:30 to 15:00, 15:30 to 17:00, Friday during 9:30 to 12:00, 13:00 to 15:30, 16:00 to 16:30; \n\nGerald do not want to meet on Monday. Tuesday. Find a time that works for everyone's schedule and constraints. \nSOLUTION: ""}",False,1547.0,21.0,0.5782678127288818,0.00016309999999999998,react
calendar_scheduling_example_33,"Here is the proposed time: Monday, 14:00 - 14:30
","{'num_people': '3', 'num_days': '1', 'duration': '0.5', 'prompt_5shot': ""You are an expert at scheduling meetings. You are given a few constraints on the existing schedule of each participant, the meeting duration, and possibly some preferences on the meeting time. Note there exists a solution that works with existing schedule of every participant. Here are a few example tasks and solutions:\n\nTASK: You need to schedule a meeting for Roger, Karen and Dorothy for half an hour between the work hours of 9:00 to 17:00 on Monday. \n\nHere are the existing schedules for everyone during the day: \nRoger's calendar is wide open the entire day.\nKaren has meetings on Monday during 10:00 to 10:30, 11:30 to 12:00, 12:30 to 13:00, 14:00 to 15:00, 15:30 to 16:00; \nDorothy is busy on Monday during 9:00 to 10:00, 10:30 to 11:00, 11:30 to 12:00, 12:30 to 13:00, 14:00 to 15:30, 16:00 to 17:00; \n\nYou would like to schedule the meeting at their earlist availability.\nFind a time that works for everyone's schedule and constraints. \nSOLUTION: Here is the proposed time: Monday, 11:00 - 11:30 \n\nTASK: You need to schedule a meeting for Douglas, Lawrence and Isabella for half an hour between the work hours of 9:00 to 17:00 on Monday. \n\nHere are the existing schedules for everyone during the day: \nDouglas has meetings on Monday during 12:00 to 12:30, 15:00 to 15:30; \nLawrence has meetings on Monday during 10:30 to 12:00, 13:00 to 13:30, 14:00 to 14:30, 15:30 to 16:00; \nIsabella is busy on Monday during 9:00 to 12:30, 13:30 to 17:00; \n\nFind a time that works for everyone's schedule and constraints. \nSOLUTION: Here is the proposed time: Monday, 12:30 - 13:00 \n\nTASK: You need to schedule a meeting for Joshua, Denise and Jeremy for one hour between the work hours of 9:00 to 17:00 on Monday. \n\nHere are the existing schedules for everyone during the day: \nJoshua is busy on Monday during 10:00 to 10:30, 12:00 to 12:30, 14:00 to 14:30, 15:00 to 15:30; \nDenise's calendar is wide open the entire day.\nJeremy has meetings on Monday during 9:30 to 10:30, 12:00 to 13:00, 13:30 to 14:00, 14:30 to 15:00, 15:30 to 16:00, 16:30 to 17:00; \n\nFind a time that works for everyone's schedule and constraints. \nSOLUTION: Here is the proposed time: Monday, 10:30 - 11:30 \n\nTASK: You need to schedule a meeting for Alan, Elizabeth and Denise for half an hour between the work hours of 9:00 to 17:00 on Monday. \n\nHere are the existing schedules for everyone during the day: \nAlan has blocked their calendar on Monday during 13:00 to 13:30, 14:00 to 14:30; \nElizabeth is busy on Monday during 9:00 to 9:30, 11:00 to 11:30; \nDenise has blocked their calendar on Monday during 9:00 to 10:00, 10:30 to 11:30, 12:30 to 13:00, 13:30 to 14:00, 14:30 to 16:00, 16:30 to 17:00; \n\nYou would like to schedule the meeting at their earlist availability.\nFind a time that works for everyone's schedule and constraints. \nSOLUTION: Here is the proposed time: Monday, 10:00 - 10:30 \n\nTASK: You need to schedule a meeting for Mason, Bruce and Christopher for half an hour between the work hours of 9:00 to 17:00 on Monday. \n\nHere are the existing schedules for everyone during the day: \nMason has meetings on Monday during 9:30 to 10:00, 11:00 to 11:30, 14:30 to 15:00, 16:30 to 17:00; \nBruce is free the entire day.\nChristopher is busy on Monday during 9:30 to 10:30, 11:30 to 12:30, 15:00 to 17:00; \n\nMason would rather not meet on Monday before 12:30. Find a time that works for everyone's schedule and constraints. \nSOLUTION: Here is the proposed time: Monday, 12:30 - 13:00 \n\nTASK: You need to schedule a meeting for Lisa, Bobby and Randy for half an hour between the work hours of 9:00 to 17:00 on Monday. \n\nHere are the existing schedules for everyone during the day: \nLisa has meetings on Monday during 9:00 to 10:00, 10:30 to 11:30, 12:30 to 13:00, 16:00 to 16:30; \nBobby is busy on Monday during 9:00 to 9:30, 10:00 to 10:30, 11:30 to 12:00, 15:00 to 15:30; \nRandy has meetings on Monday during 9:30 to 10:00, 10:30 to 11:00, 11:30 to 12:30, 13:00 to 13:30, 14:30 to 15:30, 16:00 to 16:30; \n\nBobby would like to avoid more meetings on Monday after 15:00. Find a time that works for everyone's schedule and constraints. \nSOLUTION: "", 'golden_plan': 'Here is the proposed time: Monday, 13:30 - 14:00 ', 'pred_5shot_pro': ""Here is the proposed time: **Monday, 13:30 - 14:00** \n\nHere's why this works:\n\n* **Lisa:** Free during this time.\n* **Bobby:** Free during this time and it fulfills his preference to avoid meetings after 15:00.\n* **Randy:**  Free during this time. \n"", 'prompt_0shot': ""You are an expert at scheduling meetings. You are given a few constraints on the existing schedule of each participant, the meeting duration, and possibly some preferences on the meeting time. Note there exists a solution that works with existing schedule of every participant. Here are a few example tasks and solutions:\n\nTASK: You need to schedule a meeting for Lisa, Bobby and Randy for half an hour between the work hours of 9:00 to 17:00 on Monday. \n\nHere are the existing schedules for everyone during the day: \nLisa has meetings on Monday during 9:00 to 10:00, 10:30 to 11:30, 12:30 to 13:00, 16:00 to 16:30; \nBobby is busy on Monday during 9:00 to 9:30, 10:00 to 10:30, 11:30 to 12:00, 15:00 to 15:30; \nRandy has meetings on Monday during 9:30 to 10:00, 10:30 to 11:00, 11:30 to 12:30, 13:00 to 13:30, 14:30 to 15:30, 16:00 to 16:30; \n\nBobby would like to avoid more meetings on Monday after 15:00. Find a time that works for everyone's schedule and constraints. \nSOLUTION: ""}",False,4298.0,1155.0,17.58000111579895,0.0008917999999999999,react
calendar_scheduling_example_673,"Here is the proposed time: Tuesday, 16:30 - 17:00","{'num_people': '2', 'num_days': '2', 'duration': '0.5', 'prompt_5shot': ""You are an expert at scheduling meetings. You are given a few constraints on the existing schedule of each participant, the meeting duration, and possibly some preferences on the meeting time. Note there exists a solution that works with existing schedule of every participant. Here are a few example tasks and solutions:\n\nTASK: You need to schedule a meeting for Bradley and Barbara for half an hour between the work hours of 9:00 to 17:00 on either Monday or Tuesday. \n\nHere are the existing schedules for everyone during the days: \nBradley has meetings on Monday during 9:30 to 10:00, 10:30 to 11:00, 12:30 to 13:30, 14:00 to 14:30, 15:00 to 16:00, 16:30 to 17:00, Tuesday during 10:00 to 10:30, 13:30 to 14:30, 15:30 to 17:00; \nBarbara has blocked their calendar on Monday during 9:30 to 12:00, 13:00 to 16:00, Tuesday during 9:30 to 13:30, 14:30 to 17:00; \n\nBarbara can not meet on Monday. Find a time that works for everyone's schedule and constraints. \nSOLUTION: Here is the proposed time: Tuesday, 9:00 - 9:30 \n\nTASK: You need to schedule a meeting for Patrick and Denise for one hour between the work hours of 9:00 to 17:00 on either Monday or Tuesday. \n\nHere are the existing schedules for everyone during the days: \nPatrick has blocked their calendar on Monday during 10:30 to 11:00, 12:00 to 13:00, 13:30 to 16:00, Tuesday during 9:30 to 10:00, 10:30 to 12:00, 15:30 to 16:00, 16:30 to 17:00; \nDenise has meetings on Monday during 9:00 to 9:30, 10:00 to 13:00, 13:30 to 16:00, 16:30 to 17:00, Tuesday during 10:00 to 11:00, 11:30 to 12:00, 13:00 to 14:00, 14:30 to 15:30, 16:00 to 17:00; \n\nFind a time that works for everyone's schedule and constraints. \nSOLUTION: Here is the proposed time: Tuesday, 12:00 - 13:00 \n\nTASK: You need to schedule a meeting for Willie and Jeffrey for one hour between the work hours of 9:00 to 17:00 on either Monday or Tuesday. \n\nHere are the existing schedules for everyone during the days: \nWilliehas no meetings the whole week.\nJeffrey has blocked their calendar on Monday during 9:30 to 12:30, 13:00 to 14:30, 15:00 to 16:00, Tuesday during 9:00 to 9:30, 11:00 to 12:30, 13:00 to 13:30, 14:00 to 15:30, 16:30 to 17:00; \n\nJeffrey do not want to meet on Tuesday. Find a time that works for everyone's schedule and constraints. \nSOLUTION: Here is the proposed time: Monday, 16:00 - 17:00 \n\nTASK: You need to schedule a meeting for Scott and Patricia for one hour between the work hours of 9:00 to 17:00 on either Monday or Tuesday. \n\nHere are the existing schedules for everyone during the days: \nScott's calendar is wide open the entire week.\nPatricia is busy on Monday during 9:00 to 10:00, 10:30 to 12:00, 14:00 to 14:30, 15:00 to 15:30, 16:00 to 16:30, Tuesday during 9:00 to 9:30, 10:30 to 11:00, 11:30 to 12:00, 13:00 to 13:30, 14:00 to 15:00, 16:00 to 17:00; \n\nThe group would like to meet at their earlist availability.\nFind a time that works for everyone's schedule and constraints. \nSOLUTION: Here is the proposed time: Monday, 12:00 - 13:00 \n\nTASK: You need to schedule a meeting for Eric and Lauren for half an hour between the work hours of 9:00 to 17:00 on either Monday or Tuesday. \n\nHere are the existing schedules for everyone during the days: \nEric has meetings on Monday during 9:00 to 9:30, 12:30 to 13:00, 13:30 to 14:30, 16:30 to 17:00, Tuesday during 9:00 to 9:30, 12:00 to 13:30, 15:00 to 15:30, 16:00 to 17:00; \nLauren has meetings on Monday during 10:30 to 11:30, 12:30 to 16:00, 16:30 to 17:00, Tuesday during 9:30 to 10:00, 11:00 to 12:00, 13:30 to 14:00, 15:00 to 15:30, 16:30 to 17:00; \n\nLauren would like to avoid more meetings on Tuesday. You would like to schedule the meeting at their earlist availability.\nFind a time that works for everyone's schedule and constraints. \nSOLUTION: Here is the proposed time: Monday, 9:30 - 10:00 \n\nTASK: You need to schedule a meeting for James and Patricia for half an hour between the work hours of 9:00 to 17:00 on either Monday or Tuesday. \n\nHere are the existing schedules for everyone during the days: \nJames has meetings on Monday during 9:00 to 10:30, 11:00 to 11:30, 13:30 to 14:00, 15:00 to 16:00, 16:30 to 17:00, Tuesday during 10:00 to 11:30, 15:00 to 15:30; \nPatricia is busy on Monday during 9:30 to 11:00, 11:30 to 12:30, 13:00 to 14:00, 15:00 to 16:30, Tuesday during 9:00 to 11:00, 11:30 to 12:30, 13:00 to 14:30, 15:00 to 16:30; \n\nPatricia do not want to meet on Monday. Tuesday before 16:30. Find a time that works for everyone's schedule and constraints. \nSOLUTION: "", 'golden_plan': 'Here is the proposed time: Tuesday, 16:30 - 17:00 ', 'pred_5shot_pro': 'Here is the proposed time: Tuesday, 14:30 - 15:00 \n', 'prompt_0shot': ""You are an expert at scheduling meetings. You are given a few constraints on the existing schedule of each participant, the meeting duration, and possibly some preferences on the meeting time. Note there exists a solution that works with existing schedule of every participant. Here are a few example tasks and solutions:\n\nTASK: You need to schedule a meeting for James and Patricia for half an hour between the work hours of 9:00 to 17:00 on either Monday or Tuesday. \n\nHere are the existing schedules for everyone during the days: \nJames has meetings on Monday during 9:00 to 10:30, 11:00 to 11:30, 13:30 to 14:00, 15:00 to 16:00, 16:30 to 17:00, Tuesday during 10:00 to 11:30, 15:00 to 15:30; \nPatricia is busy on Monday during 9:30 to 11:00, 11:30 to 12:30, 13:00 to 14:00, 15:00 to 16:30, Tuesday during 9:00 to 11:00, 11:30 to 12:30, 13:00 to 14:30, 15:00 to 16:30; \n\nPatricia do not want to meet on Monday. Tuesday before 16:30. Find a time that works for everyone's schedule and constraints. \nSOLUTION: ""}",True,15017.0,1282.0,7.357822895050049,0.0020145,react
calendar_scheduling_example_483,"Here is the proposed time: Monday, 11:30 - 12:00","{'num_people': '7', 'num_days': '1', 'duration': '0.5', 'prompt_5shot': ""You are an expert at scheduling meetings. You are given a few constraints on the existing schedule of each participant, the meeting duration, and possibly some preferences on the meeting time. Note there exists a solution that works with existing schedule of every participant. Here are a few example tasks and solutions:\n\nTASK: You need to schedule a meeting for Dennis, Karen, Ashley, Rebecca, Bradley, Vincent and Bryan for half an hour between the work hours of 9:00 to 17:00 on Monday. \n\nHere are the existing schedules for everyone during the day: \nDennis has blocked their calendar on Monday during 15:30 to 16:00, 16:30 to 17:00; \nKaren is free the entire day.\nAshley is busy on Monday during 10:30 to 11:00, 14:00 to 15:00, 15:30 to 16:00; \nRebecca has meetings on Monday during 13:00 to 14:00; \nBradley has blocked their calendar on Monday during 9:00 to 11:00, 12:00 to 17:00; \nVincent has blocked their calendar on Monday during 10:00 to 11:30, 12:00 to 14:00, 14:30 to 15:00; \nBryan has blocked their calendar on Monday during 9:00 to 10:00, 10:30 to 11:30, 12:00 to 12:30, 14:00 to 15:00, 15:30 to 16:00; \n\nFind a time that works for everyone's schedule and constraints. \nSOLUTION: Here is the proposed time: Monday, 11:30 - 12:00 \n\nTASK: You need to schedule a meeting for Jerry, Abigail, Charlotte, Jessica, Sarah, Carol and Joan for half an hour between the work hours of 9:00 to 17:00 on Monday. \n\nHere are the existing schedules for everyone during the day: \nJerry is busy on Monday during 10:30 to 11:00, 11:30 to 12:00, 13:00 to 13:30, 14:30 to 15:00; \nAbigail is busy on Monday during 9:00 to 9:30, 11:00 to 11:30, 13:00 to 13:30, 14:30 to 15:00, 15:30 to 16:30; \nCharlotte has meetings on Monday during 12:00 to 12:30, 15:00 to 15:30, 16:00 to 17:00; \nJessica's calendar is wide open the entire day.\nSarah is busy on Monday during 10:30 to 11:30, 13:00 to 13:30, 14:30 to 17:00; \nCarol has meetings on Monday during 9:00 to 10:00, 10:30 to 15:30, 16:00 to 17:00; \nJoan has blocked their calendar on Monday during 10:30 to 13:00, 13:30 to 14:00, 15:00 to 17:00; \n\nFind a time that works for everyone's schedule and constraints. \nSOLUTION: Here is the proposed time: Monday, 10:00 - 10:30 \n\nTASK: You need to schedule a meeting for Martha, Julia, Zachary, Joseph, Joshua, Arthur and Frances for half an hour between the work hours of 9:00 to 17:00 on Monday. \n\nHere are the existing schedules for everyone during the day: \nMarthahas no meetings the whole day.\nJulia has blocked their calendar on Monday during 11:00 to 11:30, 12:30 to 13:00, 13:30 to 14:00, 16:30 to 17:00; \nZachary has blocked their calendar on Monday during 13:30 to 14:00, 15:00 to 15:30; \nJoseph has blocked their calendar on Monday during 9:00 to 9:30, 10:00 to 10:30, 12:00 to 13:00, 14:30 to 15:30; \nJoshua has blocked their calendar on Monday during 9:00 to 9:30, 10:00 to 10:30, 11:30 to 12:30, 13:00 to 14:00, 15:30 to 16:30; \nArthur has meetings on Monday during 9:00 to 9:30, 11:00 to 12:00, 13:00 to 14:30, 16:00 to 17:00; \nFrances has meetings on Monday during 10:30 to 13:30, 15:00 to 15:30, 16:00 to 16:30; \n\nFind a time that works for everyone's schedule and constraints. \nSOLUTION: Here is the proposed time: Monday, 9:30 - 10:00 \n\nTASK: You need to schedule a meeting for Angela, Timothy, Julie, Emma, Madison, Daniel and Kimberly for half an hour between the work hours of 9:00 to 17:00 on Monday. \n\nHere are the existing schedules for everyone during the day: \nAngela has meetings on Monday during 10:30 to 11:00, 14:30 to 15:00; \nTimothy is free the entire day.\nJulie is busy on Monday during 14:00 to 14:30, 15:00 to 15:30; \nEmma has meetings on Monday during 12:30 to 13:30; \nMadison has meetings on Monday during 9:30 to 10:30, 11:30 to 12:30, 13:30 to 14:00, 14:30 to 15:00, 15:30 to 16:30; \nDaniel is busy on Monday during 10:00 to 14:00, 14:30 to 15:30, 16:00 to 17:00; \nKimberly has meetings on Monday during 10:00 to 10:30, 11:00 to 14:00, 14:30 to 17:00; \n\nFind a time that works for everyone's schedule and constraints. \nSOLUTION: Here is the proposed time: Monday, 9:00 - 9:30 \n\nTASK: You need to schedule a meeting for William, Ronald, Elizabeth, Justin, Gregory, Philip and Evelyn for half an hour between the work hours of 9:00 to 17:00 on Monday. \n\nHere are the existing schedules for everyone during the day: \nWilliam is busy on Monday during 10:00 to 10:30, 12:30 to 13:00, 16:00 to 17:00; \nRonaldhas no meetings the whole day.\nElizabeth is busy on Monday during 9:00 to 10:00, 12:30 to 13:00, 14:30 to 15:00; \nJustin is busy on Monday during 12:00 to 12:30, 14:00 to 14:30; \nGregory has blocked their calendar on Monday during 10:00 to 10:30, 12:00 to 13:30, 14:00 to 15:00, 15:30 to 16:30; \nPhilip has blocked their calendar on Monday during 9:00 to 11:00, 12:30 to 13:30, 15:00 to 15:30, 16:00 to 16:30; \nEvelyn has blocked their calendar on Monday during 9:00 to 11:00, 11:30 to 13:30, 14:00 to 17:00; \n\nJustin do not want to meet on Monday after 13:30. Find a time that works for everyone's schedule and constraints. \nSOLUTION: Here is the proposed time: Monday, 11:00 - 11:30 \n\nTASK: You need to schedule a meeting for Nicholas, Sara, Helen, Brian, Nancy, Kelly and Judy for half an hour between the work hours of 9:00 to 17:00 on Monday. \n\nHere are the existing schedules for everyone during the day: \nNicholas is busy on Monday during 9:00 to 9:30, 11:00 to 11:30, 12:30 to 13:00, 15:30 to 16:00; \nSara is busy on Monday during 10:00 to 10:30, 11:00 to 11:30; \nHelen is free the entire day.\nBrian is free the entire day.\nNancy has blocked their calendar on Monday during 9:00 to 10:00, 11:00 to 14:00, 15:00 to 17:00; \nKelly is busy on Monday during 10:00 to 11:30, 12:00 to 12:30, 13:30 to 14:00, 14:30 to 15:30, 16:30 to 17:00; \nJudy has blocked their calendar on Monday during 9:00 to 11:30, 12:00 to 12:30, 13:00 to 13:30, 14:30 to 17:00; \n\nFind a time that works for everyone's schedule and constraints. \nSOLUTION: "", 'golden_plan': 'Here is the proposed time: Monday, 14:00 - 14:30 ', 'pred_5shot_pro': ""Here is the proposed time: **Monday, 15:00 - 15:30** \n\n**Explanation:**\n\nLet's break down why this time works:\n\n* **Nicholas:** Free at 15:00-15:30\n* **Sara:** Free at 15:00-15:30\n* **Helen:** Free all day.\n* **Brian:** Free all day.\n* **Nancy:** Busy until 15:00, but free from 15:00-15:30.\n* **Kelly:** Busy until 15:30.\n* **Judy:** Busy until 17:00. \n\nThis is the only 30-minute slot where everyone is available. \n"", 'prompt_0shot': ""You are an expert at scheduling meetings. You are given a few constraints on the existing schedule of each participant, the meeting duration, and possibly some preferences on the meeting time. Note there exists a solution that works with existing schedule of every participant. Here are a few example tasks and solutions:\n\nTASK: You need to schedule a meeting for Nicholas, Sara, Helen, Brian, Nancy, Kelly and Judy for half an hour between the work hours of 9:00 to 17:00 on Monday. \n\nHere are the existing schedules for everyone during the day: \nNicholas is busy on Monday during 9:00 to 9:30, 11:00 to 11:30, 12:30 to 13:00, 15:30 to 16:00; \nSara is busy on Monday during 10:00 to 10:30, 11:00 to 11:30; \nHelen is free the entire day.\nBrian is free the entire day.\nNancy has blocked their calendar on Monday during 9:00 to 10:00, 11:00 to 14:00, 15:00 to 17:00; \nKelly is busy on Monday during 10:00 to 11:30, 12:00 to 12:30, 13:30 to 14:00, 14:30 to 15:30, 16:30 to 17:00; \nJudy has blocked their calendar on Monday during 9:00 to 11:30, 12:00 to 12:30, 13:00 to 13:30, 14:30 to 17:00; \n\nFind a time that works for everyone's schedule and constraints. \nSOLUTION: ""}",False,1471.0,21.0,4.556455612182617,0.00015549999999999999,react
calendar_scheduling_example_139,"Here is the proposed time: Monday, 11:30 - 12:00
","{'num_people': '4', 'num_days': '1', 'duration': '0.5', 'prompt_5shot': ""You are an expert at scheduling meetings. You are given a few constraints on the existing schedule of each participant, the meeting duration, and possibly some preferences on the meeting time. Note there exists a solution that works with existing schedule of every participant. Here are a few example tasks and solutions:\n\nTASK: You need to schedule a meeting for Carol, Cynthia, Judith and Peter for half an hour between the work hours of 9:00 to 17:00 on Monday. \n\nHere are the existing schedules for everyone during the day: \nCarol has meetings on Monday during 11:00 to 11:30, 12:30 to 14:00, 14:30 to 15:30; \nCynthiahas no meetings the whole day.\nJudith has meetings on Monday during 9:00 to 11:30, 12:00 to 13:00, 13:30 to 14:30, 15:00 to 16:30; \nPeter is busy on Monday during 9:00 to 9:30, 10:00 to 16:30; \n\nFind a time that works for everyone's schedule and constraints. \nSOLUTION: Here is the proposed time: Monday, 16:30 - 17:00 \n\nTASK: You need to schedule a meeting for Karen, Carl, Margaret and Lori for half an hour between the work hours of 9:00 to 17:00 on Monday. \n\nHere are the existing schedules for everyone during the day: \nKaren is busy on Monday during 9:30 to 10:00, 11:00 to 12:00, 15:30 to 16:00; \nCarl is busy on Monday during 9:30 to 10:30, 11:00 to 11:30, 13:00 to 13:30, 14:00 to 14:30, 16:00 to 16:30; \nMargaret is busy on Monday during 9:00 to 14:30, 15:00 to 16:30; \nLori is busy on Monday during 9:00 to 12:30, 13:30 to 14:00, 15:30 to 16:00, 16:30 to 17:00; \n\nFind a time that works for everyone's schedule and constraints. \nSOLUTION: Here is the proposed time: Monday, 14:30 - 15:00 \n\nTASK: You need to schedule a meeting for Lawrence, Brenda, Keith and Kevin for half an hour between the work hours of 9:00 to 17:00 on Monday. \n\nHere are the existing schedules for everyone during the day: \nLawrence has meetings on Monday during 9:30 to 10:00, 11:00 to 11:30, 12:00 to 12:30, 13:30 to 15:00; \nBrenda has meetings on Monday during 9:30 to 10:00, 13:00 to 13:30, 14:00 to 14:30, 16:30 to 17:00; \nKeith has blocked their calendar on Monday during 10:00 to 10:30, 12:00 to 13:00, 14:00 to 16:00, 16:30 to 17:00; \nKevin has blocked their calendar on Monday during 9:00 to 9:30, 10:00 to 10:30, 12:30 to 13:30, 14:00 to 15:00, 15:30 to 16:00, 16:30 to 17:00; \n\nLawrence do not want to meet on Monday after 14:30. Find a time that works for everyone's schedule and constraints. \nSOLUTION: Here is the proposed time: Monday, 11:30 - 12:00 \n\nTASK: You need to schedule a meeting for Marilyn, Pamela, Karen and Nancy for half an hour between the work hours of 9:00 to 17:00 on Monday. \n\nHere are the existing schedules for everyone during the day: \nMarilyn has meetings on Monday during 9:30 to 10:30, 11:00 to 11:30, 12:00 to 13:00, 15:30 to 16:00; \nPamela has blocked their calendar on Monday during 11:00 to 11:30, 14:00 to 14:30; \nKaren is busy on Monday during 9:00 to 10:00, 10:30 to 11:30, 12:30 to 13:30, 14:00 to 14:30, 15:00 to 16:00, 16:30 to 17:00; \nNancy is busy on Monday during 9:00 to 12:00, 12:30 to 13:00, 13:30 to 14:00, 15:30 to 16:00, 16:30 to 17:00; \n\nMarilyn would like to avoid more meetings on Monday after 15:00. Find a time that works for everyone's schedule and constraints. \nSOLUTION: Here is the proposed time: Monday, 14:30 - 15:00 \n\nTASK: You need to schedule a meeting for Jeremy, Sara, Jerry and Kathleen for half an hour between the work hours of 9:00 to 17:00 on Monday. \n\nHere are the existing schedules for everyone during the day: \nJeremyhas no meetings the whole day.\nSara has blocked their calendar on Monday during 14:30 to 15:00, 16:30 to 17:00; \nJerry has blocked their calendar on Monday during 9:30 to 10:30, 11:00 to 12:00, 13:30 to 14:00, 14:30 to 17:00; \nKathleen has meetings on Monday during 9:00 to 9:30, 10:00 to 11:00, 11:30 to 12:30, 14:00 to 14:30, 15:30 to 16:00, 16:30 to 17:00; \n\nFind a time that works for everyone's schedule and constraints. \nSOLUTION: Here is the proposed time: Monday, 12:30 - 13:00 \n\nTASK: You need to schedule a meeting for Jose, Sean, Denise and Amanda for half an hour between the work hours of 9:00 to 17:00 on Monday. \n\nHere are the existing schedules for everyone during the day: \nJose has blocked their calendar on Monday during 9:00 to 9:30, 12:00 to 12:30, 13:00 to 14:00; \nSean has blocked their calendar on Monday during 10:30 to 11:00, 12:30 to 13:30, 14:30 to 15:00; \nDenise has blocked their calendar on Monday during 9:00 to 9:30, 10:00 to 11:30, 13:00 to 13:30, 14:00 to 14:30, 15:00 to 17:00; \nAmanda has blocked their calendar on Monday during 9:00 to 10:00, 10:30 to 11:30, 12:00 to 17:00; \n\nFind a time that works for everyone's schedule and constraints. \nSOLUTION: "", 'golden_plan': 'Here is the proposed time: Monday, 11:30 - 12:00 ', 'pred_5shot_pro': 'Here is the proposed time: Monday, 9:30 - 10:00 \n', 'prompt_0shot': ""You are an expert at scheduling meetings. You are given a few constraints on the existing schedule of each participant, the meeting duration, and possibly some preferences on the meeting time. Note there exists a solution that works with existing schedule of every participant. Here are a few example tasks and solutions:\n\nTASK: You need to schedule a meeting for Jose, Sean, Denise and Amanda for half an hour between the work hours of 9:00 to 17:00 on Monday. \n\nHere are the existing schedules for everyone during the day: \nJose has blocked their calendar on Monday during 9:00 to 9:30, 12:00 to 12:30, 13:00 to 14:00; \nSean has blocked their calendar on Monday during 10:30 to 11:00, 12:30 to 13:30, 14:30 to 15:00; \nDenise has blocked their calendar on Monday during 9:00 to 9:30, 10:00 to 11:30, 13:00 to 13:30, 14:00 to 14:30, 15:00 to 17:00; \nAmanda has blocked their calendar on Monday during 9:00 to 10:00, 10:30 to 11:30, 12:00 to 17:00; \n\nFind a time that works for everyone's schedule and constraints. \nSOLUTION: ""}",True,4323.0,1197.0,4.056023836135864,0.0009111,react
calendar_scheduling_example_840,**exception raised**: Exceeded maximum retries (2) for output validation,"{'num_people': '2', 'num_days': '4', 'duration': '1', 'prompt_5shot': ""You are an expert at scheduling meetings. You are given a few constraints on the existing schedule of each participant, the meeting duration, and possibly some preferences on the meeting time. Note there exists a solution that works with existing schedule of every participant. Here are a few example tasks and solutions:\n\nTASK: You need to schedule a meeting for Diane and Austin for half an hour between the work hours of 9:00 to 17:00 on either Monday, Tuesday, Wednesday or Thursday. \n\nHere are the existing schedules for everyone during the days: \nDiane has meetings on Monday during 9:00 to 9:30, 11:00 to 11:30, 13:30 to 14:00, Tuesday during 11:30 to 12:00, 16:30 to 17:00, Wednesday during 12:30 to 13:00, 14:00 to 14:30, Thursday during 9:30 to 10:00, 14:30 to 15:00, 15:30 to 16:00; \nAustin is busy on Monday during 9:00 to 10:00, 10:30 to 17:00, Tuesday during 9:00 to 17:00, Wednesday during 9:00 to 10:00, 11:00 to 16:00, Thursday during 9:00 to 12:00, 12:30 to 17:00; \n\nDiane would rather not meet on Thursday. Austin do not want to meet on Wednesday. Find a time that works for everyone's schedule and constraints. \nSOLUTION: Here is the proposed time: Monday, 10:00 - 10:30 \n\nTASK: You need to schedule a meeting for Henry and Patricia for half an hour between the work hours of 9:00 to 17:00 on either Monday, Tuesday, Wednesday or Thursday. \n\nHere are the existing schedules for everyone during the days: \nHenry is free the entire week.\nPatricia has blocked their calendar on Monday during 10:30 to 11:00, 11:30 to 13:30, 14:30 to 15:00, 15:30 to 16:00, Tuesday during 9:00 to 11:00, 11:30 to 12:00, 12:30 to 13:00, 15:00 to 15:30, 16:00 to 17:00, Wednesday during 9:00 to 11:30, 12:30 to 14:00, 16:00 to 16:30, Thursday during 10:00 to 10:30, 11:00 to 12:30, 14:00 to 15:00, 16:30 to 17:00; \n\nHenry can not meet on Monday. Wednesday. Thursday. Patricia would rather not meet on Tuesday after 12:30. Find a time that works for everyone's schedule and constraints. \nSOLUTION: Here is the proposed time: Tuesday, 12:00 - 12:30 \n\nTASK: You need to schedule a meeting for Charles and Walter for half an hour between the work hours of 9:00 to 17:00 on either Monday, Tuesday, Wednesday or Thursday. \n\nHere are the existing schedules for everyone during the days: \nCharles is busy on Monday during 9:00 to 11:00, 13:00 to 13:30, 16:00 to 16:30, Tuesday during 10:00 to 10:30, 11:30 to 12:00, 12:30 to 14:00, Wednesday during 9:30 to 10:30, 12:00 to 12:30, 13:00 to 14:00, 14:30 to 16:00, 16:30 to 17:00, Thursday during 10:00 to 12:00, 14:30 to 15:30, 16:00 to 17:00; \nWalter has meetings on Monday during 10:00 to 14:00, 14:30 to 15:00, 15:30 to 16:30, Tuesday during 9:00 to 10:00, 10:30 to 13:30, 14:00 to 15:30, 16:00 to 17:00, Wednesday during 10:30 to 11:00, 12:00 to 14:00, 15:30 to 16:00, Thursday during 9:00 to 15:00, 15:30 to 16:00, 16:30 to 17:00; \n\nCharles do not want to meet on Tuesday. Walter can not meet on Monday after 16:30. Wednesday. Find a time that works for everyone's schedule and constraints. \nSOLUTION: Here is the proposed time: Monday, 15:00 - 15:30 \n\nTASK: You need to schedule a meeting for Bryan and Abigail for half an hour between the work hours of 9:00 to 17:00 on either Monday, Tuesday, Wednesday or Thursday. \n\nHere are the existing schedules for everyone during the days: \nBryan is busy on Monday during 9:00 to 10:30, 11:30 to 12:00, 12:30 to 13:30, 15:00 to 15:30, 16:30 to 17:00, Tuesday during 10:30 to 11:00, 13:30 to 14:00, 16:30 to 17:00, Wednesday during 9:30 to 10:00, 12:00 to 13:00, Thursday during 10:30 to 11:00, 11:30 to 13:00, 13:30 to 14:00, 16:30 to 17:00; \nAbigail has meetings on Monday during 9:00 to 9:30, 10:00 to 10:30, 11:00 to 11:30, 12:30 to 13:00, 13:30 to 14:00, 14:30 to 15:00, 15:30 to 17:00, Tuesday during 9:30 to 14:00, 15:00 to 15:30, 16:00 to 16:30, Wednesday during 9:00 to 12:00, 12:30 to 13:00, 13:30 to 14:30, 15:00 to 15:30, 16:00 to 17:00, Thursday during 9:00 to 9:30, 10:00 to 13:30, 14:00 to 17:00; \n\nBryan can not meet on Tuesday. Abigail would like to avoid more meetings on Monday. Wednesday after 13:30. Thursday. Find a time that works for everyone's schedule and constraints. \nSOLUTION: Here is the proposed time: Wednesday, 13:00 - 13:30 \n\nTASK: You need to schedule a meeting for Nicole and Ronald for one hour between the work hours of 9:00 to 17:00 on either Monday, Tuesday, Wednesday or Thursday. \n\nHere are the existing schedules for everyone during the days: \nNicole is busy on Monday during 10:00 to 10:30, 11:30 to 12:00, 13:00 to 13:30, 14:00 to 14:30, 15:00 to 15:30, 16:30 to 17:00, Tuesday during 9:00 to 9:30, 10:30 to 11:30, 12:30 to 13:30, 14:00 to 15:30, 16:00 to 17:00, Wednesday during 9:00 to 9:30, 10:30 to 11:00, 12:30 to 13:30, 16:00 to 16:30, Thursday during 9:00 to 9:30, 11:00 to 12:30, 13:30 to 14:30, 16:30 to 17:00; \nRonald has blocked their calendar on Monday during 9:00 to 15:30, 16:30 to 17:00, Tuesday during 9:00 to 10:00, 11:00 to 11:30, 16:30 to 17:00, Wednesday during 9:00 to 12:00, 13:00 to 13:30, 14:00 to 14:30, 15:00 to 15:30, 16:00 to 17:00, Thursday during 9:00 to 9:30, 11:00 to 12:30, 13:00 to 14:30, 15:00 to 16:00; \n\nThe group would like to meet at their earlist availability.\nFind a time that works for everyone's schedule and constraints. \nSOLUTION: Here is the proposed time: Monday, 15:30 - 16:30 \n\nTASK: You need to schedule a meeting for Scott and Steven for one hour between the work hours of 9:00 to 17:00 on either Monday, Tuesday, Wednesday or Thursday. \n\nHere are the existing schedules for everyone during the days: \nScott has meetings on Monday during 9:00 to 9:30, 11:00 to 11:30, 12:00 to 13:30, 15:00 to 15:30, Tuesday during 10:30 to 11:00, 11:30 to 12:00, 12:30 to 13:00, 13:30 to 14:00, 14:30 to 15:00, Wednesday during 9:00 to 10:00, 14:00 to 14:30, 15:30 to 16:30, Thursday during 9:30 to 10:00, 11:00 to 12:30, 14:30 to 15:00, 16:30 to 17:00; \nSteven has blocked their calendar on Monday during 9:00 to 17:00, Tuesday during 9:00 to 13:00, 13:30 to 14:30, 15:00 to 16:30, Wednesday during 9:00 to 14:30, 15:00 to 17:00, Thursday during 9:30 to 12:30, 14:00 to 15:30, 16:30 to 17:00; \n\nSteven would rather not meet on Thursday after 14:00. Find a time that works for everyone's schedule and constraints. \nSOLUTION: "", 'golden_plan': 'Here is the proposed time: Thursday, 12:30 - 13:30 ', 'pred_5shot_pro': 'Here is the proposed time: **Tuesday, 14:00 - 15:00** \n\n**Explanation:**\n\n* **Monday:**  Steven is unavailable all day.\n* **Tuesday:** Steven is free from 13:00 to 13:30 but Scott has a meeting then. The next available slot is 14:00-15:00 which works for both.\n* **Wednesday:** Steven is unavailable all day.\n* **Thursday:** While there are slots available, Steven prefers not to meet after 14:00.\n\nThis leaves Tuesday 14:00-15:00 as the only viable option. \n', 'prompt_0shot': ""You are an expert at scheduling meetings. You are given a few constraints on the existing schedule of each participant, the meeting duration, and possibly some preferences on the meeting time. Note there exists a solution that works with existing schedule of every participant. Here are a few example tasks and solutions:\n\nTASK: You need to schedule a meeting for Scott and Steven for one hour between the work hours of 9:00 to 17:00 on either Monday, Tuesday, Wednesday or Thursday. \n\nHere are the existing schedules for everyone during the days: \nScott has meetings on Monday during 9:00 to 9:30, 11:00 to 11:30, 12:00 to 13:30, 15:00 to 15:30, Tuesday during 10:30 to 11:00, 11:30 to 12:00, 12:30 to 13:00, 13:30 to 14:00, 14:30 to 15:00, Wednesday during 9:00 to 10:00, 14:00 to 14:30, 15:30 to 16:30, Thursday during 9:30 to 10:00, 11:00 to 12:30, 14:30 to 15:00, 16:30 to 17:00; \nSteven has blocked their calendar on Monday during 9:00 to 17:00, Tuesday during 9:00 to 13:00, 13:30 to 14:30, 15:00 to 16:30, Wednesday during 9:00 to 14:30, 15:00 to 17:00, Thursday during 9:30 to 12:30, 14:00 to 15:30, 16:30 to 17:00; \n\nSteven would rather not meet on Thursday after 14:00. Find a time that works for everyone's schedule and constraints. \nSOLUTION: ""}",False,,,,,react
calendar_scheduling_example_263,"The user is asking to predict the output of a Python function `calendar_scheduling` given a specific input prompt.
The `calendar_scheduling` function is described as solving a calendar scheduling problem and returning a proposed meeting time in a specific format.
The provided prompt describes a scheduling problem for several participants (Nicholas, Robert, Gary, Doris, Beverly) for a half-hour meeting on Monday between 9:00 and 17:00, with specific busy times for each participant and a preference for Beverly to avoid meetings before 11:30.

To determine a possible output, I need to simulate the steps involved in solving this scheduling problem using the available tools.

**Step 1: Parse the scheduling problem.**
The `parse_schedules` tool can be used to convert the natural language prompt into a structured JSON format. This JSON will contain information about participants, duration, working hours, days, preferences, and busy schedules.

**Step 2: Find available slots.**
The `find_available_slots` tool takes the original problem text and the parsed schedules JSON to find all possible time slots that satisfy everyone's availability and the meeting duration.

**Step 3: Select and format the best slot.**
The `select_and_format` tool takes the list of available slots and a preference (earliest or latest) to pick the best slot and format it into the required output string.

Let's break down the scheduling problem from the prompt:
- **Participants:** Nicholas, Robert, Gary, Doris, Beverly
- **Duration:** 30 minutes
- **Working Hours:** 9:00 to 17:00
- **Day:** Monday
- **Busy Schedules:**
    - Nicholas: None
    - Robert: 12:30-13:00, 13:30-14:00
    - Gary: 9:00-9:30, 13:00-13:30
    - Doris: 9:00-9:30, 10:00-11:00, 11:30-13:30, 14:00-14:30, 15:00-15:30, 16:00-16:30
    - Beverly: 9:00-9:30, 10:00-14:00, 14:30-15:00, 15:30-16:30
- **Preference:** Beverly wants to avoid meetings before 11:30. This implies the preference should be ""earliest"" to satisfy this, as earlier slots would be before 11:30, and later slots would be after. However, the prompt also states ""Find a time that works for everyone's schedule and constraints"", and Beverly's constraint is to avoid *before* 11:30. So, we should look for slots *after* 11:30 if possible. Let's assume the preference implies we should aim for the earliest possible time *after* 11:30 if such a slot exists. If not, we should find the earliest possible slot overall. Given the structure of the problem and the expectation to find *a* time, let's assume the preference is implicitly ""earliest"" to satisfy Beverly's constraint.

Let's simulate the tool calls mentally or by hand:

**1. `parse_schedules` simulation:**
```json
{
  ""participants"": [""Nicholas"", ""Robert"", ""Gary"", ""Doris"", ""Beverly""],
  ""duration_minutes"": 30,
  ""working_hours"": [""9:00"", ""17:00""],
  ""days"": [""Monday""],
  ""preference"": ""earliest"", // Based on Beverly's constraint
  ""schedules"": {
    ""Nicholas"": {""Monday"": []},
    ""Robert"": {""Monday"": [[""12:30"", ""13:00""], [""13:30"", ""14:00""]]},
    ""Gary"": {""Monday"": [[""9:00"", ""9:30""], [""13:00"", ""13:30""]]},
    ""Doris"": {""Monday"": [[""9:00"", ""9:30""], [""10:00"", ""11:00""], [""11:30"", ""13:30""], [""14:00"", ""14:30""], [""15:00"", ""15:30""], [""16:00"", ""16:30""]]},
    ""Beverly"": {""Monday"": [[""9:00"", ""9:30""], [""10:00"", ""14:00""], [""14:30"", ""15:00""], [""15:30"", ""16:30""]]}
  }
}
```
*Correction*: The prompt doesn't explicitly state ""earliest"" or ""latest"" as a global preference, but rather Beverly's preference. The `parse_schedules` function's `preference` field is for a global preference. Since Beverly's preference is ""avoid more meetings on Monday before 11:30"", this is a constraint on the *output slot*, not necessarily a global preference for ""earliest"" or ""latest"" meeting *overall*. Let's refine the `parse_schedules` output to reflect this by setting `preference` to `null` and ensuring the constraint is handled in `find_available_slots` or `select_and_format`. However, the `find_available_slots` function's description implies it enumerates all slots and then `select_and_format` picks based on preference. If `preference` is `null` in `parse_schedules`, `find_available_slots` will return all slots. Then `select_and_format` can be called with ""earliest"". Let's assume the prompt implies ""earliest"" meeting time that satisfies all constraints, including Beverly's.

Let's re-evaluate `parse_schedules` with `preference: ""earliest""` assuming the overall goal is the earliest possible satisfying time.

**2. `find_available_slots` simulation (Conceptual):**
This step requires calculating free intervals for each person and finding the intersection.

*   **Nicholas:** 9:00-17:00
*   **Robert:** 9:00-12:30, 13:00-13:30, 14:00-17:00
*   **Gary:** 9:30-13:00, 13:30-17:00
*   **Doris:** 9:30-10:00, 11:00-11:30, 13:30-14:00, 14:30-15:00, 15:30-16:00, 16:30-17:00
*   **Beverly:** 9:30-10:00, 14:00-14:30, 15:00-15:30, 16:30-17:00

Now find the intersection of these free times, keeping in mind Beverly's constraint (avoid before 11:30). This means we are looking for slots *after* 11:30.

Let's find common free slots *after* 11:30:

*   **Nicholas:** 11:30-17:00
*   **Robert:** 13:00-13:30, 14:00-17:00
*   **Gary:** 11:30-13:00, 13:30-17:00
*   **Doris:** 11:30-13:30, 14:30-15:00, 15:30-16:00, 16:30-17:00
*   **Beverly:** 14:00-14:30, 15:00-15:30, 16:30-17:00

Now, let's find the intersection of these for the period after 11:30:

- Between 11:30 and 13:00:
    - Nicholas: [11:30, 17:00]
    - Robert: Free.
    - Gary: [11:30, 13:00]
    - Doris: [11:30, 13:30]
    - Beverly: Free (but only before 10:00 or after 14:00 based on her full schedule, so this block doesn't work for Beverly).

Let's redo the free intervals more carefully and then intersect.

Working hours: 09:00 - 17:00

*   **Nicholas:** [09:00, 17:00]
*   **Robert:** [09:00, 12:30], [13:00, 13:30], [14:00, 17:00]
*   **Gary:** [09:30, 13:00], [13:30, 17:00]
*   **Doris:** [09:30, 10:00], [11:00, 11:30], [13:30, 14:00], [14:30, 15:00], [15:30, 16:00], [16:30, 17:00]
*   **Beverly:** [09:30, 10:00], [14:00, 14:30], [15:00, 15:30], [16:30, 17:00]

Now, let's find the intersection of these free intervals:

Consider the time segments and check everyone's availability:

- **09:00 - 09:30:** Gary, Doris, Beverly are busy.
- **09:30 - 10:00:** Nicholas, Robert, Gary are free. Doris, Beverly are free.
    - *Common free interval: [09:30, 10:00]*
    - Can a 30-min slot fit? Yes, 09:30-10:00.
    - But Beverly wants to avoid meetings before 11:30. So this slot is not preferred.

- **10:00 - 11:00:** Doris, Beverly are busy.
- **11:00 - 11:30:** Nicholas, Robert, Gary, Doris are free. Beverly is busy.
- **11:30 - 12:30:** Nicholas, Robert, Gary are free. Doris is busy. Beverly is busy.
- **12:30 - 13:00:** Nicholas, Gary are free. Robert is busy. Doris is busy. Beverly is busy.
- **13:00 - 13:30:** Nicholas is free. Robert is busy. Gary is busy. Doris is busy. Beverly is busy.
- **13:30 - 14:00:** Nicholas is free. Robert is free. Gary is busy. Doris is free. Beverly is busy.

Let's re-evaluate Beverly's schedule and the prompt wording: ""Beverly would like to avoid more meetings on Monday before 11:30."" This suggests that any meeting *after* 11:30 is acceptable.

Let's check intervals after 11:30:

- **11:30 - 12:30:**
    - Nicholas: Free
    - Robert: Free
    - Gary: Free
    - Doris: Busy [11:30, 13:30]
    - Beverly: Busy [10:00, 14:00]
    -> No common free time.

- **12:30 - 13:00:**
    - Nicholas: Free
    - Robert: Busy
    - Gary: Free
    - Doris: Busy
    - Beverly: Busy
    -> No common free time.

- **13:00 - 13:30:**
    - Nicholas: Free
    - Robert: Busy
    - Gary: Busy
    - Doris: Busy
    - Beverly: Busy
    -> No common free time.

- **13:30 - 14:00:**
    - Nicholas: Free
    - Robert: Free
    - Gary: Busy
    - Doris: Free
    - Beverly: Busy
    -> No common free time.

- **14:00 - 14:30:**
    - Nicholas: Free
    - Robert: Free
    - Gary: Free
    - Doris: Busy
    - Beverly: Free
    -> Common free time for Nicholas, Robert, Gary, Beverly. Doris is busy.

- **14:30 - 15:00:**
    - Nicholas: Free
    - Robert: Free
    - Gary: Free
    - Doris: Free
    - Beverly: Busy
    -> No common free time.

- **15:00 - 15:30:**
    - Nicholas: Free
    - Robert: Free
    - Gary: Free
    - Doris: Busy
    - Beverly: Free
    -> Common free time for Nicholas, Robert, Gary, Beverly. Doris is busy.

- **15:30 - 16:00:**
    - Nicholas: Free
    - Robert: Free
    - Gary: Free
    - Doris: Free
    - Beverly: Busy
    -> No common free time.

- **16:00 - 16:30:**
    - Nicholas: Free
    - Robert: Free
    - Gary: Free
    - Doris: Busy
    - Beverly: Busy
    -> No common free time.

- **16:30 - 17:00:**
    - Nicholas: Free
    - Robert: Free
    - Gary: Free
    - Doris: Free
    - Beverly: Free
    -> Common free interval: [16:30, 17:00]
    -> Can a 30-min slot fit? Yes, 16:30-17:00.

Let's re-examine Doris and Beverly's schedules to be absolutely sure.

**Doris's Busy:**
9:00-9:30
10:00-11:00
11:30-13:30
14:00-14:30
15:00-15:30
16:00-16:30

**Beverly's Busy:**
9:00-9:30
10:00-14:00
14:30-15:00
15:30-16:30

**Common Free Slots:**

Let's list free intervals for everyone from 9:00 to 17:00:

*   **Nicholas:** [09:00, 17:00]
*   **Robert:** [09:00, 12:30], [13:00, 13:30], [14:00, 17:00]
*   **Gary:** [09:30, 13:00], [13:30, 17:00]
*   **Doris:** [09:30, 10:00], [11:00, 11:30], [13:30, 14:00], [14:30, 15:00], [15:30, 16:00], [16:30, 17:00]
*   **Beverly:** [09:30, 10:00], [14:00, 14:30], [15:00, 15:30], [16:30, 17:00]

Now, find the intersection for 30-minute slots.

Let's consider blocks of time where all might be free:

- **[09:30, 10:00]:**
    - Nicholas: Yes
    - Robert: Yes
    - Gary: Yes
    - Doris: Yes
    - Beverly: Yes
    -> Potential Slot: 09:30-10:00. (But Beverly constraint)

- **[10:00, 11:00]:** Doris, Beverly busy.
- **[11:00, 11:30]:** Beverly busy.
- **[11:30, 13:00]:** Doris busy.
- **[13:00, 13:30]:** Robert busy, Gary busy, Doris busy.
- **[13:30, 14:00]:** Gary busy, Beverly busy. Doris free. Robert free. Nicholas free.
- **[14:00, 14:30]:** Doris busy. Beverly free. Robert free. Gary free. Nicholas free.

Let's check the specific slots:
- **14:00-14:30:**
    - Nicholas: Free
    - Robert: Free
    - Gary: Free
    - Doris: Busy
    - Beverly: Free
    -> No.

- **14:30-15:00:**
    - Nicholas: Free
    - Robert: Free
    - Gary: Free
    - Doris: Free
    - Beverly: Busy
    -> No.

- **15:00-15:30:**
    - Nicholas: Free
    - Robert: Free
    - Gary: Free
    - Doris: Busy
    - Beverly: Free
    -> No.

- **15:30-16:00:**
    - Nicholas: Free
    - Robert: Free
    - Gary: Free
    - Doris: Free
    - Beverly: Busy
    -> No.

- **16:00-16:30:**
    - Nicholas: Free
    - Robert: Free
    - Gary: Free
    - Doris: Busy
    - Beverly: Busy
    -> No.

- **16:30-17:00:**
    - Nicholas: Free
    - Robert: Free
    - Gary: Free
    - Doris: Free
    - Beverly: Free
    -> Yes! This slot works for everyone.

So, the available slots would include:
- `{""day"": ""Monday"", ""start"": ""09:30"", ""end"": ""10:00""}` (if Beverly's constraint was ignored)
- `{""day"": ""Monday"", ""start"": ""16:30"", ""end"": ""17:00""}`

Given Beverly's constraint: ""Beverly would like to avoid more meetings on Monday before 11:30.""
This means we should prioritize slots at or after 11:30.
The only slot that works for everyone is 16:30-17:00. This slot is after 11:30, so it satisfies Beverly's constraint.

**3. `select_and_format` simulation:**
If the `preference` from `parse_schedules` was ""earliest"", and the available slots are `[{""day"": ""Monday"", ""start"": ""16:30"", ""end"": ""17:00""}]`, then ""earliest"" would pick this slot.

The output format is: 'Here is the proposed time: {Day}, {HH:MM} - {HH:MM}'

Therefore, the output should be: 'Here is the proposed time: Monday, 16:30 - 17:00'

Let's verify this logic again. The key is finding the intersection of free times.

**Doris Free:**
09:30-10:00
11:00-11:30
13:30-14:00
14:30-15:00
15:30-16:00
16:30-17:00

**Beverly Free:**
09:30-10:00
14:00-14:30
15:00-15:30
16:30-17:00

**Intersection of Doris and Beverly's Free Time:**
09:30-10:00
16:30-17:00

Now let's add others to these common intervals:

**Interval 1: [09:30, 10:00]** (Duration 30 mins)
- Nicholas: Free
- Robert: Free ([09:00, 12:30])
- Gary: Free ([09:30, 13:00])
- Doris: Free
- Beverly: Free
-> This slot works. However, Beverly wants to avoid meetings before 11:30.

**Interval 2: [16:30, 17:00]** (Duration 30 mins)
- Nicholas: Free
- Robert: Free ([14:00, 17:00])
- Gary: Free ([13:30, 17:00])
- Doris: Free
- Beverly: Free
-> This slot works. This slot is after 11:30, so it satisfies Beverly's constraint.

Since the goal is to find *a* time that works and the problem implicitly implies picking the earliest that meets constraints. The slot 16:30-17:00 is the earliest valid slot that satisfies all conditions, including Beverly's preference.

If `preference` in `parse_schedules` was set to `null` and `find_available_slots` returned `[{""day"": ""Monday"", ""start"": ""09:30"", ""end"": ""10:00""}, {""day"": ""Monday"", ""start"": ""16:30"", ""end"": ""17:00""}]`.
Then `select_and_format(slots_json='[{""day"": ""Monday"", ""start"": ""09:30"", ""end"": ""10:00""}, {""day"": ""Monday"", ""start"": ""16:30"", ""end"": ""17:00""}]', preference='earliest')` would select `09:30-10:00`.

However, the documentation for `parse_schedules` has `preference` as ""earliest"" or ""latest"". If the prompt does not explicitly state a preference, then the `preference` field in the JSON would be `null`.
The prompt states: ""Beverly would like to avoid more meetings on Monday before 11:30."" This is a constraint, not a global preference for earliest/latest.

Let's assume that the `calendar_scheduling` function internally calls `parse_schedules`, then `find_available_slots`, and then `select_and_format`.
If the `parse_schedules` output had `preference: null`, then `find_available_slots` would return all possible slots:
`[{""day"": ""Monday"", ""start"": ""09:30"", ""end"": ""10:00""}, {""day"": ""Monday"", ""start"": ""16:30"", ""end"": ""17:00""}]`.

Then, `select_and_format` needs a `preference` argument. The prompt implies that Beverly's preference should guide the selection. To avoid meetings *before* 11:30, we should select a time *after* 11:30 if one is available. If there are multiple options after 11:30, the ""earliest"" would be preferred.
In this case, only 16:30-17:00 is available after 11:30. If we use `preference='earliest'`, it will pick the first slot, which is 09:30-10:00. This contradicts Beverly's preference.

This suggests that the `select_and_format` function or the logic before calling it needs to incorporate constraints like ""avoid before X"".
The `select_and_format` function only takes `preference` as ""earliest"" or ""latest"".
This implies that the constraint ""avoid before 11:30"" might be handled by filtering the slots *before* calling `select_and_format`.

Let's re-evaluate the role of `preference` in `parse_schedules`. If it's `null`, then `find_available_slots` finds all. Then, the *overall* function `calendar_scheduling` must resolve the preference.

If the available slots are:
`[{""day"": ""Monday"", ""start"": ""09:30"", ""end"": ""10:00""}, {""day"": ""Monday"", ""start"": ""16:30"", ""end"": ""17:00""}]`

And the constraint is ""avoid before 11:30"".
We filter the slots to those >= 11:30:
`[{""day"": ""Monday"", ""start"": ""16:30"", ""end"": ""17:00""}]`

Now, we apply `select_and_format` to this filtered list with `preference='earliest'`.
`select_and_format(slots_json='[{""day"": ""Monday"", ""start"": ""16:30"", ""end"": ""17:00""}]', preference='earliest')`
This would pick the first (and only) slot: Monday, 16:30 - 17:00.

This seems like the most logical interpretation of how the tools and constraints would interact to produce a valid output.

Let's use the tools programmatically to confirm:

1. Call `parse_schedules`.
2. Call `find_available_slots`.
3. Manually filter slots based on ""Beverly would like to avoid more meetings on Monday before 11:30.""
4. Call `select_and_format` with `preference='earliest'` on the filtered slots.

```python
problem_text = ""You are an expert at scheduling meetings. You are given a few constraints on the existing schedule of each participant, the meeting duration, and possibly some preferences on the meeting time. Note there exists a solution that works with existing schedule of every participant. Here are a few example tasks and solutions:\n\nTASK: You need to schedule a meeting for Nicholas, Robert, Gary, Doris and Beverly for half an hour between the work hours of 9:00 to 17:00 on Monday. \n\nHere are the existing schedules for everyone during the day: \nNicholashas no meetings the whole day.\nRobert has blocked their calendar on Monday during 12:30 to 13:00, 13:30 to 14:00; \nGary has meetings on Monday during 9:00 to 9:30, 13:00 to 13:30; \nDoris is busy on Monday during 9:00 to 9:30, 10:00 to 11:00, 11:30 to 13:30, 14:00 to 14:30, 15:00 to 15:30, 16:00 to 16:30; \nBeverly has blocked their calendar on Monday during 9:00 to 9:30, 10:00 to 14:00, 14:30 to 15:00, 15:30 to 16:30; \n\nBeverly would like to avoid more meetings on Monday before 11:30. Find a time that works for everyone's schedule and constraints. \nSOLUTION: \""""

# Step 1: Parse schedules
parsed_schedules = default_api.parse_schedules(problem_text=problem_text)
print(f""Parsed Schedules: {parsed_schedules}"")

# Step 2: Find available slots
available_slots_json = default_api.find_available_slots(
    problem_text=problem_text,
    schedules_json=parsed_schedules
)
print(f""Available Slots JSON: {available_slots_json}"")

# Step 3: Filter slots based on Beverly's constraint
import json
available_slots = json.loads(available_slots_json)
filtered_slots = [
    slot for slot in available_slots
    if not (slot[""day""] == ""Monday"" and slot[""start""] < ""11:30"")
]
print(f""Filtered Slots: {filtered_slots}"")

# Step 4: Select the earliest from filtered slots
if filtered_slots:
    # Convert to JSON string for the tool
    filtered_slots_json = json.dumps(filtered_slots)
    final_selection = default_api.select_and_format(
        slots_json=filtered_slots_json,
        preference=""earliest""
    )
    print(f""Final Selection: {final_selection}"")
else:
    # Handle case where no slots are available after filtering
    # This is unlikely given the problem statement implies a solution exists.
    final_selection = ""No suitable time found.""
    print(final_selection)

```

Let's trace the tool code execution.

First tool call:
```python
print(default_api.parse_schedules(problem_text='You are an expert at scheduling meetings. You are given a few constraints on the existing schedule of each participant, the meeting duration, and possibly some preferences on the meeting time. Note there exists a solution that works with existing schedule of every participant. Here are a few example tasks and solutions:\n\nTASK: You need to schedule a meeting for Nicholas, Robert, Gary, Doris and Beverly for half an hour between the work hours of 9:00 to 17:00 on Monday. \n\nHere are the existing schedules for everyone during the day: \nNicholashas no meetings the whole day.\nRobert has blocked their calendar on Monday during 12:30 to 13:00, 13:30 to 14:00; \nGary has meetings on Monday during 9:00 to 9:30, 13:00 to 13:30; \nDoris is busy on Monday during 9:00 to 9:30, 10:00 to 11:00, 11:30 to 13:30, 14:00 to 14:30, 15:00 to 15:30, 16:00 to 16:30; \nBeverly has blocked their calendar on Monday during 9:00 to 9:30, 10:00 to 14:00, 14:30 to 15:00, 15:30 to 16:30; \n\nBeverly would like to avoid more meetings on Monday before 11:30. Find a time that works for everyone\'s schedule and constraints. \nSOLUTION: ""'))
```
Expected output from `parse_schedules`:
```json
{""participants"": [""Nicholas"", ""Robert"", ""Gary"", ""Doris"", ""Beverly""], ""duration_minutes"": 30, ""working_hours"": [""9:00"", ""17:00""], ""days"": [""Monday""], ""preference"": null, ""schedules"": {""Nicholas"": {""Monday"": []}, ""Robert"": {""Monday"": [[""12:30"", ""13:00""], [""13:30"", ""14:00""]]}, ""Gary"": {""Monday"": [[""9:00"", ""9:30""], [""13:00"", ""13:30""]]}, ""Doris"": {""Monday"": [[""9:00"", ""9:30""], [""10:00"", ""11:00""], [""11:30"", ""13:30""], [""14:00"", ""14:30""], [""15:00"", ""15:30""], [""16:00"", ""16:30""]]}, ""Beverly"": {""Monday"": [[""9:00"", ""9:30""], [""10:00"", ""14:00""], [""14:30"", ""15:00""], [""15:30"", ""16:30""]]}}}
```
Let's assume this output is `parsed_schedules_json_string`.

Second tool call:
```python
print(default_api.find_available_slots(problem_text='You are an expert at scheduling meetings. You are given a few constraints on the existing schedule of each participant, the meeting duration, and possibly some preferences on the meeting time. Note there exists a solution that works with existing schedule of every participant. Here are a few example tasks and solutions:\n\nTASK: You need to schedule a meeting for Nicholas, Robert, Gary, Doris and Beverly for half an hour between the work hours of 9:00 to 17:00 on Monday. \n\nHere are the existing schedules for everyone during the day: \nNicholashas no meetings the whole day.\nRobert has blocked their calendar on Monday during 12:30 to 13:00, 13:30 to 14:00; \nGary has meetings on Monday during 9:00 to 9:30, 13:00 to 13:30; \nDoris is busy on Monday during 9:00 to 9:30, 10:00 to 11:00, 11:30 to 13:30, 14:00 to 14:30, 15:00 to 15:30, 16:00 to 16:30; \nBeverly has blocked their calendar on Monday during 9:00 to 9:30, 10:00 to 14:00, 14:30 to 15:00, 15:30 to 16:30; \n\nBeverly would like to avoid more meetings on Monday before 11:30. Find a time that works for everyone\'s schedule and constraints. \nSOLUTION: ""', schedules_json='{""participants"": [""Nicholas"", ""Robert"", ""Gary"", ""Doris"", ""Beverly""], ""duration_minutes"": 30, ""working_hours"": [""9:00"", ""17:00""], ""days"": [""Monday""], ""preference"": null, ""schedules"": {""Nicholas"": {""Monday"": []}, ""Robert"": {""Monday"": [[""12:30"", ""13:00""], [""13:30"", ""14:00""]]}, ""Gary"": {""Monday"": [[""9:00"", ""9:30""], [""13:00"", ""13:30""]]}, ""Doris"": {""Monday"": [[""9:00"", ""9:30""], [""10:00"", ""11:00""], [""11:30"", ""13:30""], [""14:00"", ""14:30""], [""15:00"", ""15:30""], [""16:00"", ""16:30""]]}, ""Beverly"": {""Monday"": [[""9:00"", ""9:30""], [""10:00"", ""14:00""], [""14:30"", ""15:00""], [""15:30"", ""16:30""]]}}}'))
```
Expected output from `find_available_slots`:
```json
[{""day"": ""Monday"", ""start"": ""09:30"", ""end"": ""10:00""}, {""day"": ""Monday"", ""start"": ""16:30"", ""end"": ""17:00""}]
```
Let's assume this output is `available_slots_json_string`.

Now, the Python code would filter this:
`available_slots = json.loads(available_slots_json_string)`
`filtered_slots = [{""day"": ""Monday"", ""start"": ""16:30"", ""end"": ""17:00""}]`

Then, `filtered_slots_json = '[{""day"": ""Monday"", ""start"": ""16:30"", ""end"": ""17:00""}]'`

Third tool call:
```python
print(default_api.select_and_format(slots_json='[{""day"": ""Monday"", ""start"": ""16:30"", ""end"": ""17:00""}]', preference='earliest'))
```
Expected output from `select_and_format`:
`'Here is the proposed time: Monday, 16:30 - 17:00'`

This matches my manual derivation.
The problem statement implies that the `calendar_scheduling` function itself handles these steps and returns the final formatted string. Therefore, the output of the `calendar_scheduling` function would be that final string.","{'num_people': '5', 'num_days': '1', 'duration': '0.5', 'prompt_5shot': ""You are an expert at scheduling meetings. You are given a few constraints on the existing schedule of each participant, the meeting duration, and possibly some preferences on the meeting time. Note there exists a solution that works with existing schedule of every participant. Here are a few example tasks and solutions:\n\nTASK: You need to schedule a meeting for George, Steven, Aaron, Patrick and Cynthia for half an hour between the work hours of 9:00 to 17:00 on Monday. \n\nHere are the existing schedules for everyone during the day: \nGeorgehas no meetings the whole day.\nSteven is free the entire day.\nAaron has blocked their calendar on Monday during 9:00 to 10:00, 11:30 to 12:00, 15:30 to 17:00; \nPatrick has blocked their calendar on Monday during 9:00 to 9:30, 10:00 to 11:00, 11:30 to 12:00, 12:30 to 14:00, 15:00 to 15:30; \nCynthia is busy on Monday during 9:00 to 9:30, 10:30 to 11:30, 12:30 to 14:30, 15:00 to 16:30; \n\nAaron can not meet on Monday after 12:30. Find a time that works for everyone's schedule and constraints. \nSOLUTION: Here is the proposed time: Monday, 12:00 - 12:30 \n\nTASK: You need to schedule a meeting for Elizabeth, Eugene, Nancy, Justin and Roy for half an hour between the work hours of 9:00 to 17:00 on Monday. \n\nHere are the existing schedules for everyone during the day: \nElizabeth's calendar is wide open the entire day.\nEugene has blocked their calendar on Monday during 12:00 to 12:30, 13:30 to 14:00, 15:00 to 16:00; \nNancy has meetings on Monday during 10:30 to 11:00, 12:00 to 13:00, 14:00 to 14:30, 15:00 to 16:00; \nJustin has meetings on Monday during 9:30 to 10:00, 10:30 to 11:30, 12:00 to 12:30, 13:00 to 13:30, 14:30 to 17:00; \nRoy is busy on Monday during 10:00 to 11:00, 11:30 to 12:30, 13:30 to 14:00, 14:30 to 16:00; \n\nFind a time that works for everyone's schedule and constraints. \nSOLUTION: Here is the proposed time: Monday, 9:00 - 9:30 \n\nTASK: You need to schedule a meeting for Mason, Linda, Barbara, Roger and Lisa for half an hour between the work hours of 9:00 to 17:00 on Monday. \n\nHere are the existing schedules for everyone during the day: \nMasonhas no meetings the whole day.\nLinda is busy on Monday during 9:30 to 11:00, 12:00 to 12:30, 13:00 to 13:30, 16:30 to 17:00; \nBarbara has blocked their calendar on Monday during 9:00 to 9:30, 12:00 to 13:00, 15:30 to 16:00; \nRoger has meetings on Monday during 9:00 to 9:30, 13:00 to 14:30, 15:00 to 17:00; \nLisa has blocked their calendar on Monday during 9:00 to 10:00, 10:30 to 11:30, 12:00 to 12:30, 13:00 to 14:30, 15:00 to 17:00; \n\nMason would rather not meet on Monday after 13:30. Find a time that works for everyone's schedule and constraints. \nSOLUTION: Here is the proposed time: Monday, 11:30 - 12:00 \n\nTASK: You need to schedule a meeting for Thomas, Olivia, Doris, Amber and Ronald for half an hour between the work hours of 9:00 to 17:00 on Monday. \n\nHere are the existing schedules for everyone during the day: \nThomas has meetings on Monday during 12:00 to 12:30, 16:30 to 17:00; \nOlivia has blocked their calendar on Monday during 10:30 to 11:30, 13:00 to 14:00, 16:00 to 17:00; \nDoris is busy on Monday during 13:30 to 14:00, 16:30 to 17:00; \nAmber is busy on Monday during 10:00 to 10:30, 12:00 to 13:00, 14:00 to 15:00, 15:30 to 17:00; \nRonald has meetings on Monday during 9:30 to 11:30, 12:00 to 13:00, 13:30 to 14:00, 15:00 to 15:30; \n\nRonald would rather not meet on Monday before 11:30. Find a time that works for everyone's schedule and constraints. \nSOLUTION: Here is the proposed time: Monday, 11:30 - 12:00 \n\nTASK: You need to schedule a meeting for Patrick, Kathleen, Frank, Patricia and Carolyn for half an hour between the work hours of 9:00 to 17:00 on Monday. \n\nHere are the existing schedules for everyone during the day: \nPatrick is free the entire day.\nKathleen has meetings on Monday during 9:30 to 10:00, 15:00 to 15:30; \nFrank has blocked their calendar on Monday during 11:00 to 11:30, 15:30 to 17:00; \nPatricia is busy on Monday during 9:00 to 12:00, 14:30 to 15:00, 16:00 to 16:30; \nCarolyn has meetings on Monday during 9:00 to 9:30, 11:00 to 12:30, 13:00 to 17:00; \n\nFind a time that works for everyone's schedule and constraints. \nSOLUTION: Here is the proposed time: Monday, 12:30 - 13:00 \n\nTASK: You need to schedule a meeting for Nicholas, Robert, Gary, Doris and Beverly for half an hour between the work hours of 9:00 to 17:00 on Monday. \n\nHere are the existing schedules for everyone during the day: \nNicholashas no meetings the whole day.\nRobert has blocked their calendar on Monday during 12:30 to 13:00, 13:30 to 14:00; \nGary has meetings on Monday during 9:00 to 9:30, 13:00 to 13:30; \nDoris is busy on Monday during 9:00 to 9:30, 10:00 to 11:00, 11:30 to 13:30, 14:00 to 14:30, 15:00 to 15:30, 16:00 to 16:30; \nBeverly has blocked their calendar on Monday during 9:00 to 9:30, 10:00 to 14:00, 14:30 to 15:00, 15:30 to 16:30; \n\nBeverly would like to avoid more meetings on Monday before 11:30. Find a time that works for everyone's schedule and constraints. \nSOLUTION: "", 'golden_plan': 'Here is the proposed time: Monday, 16:30 - 17:00 ', 'pred_5shot_pro': ""Here is the proposed time: **Monday, 16:30 - 17:00** \n\nLet's break down why this works:\n\n* **Nicholas:** Free all day.\n* **Robert:** Free after 14:00.\n* **Gary:**  Free after 13:30.\n* **Doris:** Only free slot is 16:30 - 17:00.\n* **Beverly:** Free after 16:30 and prefers to avoid meetings before 11:30. \n\nThis time slot fits everyone's availability and respects Beverly's preference. \n"", 'prompt_0shot': ""You are an expert at scheduling meetings. You are given a few constraints on the existing schedule of each participant, the meeting duration, and possibly some preferences on the meeting time. Note there exists a solution that works with existing schedule of every participant. Here are a few example tasks and solutions:\n\nTASK: You need to schedule a meeting for Nicholas, Robert, Gary, Doris and Beverly for half an hour between the work hours of 9:00 to 17:00 on Monday. \n\nHere are the existing schedules for everyone during the day: \nNicholashas no meetings the whole day.\nRobert has blocked their calendar on Monday during 12:30 to 13:00, 13:30 to 14:00; \nGary has meetings on Monday during 9:00 to 9:30, 13:00 to 13:30; \nDoris is busy on Monday during 9:00 to 9:30, 10:00 to 11:00, 11:30 to 13:30, 14:00 to 14:30, 15:00 to 15:30, 16:00 to 16:30; \nBeverly has blocked their calendar on Monday during 9:00 to 9:30, 10:00 to 14:00, 14:30 to 15:00, 15:30 to 16:30; \n\nBeverly would like to avoid more meetings on Monday before 11:30. Find a time that works for everyone's schedule and constraints. \nSOLUTION: ""}",True,35700.0,9956.0,41.141016721725464,0.007552399999999999,react
calendar_scheduling_example_387,"Here is the proposed time: Monday, 13:30 - 14:00","{'num_people': '6', 'num_days': '1', 'duration': '0.5', 'prompt_5shot': ""You are an expert at scheduling meetings. You are given a few constraints on the existing schedule of each participant, the meeting duration, and possibly some preferences on the meeting time. Note there exists a solution that works with existing schedule of every participant. Here are a few example tasks and solutions:\n\nTASK: You need to schedule a meeting for Gabriel, Brandon, Janet, Maria, Joshua and Victoria for half an hour between the work hours of 9:00 to 17:00 on Monday. \n\nHere are the existing schedules for everyone during the day: \nGabrielhas no meetings the whole day.\nBrandon's calendar is wide open the entire day.\nJanet is busy on Monday during 9:30 to 10:00, 13:00 to 13:30; \nMaria has meetings on Monday during 10:00 to 12:00, 13:30 to 14:00, 14:30 to 15:00, 16:00 to 17:00; \nJoshua has meetings on Monday during 9:30 to 10:00, 10:30 to 11:30, 12:30 to 14:00, 14:30 to 15:30; \nVictoria has blocked their calendar on Monday during 9:30 to 10:30, 12:00 to 13:30, 14:30 to 15:00, 15:30 to 16:30; \n\nMaria would like to avoid more meetings on Monday after 14:00. Find a time that works for everyone's schedule and constraints. \nSOLUTION: Here is the proposed time: Monday, 9:00 - 9:30 \n\nTASK: You need to schedule a meeting for Jeffrey, Samantha, Abigail, Amanda, Jordan and Samuel for half an hour between the work hours of 9:00 to 17:00 on Monday. \n\nHere are the existing schedules for everyone during the day: \nJeffrey has meetings on Monday during 10:00 to 11:00, 12:00 to 14:00; \nSamantha is busy on Monday during 9:30 to 10:00, 13:00 to 13:30, 14:00 to 14:30, 15:00 to 15:30, 16:00 to 17:00; \nAbigail has blocked their calendar on Monday during 9:00 to 10:00, 11:30 to 12:00, 16:00 to 16:30; \nAmanda has blocked their calendar on Monday during 9:30 to 15:30, 16:00 to 17:00; \nJordan has meetings on Monday during 9:30 to 10:00, 11:00 to 14:00, 14:30 to 15:30, 16:30 to 17:00; \nSamuel is busy on Monday during 9:00 to 9:30, 10:00 to 13:30, 14:30 to 15:30, 16:00 to 17:00; \n\nFind a time that works for everyone's schedule and constraints. \nSOLUTION: Here is the proposed time: Monday, 15:30 - 16:00 \n\nTASK: You need to schedule a meeting for Janice, Melissa, Helen, Kelly, Catherine and Jordan for half an hour between the work hours of 9:00 to 17:00 on Monday. \n\nHere are the existing schedules for everyone during the day: \nJanice has blocked their calendar on Monday during 10:30 to 11:00, 11:30 to 12:00, 13:00 to 13:30, 14:30 to 15:00, 15:30 to 16:00, 16:30 to 17:00; \nMelissahas no meetings the whole day.\nHelen is busy on Monday during 9:30 to 10:00, 11:30 to 12:00, 15:30 to 16:00, 16:30 to 17:00; \nKelly is busy on Monday during 9:00 to 9:30, 10:00 to 11:00, 11:30 to 17:00; \nCatherine is busy on Monday during 9:00 to 9:30, 10:00 to 10:30, 11:30 to 14:00, 15:30 to 16:00; \nJordan has meetings on Monday during 9:00 to 11:00, 11:30 to 15:00, 15:30 to 17:00; \n\nFind a time that works for everyone's schedule and constraints. \nSOLUTION: Here is the proposed time: Monday, 11:00 - 11:30 \n\nTASK: You need to schedule a meeting for Maria, Joshua, Julia, Gloria, Amy and Judith for half an hour between the work hours of 9:00 to 17:00 on Monday. \n\nHere are the existing schedules for everyone during the day: \nMaria is busy on Monday during 9:30 to 10:00, 10:30 to 11:00, 14:30 to 15:00, 16:30 to 17:00; \nJoshua is busy on Monday during 9:30 to 10:00, 11:00 to 11:30; \nJulia has meetings on Monday during 9:30 to 10:00, 10:30 to 11:00, 11:30 to 12:00, 14:30 to 15:30, 16:00 to 16:30; \nGloria has meetings on Monday during 11:00 to 12:00, 12:30 to 14:00, 14:30 to 17:00; \nAmy has meetings on Monday during 10:30 to 11:00, 11:30 to 12:30, 13:00 to 15:00, 16:30 to 17:00; \nJudith is busy on Monday during 9:30 to 11:00, 11:30 to 12:00, 13:00 to 14:30, 15:00 to 15:30, 16:00 to 17:00; \n\nFind a time that works for everyone's schedule and constraints. \nSOLUTION: Here is the proposed time: Monday, 9:00 - 9:30 \n\nTASK: You need to schedule a meeting for Kimberly, Adam, Terry, Judy, Scott and Elijah for half an hour between the work hours of 9:00 to 17:00 on Monday. \n\nHere are the existing schedules for everyone during the day: \nKimberly has meetings on Monday during 10:00 to 10:30, 15:00 to 15:30; \nAdam has meetings on Monday during 11:30 to 12:00, 12:30 to 13:00; \nTerry has meetings on Monday during 11:30 to 12:30; \nJudy is busy on Monday during 9:00 to 11:00, 12:00 to 13:30, 15:30 to 16:00; \nScott has meetings on Monday during 9:30 to 10:00, 11:00 to 12:00, 12:30 to 13:30, 14:00 to 14:30, 15:00 to 15:30, 16:00 to 16:30; \nElijah has meetings on Monday during 11:00 to 13:30, 14:00 to 16:00, 16:30 to 17:00; \n\nFind a time that works for everyone's schedule and constraints. \nSOLUTION: Here is the proposed time: Monday, 13:30 - 14:00 \n\nTASK: You need to schedule a meeting for Bruce, Dorothy, Joyce, Jessica, Aaron and Kathryn for half an hour between the work hours of 9:00 to 17:00 on Monday. \n\nHere are the existing schedules for everyone during the day: \nBruce has meetings on Monday during 9:00 to 9:30, 10:00 to 11:00, 12:30 to 13:00, 14:00 to 14:30, 16:00 to 16:30; \nDorothyhas no meetings the whole day.\nJoyce's calendar is wide open the entire day.\nJessica is busy on Monday during 11:30 to 13:00, 13:30 to 14:00, 14:30 to 16:30; \nAaron has blocked their calendar on Monday during 9:00 to 10:30, 11:30 to 12:00, 13:00 to 13:30, 14:30 to 15:30, 16:00 to 16:30; \nKathryn has meetings on Monday during 9:00 to 9:30, 10:00 to 10:30, 12:30 to 14:00, 14:30 to 17:00; \n\nFind a time that works for everyone's schedule and constraints. \nSOLUTION: "", 'golden_plan': 'Here is the proposed time: Monday, 11:00 - 11:30 ', 'pred_5shot_pro': 'Here is the proposed time: Monday, 11:00 - 11:30 \n', 'prompt_0shot': ""You are an expert at scheduling meetings. You are given a few constraints on the existing schedule of each participant, the meeting duration, and possibly some preferences on the meeting time. Note there exists a solution that works with existing schedule of every participant. Here are a few example tasks and solutions:\n\nTASK: You need to schedule a meeting for Bruce, Dorothy, Joyce, Jessica, Aaron and Kathryn for half an hour between the work hours of 9:00 to 17:00 on Monday. \n\nHere are the existing schedules for everyone during the day: \nBruce has meetings on Monday during 9:00 to 9:30, 10:00 to 11:00, 12:30 to 13:00, 14:00 to 14:30, 16:00 to 16:30; \nDorothyhas no meetings the whole day.\nJoyce's calendar is wide open the entire day.\nJessica is busy on Monday during 11:30 to 13:00, 13:30 to 14:00, 14:30 to 16:30; \nAaron has blocked their calendar on Monday during 9:00 to 10:30, 11:30 to 12:00, 13:00 to 13:30, 14:30 to 15:30, 16:00 to 16:30; \nKathryn has meetings on Monday during 9:00 to 9:30, 10:00 to 10:30, 12:30 to 14:00, 14:30 to 17:00; \n\nFind a time that works for everyone's schedule and constraints. \nSOLUTION: ""}",False,10181.0,1395.0,6.532524347305298,0.0015761,react
calendar_scheduling_example_681,"Here is the proposed time: Monday, 13:00 - 14:00
","{'num_people': '2', 'num_days': '2', 'duration': '1', 'prompt_5shot': ""You are an expert at scheduling meetings. You are given a few constraints on the existing schedule of each participant, the meeting duration, and possibly some preferences on the meeting time. Note there exists a solution that works with existing schedule of every participant. Here are a few example tasks and solutions:\n\nTASK: You need to schedule a meeting for Bradley and Barbara for half an hour between the work hours of 9:00 to 17:00 on either Monday or Tuesday. \n\nHere are the existing schedules for everyone during the days: \nBradley has meetings on Monday during 9:30 to 10:00, 10:30 to 11:00, 12:30 to 13:30, 14:00 to 14:30, 15:00 to 16:00, 16:30 to 17:00, Tuesday during 10:00 to 10:30, 13:30 to 14:30, 15:30 to 17:00; \nBarbara has blocked their calendar on Monday during 9:30 to 12:00, 13:00 to 16:00, Tuesday during 9:30 to 13:30, 14:30 to 17:00; \n\nBarbara can not meet on Monday. Find a time that works for everyone's schedule and constraints. \nSOLUTION: Here is the proposed time: Tuesday, 9:00 - 9:30 \n\nTASK: You need to schedule a meeting for Patrick and Denise for one hour between the work hours of 9:00 to 17:00 on either Monday or Tuesday. \n\nHere are the existing schedules for everyone during the days: \nPatrick has blocked their calendar on Monday during 10:30 to 11:00, 12:00 to 13:00, 13:30 to 16:00, Tuesday during 9:30 to 10:00, 10:30 to 12:00, 15:30 to 16:00, 16:30 to 17:00; \nDenise has meetings on Monday during 9:00 to 9:30, 10:00 to 13:00, 13:30 to 16:00, 16:30 to 17:00, Tuesday during 10:00 to 11:00, 11:30 to 12:00, 13:00 to 14:00, 14:30 to 15:30, 16:00 to 17:00; \n\nFind a time that works for everyone's schedule and constraints. \nSOLUTION: Here is the proposed time: Tuesday, 12:00 - 13:00 \n\nTASK: You need to schedule a meeting for Willie and Jeffrey for one hour between the work hours of 9:00 to 17:00 on either Monday or Tuesday. \n\nHere are the existing schedules for everyone during the days: \nWilliehas no meetings the whole week.\nJeffrey has blocked their calendar on Monday during 9:30 to 12:30, 13:00 to 14:30, 15:00 to 16:00, Tuesday during 9:00 to 9:30, 11:00 to 12:30, 13:00 to 13:30, 14:00 to 15:30, 16:30 to 17:00; \n\nJeffrey do not want to meet on Tuesday. Find a time that works for everyone's schedule and constraints. \nSOLUTION: Here is the proposed time: Monday, 16:00 - 17:00 \n\nTASK: You need to schedule a meeting for Scott and Patricia for one hour between the work hours of 9:00 to 17:00 on either Monday or Tuesday. \n\nHere are the existing schedules for everyone during the days: \nScott's calendar is wide open the entire week.\nPatricia is busy on Monday during 9:00 to 10:00, 10:30 to 12:00, 14:00 to 14:30, 15:00 to 15:30, 16:00 to 16:30, Tuesday during 9:00 to 9:30, 10:30 to 11:00, 11:30 to 12:00, 13:00 to 13:30, 14:00 to 15:00, 16:00 to 17:00; \n\nThe group would like to meet at their earlist availability.\nFind a time that works for everyone's schedule and constraints. \nSOLUTION: Here is the proposed time: Monday, 12:00 - 13:00 \n\nTASK: You need to schedule a meeting for Eric and Lauren for half an hour between the work hours of 9:00 to 17:00 on either Monday or Tuesday. \n\nHere are the existing schedules for everyone during the days: \nEric has meetings on Monday during 9:00 to 9:30, 12:30 to 13:00, 13:30 to 14:30, 16:30 to 17:00, Tuesday during 9:00 to 9:30, 12:00 to 13:30, 15:00 to 15:30, 16:00 to 17:00; \nLauren has meetings on Monday during 10:30 to 11:30, 12:30 to 16:00, 16:30 to 17:00, Tuesday during 9:30 to 10:00, 11:00 to 12:00, 13:30 to 14:00, 15:00 to 15:30, 16:30 to 17:00; \n\nLauren would like to avoid more meetings on Tuesday. You would like to schedule the meeting at their earlist availability.\nFind a time that works for everyone's schedule and constraints. \nSOLUTION: Here is the proposed time: Monday, 9:30 - 10:00 \n\nTASK: You need to schedule a meeting for Albert and George for one hour between the work hours of 9:00 to 17:00 on either Monday or Tuesday. \n\nHere are the existing schedules for everyone during the days: \nAlbert has blocked their calendar on Monday during 12:30 to 13:00, Tuesday during 11:00 to 12:00, 13:00 to 13:30; \nGeorge is busy on Monday during 10:30 to 12:30, 13:00 to 13:30, 14:30 to 15:30, 16:00 to 16:30, Tuesday during 9:00 to 10:00, 11:00 to 14:30, 15:30 to 16:00; \n\nAlbert can not meet on Monday. George do not want to meet on Tuesday before 16:00. Find a time that works for everyone's schedule and constraints. \nSOLUTION: "", 'golden_plan': 'Here is the proposed time: Tuesday, 16:00 - 17:00 ', 'pred_5shot_pro': ""Here is the proposed time: **Tuesday, 16:00 - 17:00** \n\nLet's break down why:\n\n* **Albert's Constraints:**  Albert is only free on Tuesday from 9:00 - 11:00, 12:00 - 13:00, and 13:30 onwards.\n* **George's Constraints:** George is unavailable until 16:00 on Tuesday.\n* **Combined:** The only overlapping time slot that meets both constraints is 16:00 - 17:00 on Tuesday. \n"", 'prompt_0shot': ""You are an expert at scheduling meetings. You are given a few constraints on the existing schedule of each participant, the meeting duration, and possibly some preferences on the meeting time. Note there exists a solution that works with existing schedule of every participant. Here are a few example tasks and solutions:\n\nTASK: You need to schedule a meeting for Albert and George for one hour between the work hours of 9:00 to 17:00 on either Monday or Tuesday. \n\nHere are the existing schedules for everyone during the days: \nAlbert has blocked their calendar on Monday during 12:30 to 13:00, Tuesday during 11:00 to 12:00, 13:00 to 13:30; \nGeorge is busy on Monday during 10:30 to 12:30, 13:00 to 13:30, 14:30 to 15:30, 16:00 to 16:30, Tuesday during 9:00 to 10:00, 11:00 to 14:30, 15:30 to 16:00; \n\nAlbert can not meet on Monday. George do not want to meet on Tuesday before 16:00. Find a time that works for everyone's schedule and constraints. \nSOLUTION: ""}",False,4047.0,1052.0,7.2168145179748535,0.0008255,react
calendar_scheduling_example_29,"Here is the proposed time: Monday, 12:00 - 13:00","{'num_people': '3', 'num_days': '1', 'duration': '1', 'prompt_5shot': ""You are an expert at scheduling meetings. You are given a few constraints on the existing schedule of each participant, the meeting duration, and possibly some preferences on the meeting time. Note there exists a solution that works with existing schedule of every participant. Here are a few example tasks and solutions:\n\nTASK: You need to schedule a meeting for Roger, Karen and Dorothy for half an hour between the work hours of 9:00 to 17:00 on Monday. \n\nHere are the existing schedules for everyone during the day: \nRoger's calendar is wide open the entire day.\nKaren has meetings on Monday during 10:00 to 10:30, 11:30 to 12:00, 12:30 to 13:00, 14:00 to 15:00, 15:30 to 16:00; \nDorothy is busy on Monday during 9:00 to 10:00, 10:30 to 11:00, 11:30 to 12:00, 12:30 to 13:00, 14:00 to 15:30, 16:00 to 17:00; \n\nYou would like to schedule the meeting at their earlist availability.\nFind a time that works for everyone's schedule and constraints. \nSOLUTION: Here is the proposed time: Monday, 11:00 - 11:30 \n\nTASK: You need to schedule a meeting for Douglas, Lawrence and Isabella for half an hour between the work hours of 9:00 to 17:00 on Monday. \n\nHere are the existing schedules for everyone during the day: \nDouglas has meetings on Monday during 12:00 to 12:30, 15:00 to 15:30; \nLawrence has meetings on Monday during 10:30 to 12:00, 13:00 to 13:30, 14:00 to 14:30, 15:30 to 16:00; \nIsabella is busy on Monday during 9:00 to 12:30, 13:30 to 17:00; \n\nFind a time that works for everyone's schedule and constraints. \nSOLUTION: Here is the proposed time: Monday, 12:30 - 13:00 \n\nTASK: You need to schedule a meeting for Joshua, Denise and Jeremy for one hour between the work hours of 9:00 to 17:00 on Monday. \n\nHere are the existing schedules for everyone during the day: \nJoshua is busy on Monday during 10:00 to 10:30, 12:00 to 12:30, 14:00 to 14:30, 15:00 to 15:30; \nDenise's calendar is wide open the entire day.\nJeremy has meetings on Monday during 9:30 to 10:30, 12:00 to 13:00, 13:30 to 14:00, 14:30 to 15:00, 15:30 to 16:00, 16:30 to 17:00; \n\nFind a time that works for everyone's schedule and constraints. \nSOLUTION: Here is the proposed time: Monday, 10:30 - 11:30 \n\nTASK: You need to schedule a meeting for Alan, Elizabeth and Denise for half an hour between the work hours of 9:00 to 17:00 on Monday. \n\nHere are the existing schedules for everyone during the day: \nAlan has blocked their calendar on Monday during 13:00 to 13:30, 14:00 to 14:30; \nElizabeth is busy on Monday during 9:00 to 9:30, 11:00 to 11:30; \nDenise has blocked their calendar on Monday during 9:00 to 10:00, 10:30 to 11:30, 12:30 to 13:00, 13:30 to 14:00, 14:30 to 16:00, 16:30 to 17:00; \n\nYou would like to schedule the meeting at their earlist availability.\nFind a time that works for everyone's schedule and constraints. \nSOLUTION: Here is the proposed time: Monday, 10:00 - 10:30 \n\nTASK: You need to schedule a meeting for Mason, Bruce and Christopher for half an hour between the work hours of 9:00 to 17:00 on Monday. \n\nHere are the existing schedules for everyone during the day: \nMason has meetings on Monday during 9:30 to 10:00, 11:00 to 11:30, 14:30 to 15:00, 16:30 to 17:00; \nBruce is free the entire day.\nChristopher is busy on Monday during 9:30 to 10:30, 11:30 to 12:30, 15:00 to 17:00; \n\nMason would rather not meet on Monday before 12:30. Find a time that works for everyone's schedule and constraints. \nSOLUTION: Here is the proposed time: Monday, 12:30 - 13:00 \n\nTASK: You need to schedule a meeting for Madison, Diana and Shirley for one hour between the work hours of 9:00 to 17:00 on Monday. \n\nHere are the existing schedules for everyone during the day: \nMadison has blocked their calendar on Monday during 9:30 to 10:00, 11:30 to 12:00; \nDiana has meetings on Monday during 11:00 to 11:30, 13:00 to 13:30; \nShirley is busy on Monday during 9:00 to 12:00, 13:30 to 15:00, 15:30 to 17:00; \n\nFind a time that works for everyone's schedule and constraints. \nSOLUTION: "", 'golden_plan': 'Here is the proposed time: Monday, 12:00 - 13:00 ', 'pred_5shot_pro': 'Here is the proposed time: Monday, 12:00 - 13:00 \n', 'prompt_0shot': ""You are an expert at scheduling meetings. You are given a few constraints on the existing schedule of each participant, the meeting duration, and possibly some preferences on the meeting time. Note there exists a solution that works with existing schedule of every participant. Here are a few example tasks and solutions:\n\nTASK: You need to schedule a meeting for Madison, Diana and Shirley for one hour between the work hours of 9:00 to 17:00 on Monday. \n\nHere are the existing schedules for everyone during the day: \nMadison has blocked their calendar on Monday during 9:30 to 10:00, 11:30 to 12:00; \nDiana has meetings on Monday during 11:00 to 11:30, 13:00 to 13:30; \nShirley is busy on Monday during 9:00 to 12:00, 13:30 to 15:00, 15:30 to 17:00; \n\nFind a time that works for everyone's schedule and constraints. \nSOLUTION: ""}",True,1277.0,21.0,0.4633598327636719,0.00013609999999999997,react
calendar_scheduling_example_989,"Here is the proposed time: Monday, 13:00 - 13:30","{'num_people': '2', 'num_days': '5', 'duration': '0.5', 'prompt_5shot': ""You are an expert at scheduling meetings. You are given a few constraints on the existing schedule of each participant, the meeting duration, and possibly some preferences on the meeting time. Note there exists a solution that works with existing schedule of every participant. Here are a few example tasks and solutions:\n\nTASK: You need to schedule a meeting for David and Dorothy for half an hour between the work hours of 9:00 to 17:00 on either Monday, Tuesday, Wednesday, Thursday or Friday. \n\nHere are the existing schedules for everyone during the days: \nDavid is busy on Monday during 9:30 to 10:00, 10:30 to 11:30, 12:30 to 13:30, 14:30 to 15:30, Tuesday during 11:30 to 12:00, 15:00 to 15:30, 16:00 to 16:30, Wednesday during 9:30 to 10:30, 11:00 to 11:30, 14:00 to 14:30, 15:00 to 15:30, Thursday during 10:00 to 11:30, 12:00 to 14:30, 15:00 to 16:00, 16:30 to 17:00, Friday during 9:00 to 9:30, 16:00 to 16:30; \nDorothy has blocked their calendar on Monday during 9:00 to 11:30, 12:30 to 13:00, 13:30 to 17:00, Tuesday during 10:00 to 10:30, 11:00 to 11:30, 13:00 to 14:00, 14:30 to 16:00, 16:30 to 17:00, Wednesday during 9:00 to 13:00, 13:30 to 17:00, Thursday during 9:00 to 10:30, 11:00 to 12:30, 14:00 to 14:30, 15:00 to 16:30, Friday during 10:00 to 11:00, 12:00 to 12:30, 14:30 to 17:00; \n\nDavid do not want to meet on Thursday. Dorothy would like to avoid more meetings on Monday. Friday. The group would like to meet at their earlist availability.\nFind a time that works for everyone's schedule and constraints. \nSOLUTION: Here is the proposed time: Tuesday, 9:00 - 9:30 \n\nTASK: You need to schedule a meeting for Elizabeth and Vincent for half an hour between the work hours of 9:00 to 17:00 on either Monday, Tuesday, Wednesday, Thursday or Friday. \n\nHere are the existing schedules for everyone during the days: \nElizabeth is busy on Monday during 9:30 to 10:00, 10:30 to 14:00, 14:30 to 15:00, 16:00 to 16:30, Tuesday during 12:00 to 13:00, Wednesday during 10:00 to 10:30, 11:00 to 11:30, 12:00 to 12:30, 14:30 to 16:00, Thursday during 10:00 to 11:00, 11:30 to 12:30, 15:00 to 15:30, Friday during 9:30 to 10:30, 11:30 to 12:00, 12:30 to 13:00, 14:30 to 16:00; \nVincent has blocked their calendar on Monday during 9:00 to 12:00, 12:30 to 17:00, Tuesday during 9:00 to 11:00, 11:30 to 12:00, 12:30 to 15:00, 15:30 to 17:00, Wednesday during 9:00 to 15:30, 16:00 to 17:00, Thursday during 9:00 to 10:30, 11:00 to 13:00, 14:00 to 17:00, Friday during 9:00 to 17:00; \n\nYou would like to schedule the meeting at their earlist availability.\nFind a time that works for everyone's schedule and constraints. \nSOLUTION: Here is the proposed time: Tuesday, 11:00 - 11:30 \n\nTASK: You need to schedule a meeting for Bobby and Peter for half an hour between the work hours of 9:00 to 17:00 on either Monday, Tuesday, Wednesday, Thursday or Friday. \n\nHere are the existing schedules for everyone during the days: \nBobby is busy on Monday during 11:30 to 12:00, 13:00 to 13:30, 15:00 to 15:30, 16:00 to 16:30, Tuesday during 10:30 to 11:00, 12:30 to 13:30, 14:30 to 15:00, 16:30 to 17:00, Wednesday during 12:00 to 13:00, 15:00 to 15:30, Thursday during 10:00 to 10:30, 11:30 to 12:00, 13:30 to 14:00, Friday during 14:30 to 15:00; \nPeter is busy on Monday during 9:00 to 13:00, 13:30 to 17:00, Tuesday during 9:00 to 14:30, 15:30 to 17:00, Wednesday during 9:00 to 17:00, Thursday during 9:00 to 11:00, 11:30 to 12:30, 13:00 to 17:00, Friday during 9:00 to 12:30, 13:00 to 15:00, 15:30 to 16:30; \n\nBobby would like to avoid more meetings on Friday. Peter would rather not meet on Thursday. Find a time that works for everyone's schedule and constraints. \nSOLUTION: Here is the proposed time: Tuesday, 15:00 - 15:30 \n\nTASK: You need to schedule a meeting for Jacqueline and Joshua for one hour between the work hours of 9:00 to 17:00 on either Monday, Tuesday, Wednesday, Thursday or Friday. \n\nHere are the existing schedules for everyone during the days: \nJacqueline has blocked their calendar on Monday during 12:30 to 13:00, Wednesday during 9:30 to 10:00, 11:30 to 12:00, 13:00 to 14:00, 16:00 to 16:30, Thursday during 9:00 to 9:30, 11:30 to 12:00, 12:30 to 13:00, Friday during 10:00 to 11:30; \nJoshua has blocked their calendar on Monday during 9:30 to 10:00, 11:00 to 11:30, 12:00 to 12:30, 14:00 to 14:30, 16:00 to 17:00, Tuesday during 13:00 to 16:00, Wednesday during 9:00 to 13:00, 13:30 to 14:00, 14:30 to 15:30, 16:00 to 17:00, Thursday during 9:00 to 15:00, 15:30 to 17:00, Friday during 9:00 to 10:00, 11:00 to 12:00, 12:30 to 16:30; \n\nJoshua can not meet on Monday before 14:00. Tuesday. Find a time that works for everyone's schedule and constraints. \nSOLUTION: Here is the proposed time: Monday, 14:30 - 15:30 \n\nTASK: You need to schedule a meeting for Donald and Joshua for one hour between the work hours of 9:00 to 17:00 on either Monday, Tuesday, Wednesday, Thursday or Friday. \n\nHere are the existing schedules for everyone during the days: \nDonald has blocked their calendar on Monday during 9:00 to 9:30, 15:00 to 15:30, Tuesday during 10:00 to 11:00, 15:30 to 16:30, Wednesday during 10:00 to 10:30, 11:30 to 12:00, 15:00 to 15:30, Thursday during 9:00 to 9:30, 11:00 to 11:30, 12:30 to 13:00, Friday during 11:00 to 11:30, 14:30 to 15:00; \nJoshua has blocked their calendar on Monday during 9:00 to 11:30, 12:00 to 14:00, 14:30 to 15:00, 15:30 to 17:00, Tuesday during 9:00 to 12:30, 13:00 to 13:30, 14:00 to 16:30, Wednesday during 9:00 to 9:30, 10:30 to 11:00, 11:30 to 13:00, 13:30 to 14:00, 15:00 to 16:00, 16:30 to 17:00, Thursday during 9:00 to 16:30, Friday during 9:00 to 17:00; \n\nFind a time that works for everyone's schedule and constraints. \nSOLUTION: Here is the proposed time: Wednesday, 14:00 - 15:00 \n\nTASK: You need to schedule a meeting for Jeffrey and Scott for half an hour between the work hours of 9:00 to 17:00 on either Monday, Tuesday, Wednesday, Thursday or Friday. \n\nHere are the existing schedules for everyone during the days: \nJeffrey is busy on Monday during 11:30 to 12:00, 15:00 to 15:30, Wednesday during 10:30 to 11:00, 13:30 to 14:00, Thursday during 9:30 to 10:30, Friday during 10:00 to 10:30, 11:00 to 11:30; \nScott is busy on Monday during 9:00 to 13:00, 13:30 to 17:00, Tuesday during 9:30 to 11:00, 11:30 to 12:30, 13:00 to 13:30, 15:00 to 15:30, 16:00 to 16:30, Wednesday during 9:00 to 17:00, Thursday during 9:00 to 12:30, 13:00 to 14:00, 14:30 to 17:00, Friday during 9:00 to 9:30, 10:00 to 12:00, 13:00 to 14:00, 15:30 to 16:00, 16:30 to 17:00; \n\nThe group would like to meet at their earlist availability.\nFind a time that works for everyone's schedule and constraints. \nSOLUTION: "", 'golden_plan': 'Here is the proposed time: Monday, 13:00 - 13:30 ', 'pred_5shot_pro': 'Here is the proposed time: Tuesday, 12:30 - 13:00 \n', 'prompt_0shot': ""You are an expert at scheduling meetings. You are given a few constraints on the existing schedule of each participant, the meeting duration, and possibly some preferences on the meeting time. Note there exists a solution that works with existing schedule of every participant. Here are a few example tasks and solutions:\n\nTASK: You need to schedule a meeting for Jeffrey and Scott for half an hour between the work hours of 9:00 to 17:00 on either Monday, Tuesday, Wednesday, Thursday or Friday. \n\nHere are the existing schedules for everyone during the days: \nJeffrey is busy on Monday during 11:30 to 12:00, 15:00 to 15:30, Wednesday during 10:30 to 11:00, 13:30 to 14:00, Thursday during 9:30 to 10:30, Friday during 10:00 to 10:30, 11:00 to 11:30; \nScott is busy on Monday during 9:00 to 13:00, 13:30 to 17:00, Tuesday during 9:30 to 11:00, 11:30 to 12:30, 13:00 to 13:30, 15:00 to 15:30, 16:00 to 16:30, Wednesday during 9:00 to 17:00, Thursday during 9:00 to 12:30, 13:00 to 14:00, 14:30 to 17:00, Friday during 9:00 to 9:30, 10:00 to 12:00, 13:00 to 14:00, 15:30 to 16:00, 16:30 to 17:00; \n\nThe group would like to meet at their earlist availability.\nFind a time that works for everyone's schedule and constraints. \nSOLUTION: ""}",True,1519.0,21.0,0.5042459964752197,0.0001603,react
calendar_scheduling_example_892,"Here is the proposed time: Monday, 14:00 - 15:00","{'num_people': '2', 'num_days': '4', 'duration': '1', 'prompt_5shot': ""You are an expert at scheduling meetings. You are given a few constraints on the existing schedule of each participant, the meeting duration, and possibly some preferences on the meeting time. Note there exists a solution that works with existing schedule of every participant. Here are a few example tasks and solutions:\n\nTASK: You need to schedule a meeting for Diane and Austin for half an hour between the work hours of 9:00 to 17:00 on either Monday, Tuesday, Wednesday or Thursday. \n\nHere are the existing schedules for everyone during the days: \nDiane has meetings on Monday during 9:00 to 9:30, 11:00 to 11:30, 13:30 to 14:00, Tuesday during 11:30 to 12:00, 16:30 to 17:00, Wednesday during 12:30 to 13:00, 14:00 to 14:30, Thursday during 9:30 to 10:00, 14:30 to 15:00, 15:30 to 16:00; \nAustin is busy on Monday during 9:00 to 10:00, 10:30 to 17:00, Tuesday during 9:00 to 17:00, Wednesday during 9:00 to 10:00, 11:00 to 16:00, Thursday during 9:00 to 12:00, 12:30 to 17:00; \n\nDiane would rather not meet on Thursday. Austin do not want to meet on Wednesday. Find a time that works for everyone's schedule and constraints. \nSOLUTION: Here is the proposed time: Monday, 10:00 - 10:30 \n\nTASK: You need to schedule a meeting for Henry and Patricia for half an hour between the work hours of 9:00 to 17:00 on either Monday, Tuesday, Wednesday or Thursday. \n\nHere are the existing schedules for everyone during the days: \nHenry is free the entire week.\nPatricia has blocked their calendar on Monday during 10:30 to 11:00, 11:30 to 13:30, 14:30 to 15:00, 15:30 to 16:00, Tuesday during 9:00 to 11:00, 11:30 to 12:00, 12:30 to 13:00, 15:00 to 15:30, 16:00 to 17:00, Wednesday during 9:00 to 11:30, 12:30 to 14:00, 16:00 to 16:30, Thursday during 10:00 to 10:30, 11:00 to 12:30, 14:00 to 15:00, 16:30 to 17:00; \n\nHenry can not meet on Monday. Wednesday. Thursday. Patricia would rather not meet on Tuesday after 12:30. Find a time that works for everyone's schedule and constraints. \nSOLUTION: Here is the proposed time: Tuesday, 12:00 - 12:30 \n\nTASK: You need to schedule a meeting for Charles and Walter for half an hour between the work hours of 9:00 to 17:00 on either Monday, Tuesday, Wednesday or Thursday. \n\nHere are the existing schedules for everyone during the days: \nCharles is busy on Monday during 9:00 to 11:00, 13:00 to 13:30, 16:00 to 16:30, Tuesday during 10:00 to 10:30, 11:30 to 12:00, 12:30 to 14:00, Wednesday during 9:30 to 10:30, 12:00 to 12:30, 13:00 to 14:00, 14:30 to 16:00, 16:30 to 17:00, Thursday during 10:00 to 12:00, 14:30 to 15:30, 16:00 to 17:00; \nWalter has meetings on Monday during 10:00 to 14:00, 14:30 to 15:00, 15:30 to 16:30, Tuesday during 9:00 to 10:00, 10:30 to 13:30, 14:00 to 15:30, 16:00 to 17:00, Wednesday during 10:30 to 11:00, 12:00 to 14:00, 15:30 to 16:00, Thursday during 9:00 to 15:00, 15:30 to 16:00, 16:30 to 17:00; \n\nCharles do not want to meet on Tuesday. Walter can not meet on Monday after 16:30. Wednesday. Find a time that works for everyone's schedule and constraints. \nSOLUTION: Here is the proposed time: Monday, 15:00 - 15:30 \n\nTASK: You need to schedule a meeting for Bryan and Abigail for half an hour between the work hours of 9:00 to 17:00 on either Monday, Tuesday, Wednesday or Thursday. \n\nHere are the existing schedules for everyone during the days: \nBryan is busy on Monday during 9:00 to 10:30, 11:30 to 12:00, 12:30 to 13:30, 15:00 to 15:30, 16:30 to 17:00, Tuesday during 10:30 to 11:00, 13:30 to 14:00, 16:30 to 17:00, Wednesday during 9:30 to 10:00, 12:00 to 13:00, Thursday during 10:30 to 11:00, 11:30 to 13:00, 13:30 to 14:00, 16:30 to 17:00; \nAbigail has meetings on Monday during 9:00 to 9:30, 10:00 to 10:30, 11:00 to 11:30, 12:30 to 13:00, 13:30 to 14:00, 14:30 to 15:00, 15:30 to 17:00, Tuesday during 9:30 to 14:00, 15:00 to 15:30, 16:00 to 16:30, Wednesday during 9:00 to 12:00, 12:30 to 13:00, 13:30 to 14:30, 15:00 to 15:30, 16:00 to 17:00, Thursday during 9:00 to 9:30, 10:00 to 13:30, 14:00 to 17:00; \n\nBryan can not meet on Tuesday. Abigail would like to avoid more meetings on Monday. Wednesday after 13:30. Thursday. Find a time that works for everyone's schedule and constraints. \nSOLUTION: Here is the proposed time: Wednesday, 13:00 - 13:30 \n\nTASK: You need to schedule a meeting for Nicole and Ronald for one hour between the work hours of 9:00 to 17:00 on either Monday, Tuesday, Wednesday or Thursday. \n\nHere are the existing schedules for everyone during the days: \nNicole is busy on Monday during 10:00 to 10:30, 11:30 to 12:00, 13:00 to 13:30, 14:00 to 14:30, 15:00 to 15:30, 16:30 to 17:00, Tuesday during 9:00 to 9:30, 10:30 to 11:30, 12:30 to 13:30, 14:00 to 15:30, 16:00 to 17:00, Wednesday during 9:00 to 9:30, 10:30 to 11:00, 12:30 to 13:30, 16:00 to 16:30, Thursday during 9:00 to 9:30, 11:00 to 12:30, 13:30 to 14:30, 16:30 to 17:00; \nRonald has blocked their calendar on Monday during 9:00 to 15:30, 16:30 to 17:00, Tuesday during 9:00 to 10:00, 11:00 to 11:30, 16:30 to 17:00, Wednesday during 9:00 to 12:00, 13:00 to 13:30, 14:00 to 14:30, 15:00 to 15:30, 16:00 to 17:00, Thursday during 9:00 to 9:30, 11:00 to 12:30, 13:00 to 14:30, 15:00 to 16:00; \n\nThe group would like to meet at their earlist availability.\nFind a time that works for everyone's schedule and constraints. \nSOLUTION: Here is the proposed time: Monday, 15:30 - 16:30 \n\nTASK: You need to schedule a meeting for Willie and Michael for one hour between the work hours of 9:00 to 17:00 on either Monday, Tuesday, Wednesday or Thursday. \n\nHere are the existing schedules for everyone during the days: \nWillie is busy on Monday during 10:30 to 11:00, 11:30 to 12:00, 14:30 to 15:00, 15:30 to 16:00, Tuesday during 10:30 to 11:00, 13:00 to 13:30, 15:30 to 17:00, Wednesday during 9:00 to 9:30, 14:00 to 14:30, 16:00 to 16:30, Thursday during 9:00 to 10:00, 11:00 to 12:00, 13:30 to 14:00, 14:30 to 15:00, 15:30 to 16:30; \nMichael has blocked their calendar on Monday during 9:30 to 10:30, 11:00 to 11:30, 12:00 to 14:30, 15:00 to 17:00, Tuesday during 9:00 to 9:30, 11:00 to 12:00, 12:30 to 13:30, 14:30 to 15:00, 16:00 to 16:30, Wednesday during 9:00 to 9:30, 10:30 to 11:00, 11:30 to 12:00, 13:00 to 13:30, 14:00 to 14:30, 15:00 to 15:30, 16:30 to 17:00, Thursday during 9:00 to 10:30, 11:00 to 12:00, 14:00 to 14:30, 16:00 to 17:00; \n\nWillie would like to avoid more meetings on Wednesday. The group would like to meet at their earlist availability.\nFind a time that works for everyone's schedule and constraints. \nSOLUTION: "", 'golden_plan': 'Here is the proposed time: Tuesday, 9:30 - 10:30 ', 'pred_5shot_pro': 'Here is the proposed time: Tuesday, 10:00 - 11:00 \n', 'prompt_0shot': ""You are an expert at scheduling meetings. You are given a few constraints on the existing schedule of each participant, the meeting duration, and possibly some preferences on the meeting time. Note there exists a solution that works with existing schedule of every participant. Here are a few example tasks and solutions:\n\nTASK: You need to schedule a meeting for Willie and Michael for one hour between the work hours of 9:00 to 17:00 on either Monday, Tuesday, Wednesday or Thursday. \n\nHere are the existing schedules for everyone during the days: \nWillie is busy on Monday during 10:30 to 11:00, 11:30 to 12:00, 14:30 to 15:00, 15:30 to 16:00, Tuesday during 10:30 to 11:00, 13:00 to 13:30, 15:30 to 17:00, Wednesday during 9:00 to 9:30, 14:00 to 14:30, 16:00 to 16:30, Thursday during 9:00 to 10:00, 11:00 to 12:00, 13:30 to 14:00, 14:30 to 15:00, 15:30 to 16:30; \nMichael has blocked their calendar on Monday during 9:30 to 10:30, 11:00 to 11:30, 12:00 to 14:30, 15:00 to 17:00, Tuesday during 9:00 to 9:30, 11:00 to 12:00, 12:30 to 13:30, 14:30 to 15:00, 16:00 to 16:30, Wednesday during 9:00 to 9:30, 10:30 to 11:00, 11:30 to 12:00, 13:00 to 13:30, 14:00 to 14:30, 15:00 to 15:30, 16:30 to 17:00, Thursday during 9:00 to 10:30, 11:00 to 12:00, 14:00 to 14:30, 16:00 to 17:00; \n\nWillie would like to avoid more meetings on Wednesday. The group would like to meet at their earlist availability.\nFind a time that works for everyone's schedule and constraints. \nSOLUTION: ""}",False,13768.0,2213.0,18.670767068862915,0.0022619999999999997,react
calendar_scheduling_example_936,"The user is asking for the output of a Python function `calendar_scheduling` given a specific prompt. The `calendar_scheduling` function is described as solving calendar scheduling problems and returning a proposed meeting time.

To determine the output, I need to simulate the steps that the `calendar_scheduling` function would take based on the provided documentation stub and the available tools. The process would involve:

1.  **Parsing the schedule**: The `parse_schedules` tool would be used to extract structured information from the `prompt` string. This would include participant names, working hours, duration, days, and their busy schedules.
2.  **Finding available slots**: The `find_available_slots` tool would take the original prompt and the parsed schedule JSON to find all possible time slots that satisfy everyone's availability and the meeting duration.
3.  **Selecting and formatting the best slot**: The `select_and_format` tool would use the list of available slots and a preference (if specified, otherwise it would default to 'earliest' or 'latest' based on the problem, or perhaps the tool itself decides a default) to select the most suitable slot and format it into the required output string.

Let's break down the prompt to understand the scheduling problem:

*   **Participants**: Brittany and Stephen
*   **Duration**: Half an hour (30 minutes)
*   **Working hours**: 9:00 to 17:00
*   **Days**: Monday, Tuesday, Wednesday, Thursday, Friday
*   **Brittany's busy times**:
    *   Monday: 10:30-11:00, 12:00-12:30, 13:30-14:30, 15:00-15:30, 16:00-16:30
    *   Tuesday: 10:00-10:30, 11:00-11:30, 12:30-13:00, 13:30-14:00, 14:30-15:00, 16:00-16:30
    *   Wednesday: 9:00-11:00, 11:30-13:30, 14:30-15:00, 15:30-16:00, 16:30-17:00
    *   Thursday: 9:30-10:00, 11:00-11:30, 15:30-16:00, 16:30-17:00
    *   Friday: 9:00-9:30, 11:30-12:00, 12:30-13:00, 14:30-15:00, 16:30-17:00
*   **Stephen's busy times**:
    *   Monday: 9:00-17:00 (fully busy)
    *   Tuesday: 9:00-17:00 (fully busy)
    *   Wednesday: 9:00-9:30, 10:00-13:30, 14:00-17:00
    *   Thursday: 9:00-17:00 (fully busy)
    *   Friday: 9:00-17:00 (fully busy)

Now, let's analyze Stephen's schedule first. Stephen is busy all day on Monday, Tuesday, Thursday, and Friday. This means no meeting can be scheduled on these days.

The only possible day for the meeting is Wednesday.

Let's look at Wednesday's schedule:
*   **Working hours**: 9:00 - 17:00
*   **Brittany's busy times on Wednesday**: 9:00-11:00, 11:30-13:30, 14:30-15:00, 15:30-16:00, 16:30-17:00
*   **Stephen's busy times on Wednesday**: 9:00-9:30, 10:00-13:30, 14:00-17:00

Let's find Brittany's free times on Wednesday between 9:00 and 17:00:
*   9:00-17:00 (working hours)
*   Busy: [9:00-11:00], [11:30-13:30], [14:30-15:00], [15:30-16:00], [16:30-17:00]
*   Free: [11:00-11:30], [13:30-14:30], [15:00-15:30], [16:00-16:30]

Let's find Stephen's free times on Wednesday between 9:00 and 17:00:
*   9:00-17:00 (working hours)
*   Busy: [9:00-9:30], [10:00-13:30], [14:00-17:00]
*   Free: [9:30-10:00], [13:30-14:00]

Now, let's find the common free times for both Brittany and Stephen on Wednesday:
*   Brittany's free: [11:00-11:30], [13:30-14:30], [15:00-15:30], [16:00-16:30]
*   Stephen's free: [9:30-10:00], [13:30-14:00]

The intersection of their free times is:
*   [13:30-14:00]

The required meeting duration is 30 minutes.
The only common free interval is [13:30-14:00], which is exactly 30 minutes long.

Therefore, the only possible slot is Wednesday, 13:30 to 14:00.

The `select_and_format` tool would then format this slot. Since there's only one slot, it will be selected regardless of preference.

The output format required is: 'Here is the proposed time: {Day}, {HH:MM} - {HH:MM}'

So the output should be: 'Here is the proposed time: Wednesday, 13:30 - 14:00'

To confirm this, I will simulate the calls to the tools.
First, call `parse_schedules` with the `prompt`.
Then call `find_available_slots` with the `prompt` and the output of `parse_schedules`.
Finally, call `select_and_format` with the output of `find_available_slots` and a preference. Since no explicit preference is stated for this specific task within the prompt, the tool might default to 'earliest'. In this case, there's only one slot, so the preference doesn't matter.
I'll use 'earliest' as the preference for `select_and_format` as a default.
```python
print(default_api.parse_schedules(problem_text='You are an expert at scheduling meetings. You are given a few constraints on the existing schedule of each participant, the meeting duration, and possibly some preferences on the meeting time. Note there exists a solution that works with existing schedule of every participant. Here are a few example tasks and solutions:\n\nTASK: You need to schedule a meeting for Brittany and Stephen for half an hour between the work hours of 9:00 to 17:00 on either Monday, Tuesday, Wednesday, Thursday or Friday. \n\nHere are the existing schedules for everyone during the days: \nBrittany has meetings on Monday during 10:30 to 11:00, 12:00 to 12:30, 13:30 to 14:30, 15:00 to 15:30, 16:00 to 16:30, Tuesday during 10:00 to 10:30, 11:00 to 11:30, 12:30 to 13:00, 13:30 to 14:00, 14:30 to 15:00, 16:00 to 16:30, Wednesday during 9:00 to 11:00, 11:30 to 13:30, 14:30 to 15:00, 15:30 to 16:00, 16:30 to 17:00, Thursday during 9:30 to 10:00, 11:00 to 11:30, 15:30 to 16:00, 16:30 to 17:00, Friday during 9:00 to 9:30, 11:30 to 12:00, 12:30 to 13:00, 14:30 to 15:00, 16:30 to 17:00; \nStephen has meetings on Monday during 9:00 to 17:00, Tuesday during 9:00 to 17:00, Wednesday during 9:00 to 9:30, 10:00 to 13:30, 14:00 to 17:00, Thursday during 9:00 to 17:00, Friday during 9:00 to 17:00; \n\nFind a time that works for everyone\'s schedule and constraints. \nSOLUTION: '))
","{'num_people': '2', 'num_days': '5', 'duration': '0.5', 'prompt_5shot': ""You are an expert at scheduling meetings. You are given a few constraints on the existing schedule of each participant, the meeting duration, and possibly some preferences on the meeting time. Note there exists a solution that works with existing schedule of every participant. Here are a few example tasks and solutions:\n\nTASK: You need to schedule a meeting for David and Dorothy for half an hour between the work hours of 9:00 to 17:00 on either Monday, Tuesday, Wednesday, Thursday or Friday. \n\nHere are the existing schedules for everyone during the days: \nDavid is busy on Monday during 9:30 to 10:00, 10:30 to 11:30, 12:30 to 13:30, 14:30 to 15:30, Tuesday during 11:30 to 12:00, 15:00 to 15:30, 16:00 to 16:30, Wednesday during 9:30 to 10:30, 11:00 to 11:30, 14:00 to 14:30, 15:00 to 15:30, Thursday during 10:00 to 11:30, 12:00 to 14:30, 15:00 to 16:00, 16:30 to 17:00, Friday during 9:00 to 9:30, 16:00 to 16:30; \nDorothy has blocked their calendar on Monday during 9:00 to 11:30, 12:30 to 13:00, 13:30 to 17:00, Tuesday during 10:00 to 10:30, 11:00 to 11:30, 13:00 to 14:00, 14:30 to 16:00, 16:30 to 17:00, Wednesday during 9:00 to 13:00, 13:30 to 17:00, Thursday during 9:00 to 10:30, 11:00 to 12:30, 14:00 to 14:30, 15:00 to 16:30, Friday during 10:00 to 11:00, 12:00 to 12:30, 14:30 to 17:00; \n\nDavid do not want to meet on Thursday. Dorothy would like to avoid more meetings on Monday. Friday. The group would like to meet at their earlist availability.\nFind a time that works for everyone's schedule and constraints. \nSOLUTION: Here is the proposed time: Tuesday, 9:00 - 9:30 \n\nTASK: You need to schedule a meeting for Elizabeth and Vincent for half an hour between the work hours of 9:00 to 17:00 on either Monday, Tuesday, Wednesday, Thursday or Friday. \n\nHere are the existing schedules for everyone during the days: \nElizabeth is busy on Monday during 9:30 to 10:00, 10:30 to 14:00, 14:30 to 15:00, 16:00 to 16:30, Tuesday during 12:00 to 13:00, Wednesday during 10:00 to 10:30, 11:00 to 11:30, 12:00 to 12:30, 14:30 to 16:00, Thursday during 10:00 to 11:00, 11:30 to 12:30, 15:00 to 15:30, Friday during 9:30 to 10:30, 11:30 to 12:00, 12:30 to 13:00, 14:30 to 16:00; \nVincent has blocked their calendar on Monday during 9:00 to 12:00, 12:30 to 17:00, Tuesday during 9:00 to 11:00, 11:30 to 12:00, 12:30 to 15:00, 15:30 to 17:00, Wednesday during 9:00 to 15:30, 16:00 to 17:00, Thursday during 9:00 to 10:30, 11:00 to 13:00, 14:00 to 17:00, Friday during 9:00 to 17:00; \n\nYou would like to schedule the meeting at their earlist availability.\nFind a time that works for everyone's schedule and constraints. \nSOLUTION: Here is the proposed time: Tuesday, 11:00 - 11:30 \n\nTASK: You need to schedule a meeting for Bobby and Peter for half an hour between the work hours of 9:00 to 17:00 on either Monday, Tuesday, Wednesday, Thursday or Friday. \n\nHere are the existing schedules for everyone during the days: \nBobby is busy on Monday during 11:30 to 12:00, 13:00 to 13:30, 15:00 to 15:30, 16:00 to 16:30, Tuesday during 10:30 to 11:00, 12:30 to 13:30, 14:30 to 15:00, 16:30 to 17:00, Wednesday during 12:00 to 13:00, 15:00 to 15:30, Thursday during 10:00 to 10:30, 11:30 to 12:00, 13:30 to 14:00, Friday during 14:30 to 15:00; \nPeter is busy on Monday during 9:00 to 13:00, 13:30 to 17:00, Tuesday during 9:00 to 14:30, 15:30 to 17:00, Wednesday during 9:00 to 17:00, Thursday during 9:00 to 11:00, 11:30 to 12:30, 13:00 to 17:00, Friday during 9:00 to 12:30, 13:00 to 15:00, 15:30 to 16:30; \n\nBobby would like to avoid more meetings on Friday. Peter would rather not meet on Thursday. Find a time that works for everyone's schedule and constraints. \nSOLUTION: Here is the proposed time: Tuesday, 15:00 - 15:30 \n\nTASK: You need to schedule a meeting for Jacqueline and Joshua for one hour between the work hours of 9:00 to 17:00 on either Monday, Tuesday, Wednesday, Thursday or Friday. \n\nHere are the existing schedules for everyone during the days: \nJacqueline has blocked their calendar on Monday during 12:30 to 13:00, Wednesday during 9:30 to 10:00, 11:30 to 12:00, 13:00 to 14:00, 16:00 to 16:30, Thursday during 9:00 to 9:30, 11:30 to 12:00, 12:30 to 13:00, Friday during 10:00 to 11:30; \nJoshua has blocked their calendar on Monday during 9:30 to 10:00, 11:00 to 11:30, 12:00 to 12:30, 14:00 to 14:30, 16:00 to 17:00, Tuesday during 13:00 to 16:00, Wednesday during 9:00 to 13:00, 13:30 to 14:00, 14:30 to 15:30, 16:00 to 17:00, Thursday during 9:00 to 15:00, 15:30 to 17:00, Friday during 9:00 to 10:00, 11:00 to 12:00, 12:30 to 16:30; \n\nJoshua can not meet on Monday before 14:00. Tuesday. Find a time that works for everyone's schedule and constraints. \nSOLUTION: Here is the proposed time: Monday, 14:30 - 15:30 \n\nTASK: You need to schedule a meeting for Donald and Joshua for one hour between the work hours of 9:00 to 17:00 on either Monday, Tuesday, Wednesday, Thursday or Friday. \n\nHere are the existing schedules for everyone during the days: \nDonald has blocked their calendar on Monday during 9:00 to 9:30, 15:00 to 15:30, Tuesday during 10:00 to 11:00, 15:30 to 16:30, Wednesday during 10:00 to 10:30, 11:30 to 12:00, 15:00 to 15:30, Thursday during 9:00 to 9:30, 11:00 to 11:30, 12:30 to 13:00, Friday during 11:00 to 11:30, 14:30 to 15:00; \nJoshua has blocked their calendar on Monday during 9:00 to 11:30, 12:00 to 14:00, 14:30 to 15:00, 15:30 to 17:00, Tuesday during 9:00 to 12:30, 13:00 to 13:30, 14:00 to 16:30, Wednesday during 9:00 to 9:30, 10:30 to 11:00, 11:30 to 13:00, 13:30 to 14:00, 15:00 to 16:00, 16:30 to 17:00, Thursday during 9:00 to 16:30, Friday during 9:00 to 17:00; \n\nFind a time that works for everyone's schedule and constraints. \nSOLUTION: Here is the proposed time: Wednesday, 14:00 - 15:00 \n\nTASK: You need to schedule a meeting for Brittany and Stephen for half an hour between the work hours of 9:00 to 17:00 on either Monday, Tuesday, Wednesday, Thursday or Friday. \n\nHere are the existing schedules for everyone during the days: \nBrittany has meetings on Monday during 10:30 to 11:00, 12:00 to 12:30, 13:30 to 14:30, 15:00 to 15:30, 16:00 to 16:30, Tuesday during 10:00 to 10:30, 11:00 to 11:30, 12:30 to 13:00, 13:30 to 14:00, 14:30 to 15:00, 16:00 to 16:30, Wednesday during 9:00 to 11:00, 11:30 to 13:30, 14:30 to 15:00, 15:30 to 16:00, 16:30 to 17:00, Thursday during 9:30 to 10:00, 11:00 to 11:30, 15:30 to 16:00, 16:30 to 17:00, Friday during 9:00 to 9:30, 11:30 to 12:00, 12:30 to 13:00, 14:30 to 15:00, 16:30 to 17:00; \nStephen has meetings on Monday during 9:00 to 17:00, Tuesday during 9:00 to 17:00, Wednesday during 9:00 to 9:30, 10:00 to 13:30, 14:00 to 17:00, Thursday during 9:00 to 17:00, Friday during 9:00 to 17:00; \n\nFind a time that works for everyone's schedule and constraints. \nSOLUTION: "", 'golden_plan': 'Here is the proposed time: Wednesday, 13:30 - 14:00 ', 'pred_5shot_pro': 'SOLUTION: Here is the proposed time: Wednesday, 13:30 - 14:00 \n', 'prompt_0shot': ""You are an expert at scheduling meetings. You are given a few constraints on the existing schedule of each participant, the meeting duration, and possibly some preferences on the meeting time. Note there exists a solution that works with existing schedule of every participant. Here are a few example tasks and solutions:\n\nTASK: You need to schedule a meeting for Brittany and Stephen for half an hour between the work hours of 9:00 to 17:00 on either Monday, Tuesday, Wednesday, Thursday or Friday. \n\nHere are the existing schedules for everyone during the days: \nBrittany has meetings on Monday during 10:30 to 11:00, 12:00 to 12:30, 13:30 to 14:30, 15:00 to 15:30, 16:00 to 16:30, Tuesday during 10:00 to 10:30, 11:00 to 11:30, 12:30 to 13:00, 13:30 to 14:00, 14:30 to 15:00, 16:00 to 16:30, Wednesday during 9:00 to 11:00, 11:30 to 13:30, 14:30 to 15:00, 15:30 to 16:00, 16:30 to 17:00, Thursday during 9:30 to 10:00, 11:00 to 11:30, 15:30 to 16:00, 16:30 to 17:00, Friday during 9:00 to 9:30, 11:30 to 12:00, 12:30 to 13:00, 14:30 to 15:00, 16:30 to 17:00; \nStephen has meetings on Monday during 9:00 to 17:00, Tuesday during 9:00 to 17:00, Wednesday during 9:00 to 9:30, 10:00 to 13:30, 14:00 to 17:00, Thursday during 9:00 to 17:00, Friday during 9:00 to 17:00; \n\nFind a time that works for everyone's schedule and constraints. \nSOLUTION: ""}",True,1633.0,2374.0,8.720709085464478,0.0011129,react
calendar_scheduling_example_660,"Here is the proposed time: Monday, 12:30 - 13:30
","{'num_people': '2', 'num_days': '2', 'duration': '1', 'prompt_5shot': ""You are an expert at scheduling meetings. You are given a few constraints on the existing schedule of each participant, the meeting duration, and possibly some preferences on the meeting time. Note there exists a solution that works with existing schedule of every participant. Here are a few example tasks and solutions:\n\nTASK: You need to schedule a meeting for Bradley and Barbara for half an hour between the work hours of 9:00 to 17:00 on either Monday or Tuesday. \n\nHere are the existing schedules for everyone during the days: \nBradley has meetings on Monday during 9:30 to 10:00, 10:30 to 11:00, 12:30 to 13:30, 14:00 to 14:30, 15:00 to 16:00, 16:30 to 17:00, Tuesday during 10:00 to 10:30, 13:30 to 14:30, 15:30 to 17:00; \nBarbara has blocked their calendar on Monday during 9:30 to 12:00, 13:00 to 16:00, Tuesday during 9:30 to 13:30, 14:30 to 17:00; \n\nBarbara can not meet on Monday. Find a time that works for everyone's schedule and constraints. \nSOLUTION: Here is the proposed time: Tuesday, 9:00 - 9:30 \n\nTASK: You need to schedule a meeting for Patrick and Denise for one hour between the work hours of 9:00 to 17:00 on either Monday or Tuesday. \n\nHere are the existing schedules for everyone during the days: \nPatrick has blocked their calendar on Monday during 10:30 to 11:00, 12:00 to 13:00, 13:30 to 16:00, Tuesday during 9:30 to 10:00, 10:30 to 12:00, 15:30 to 16:00, 16:30 to 17:00; \nDenise has meetings on Monday during 9:00 to 9:30, 10:00 to 13:00, 13:30 to 16:00, 16:30 to 17:00, Tuesday during 10:00 to 11:00, 11:30 to 12:00, 13:00 to 14:00, 14:30 to 15:30, 16:00 to 17:00; \n\nFind a time that works for everyone's schedule and constraints. \nSOLUTION: Here is the proposed time: Tuesday, 12:00 - 13:00 \n\nTASK: You need to schedule a meeting for Willie and Jeffrey for one hour between the work hours of 9:00 to 17:00 on either Monday or Tuesday. \n\nHere are the existing schedules for everyone during the days: \nWilliehas no meetings the whole week.\nJeffrey has blocked their calendar on Monday during 9:30 to 12:30, 13:00 to 14:30, 15:00 to 16:00, Tuesday during 9:00 to 9:30, 11:00 to 12:30, 13:00 to 13:30, 14:00 to 15:30, 16:30 to 17:00; \n\nJeffrey do not want to meet on Tuesday. Find a time that works for everyone's schedule and constraints. \nSOLUTION: Here is the proposed time: Monday, 16:00 - 17:00 \n\nTASK: You need to schedule a meeting for Scott and Patricia for one hour between the work hours of 9:00 to 17:00 on either Monday or Tuesday. \n\nHere are the existing schedules for everyone during the days: \nScott's calendar is wide open the entire week.\nPatricia is busy on Monday during 9:00 to 10:00, 10:30 to 12:00, 14:00 to 14:30, 15:00 to 15:30, 16:00 to 16:30, Tuesday during 9:00 to 9:30, 10:30 to 11:00, 11:30 to 12:00, 13:00 to 13:30, 14:00 to 15:00, 16:00 to 17:00; \n\nThe group would like to meet at their earlist availability.\nFind a time that works for everyone's schedule and constraints. \nSOLUTION: Here is the proposed time: Monday, 12:00 - 13:00 \n\nTASK: You need to schedule a meeting for Eric and Lauren for half an hour between the work hours of 9:00 to 17:00 on either Monday or Tuesday. \n\nHere are the existing schedules for everyone during the days: \nEric has meetings on Monday during 9:00 to 9:30, 12:30 to 13:00, 13:30 to 14:30, 16:30 to 17:00, Tuesday during 9:00 to 9:30, 12:00 to 13:30, 15:00 to 15:30, 16:00 to 17:00; \nLauren has meetings on Monday during 10:30 to 11:30, 12:30 to 16:00, 16:30 to 17:00, Tuesday during 9:30 to 10:00, 11:00 to 12:00, 13:30 to 14:00, 15:00 to 15:30, 16:30 to 17:00; \n\nLauren would like to avoid more meetings on Tuesday. You would like to schedule the meeting at their earlist availability.\nFind a time that works for everyone's schedule and constraints. \nSOLUTION: Here is the proposed time: Monday, 9:30 - 10:00 \n\nTASK: You need to schedule a meeting for Diana and Samantha for one hour between the work hours of 9:00 to 17:00 on either Monday or Tuesday. \n\nHere are the existing schedules for everyone during the days: \nDianahas no meetings the whole week.\nSamantha has meetings on Monday during 9:30 to 10:30, 11:30 to 12:30, 13:00 to 15:00, 15:30 to 16:00, Tuesday during 9:00 to 9:30, 10:00 to 10:30, 11:00 to 11:30, 13:00 to 13:30, 14:30 to 17:00; \n\nDiana can not meet on Tuesday. Samantha do not want to meet on Monday after 14:30. Find a time that works for everyone's schedule and constraints. \nSOLUTION: "", 'golden_plan': 'Here is the proposed time: Monday, 10:30 - 11:30 ', 'pred_5shot_pro': ""Here is the proposed time: **Monday, 10:30 - 11:30** \n\n**Explanation:**\n\n* Diana is free all day Monday.\n* Samantha has a gap between meetings from 10:30 to 11:30 on Monday. \n* This time slot fits within the requested work hours of 9:00 to 17:00.\n* This time slot respects Samantha's preference to avoid meetings after 14:30 on Monday. \n"", 'prompt_0shot': ""You are an expert at scheduling meetings. You are given a few constraints on the existing schedule of each participant, the meeting duration, and possibly some preferences on the meeting time. Note there exists a solution that works with existing schedule of every participant. Here are a few example tasks and solutions:\n\nTASK: You need to schedule a meeting for Diana and Samantha for one hour between the work hours of 9:00 to 17:00 on either Monday or Tuesday. \n\nHere are the existing schedules for everyone during the days: \nDianahas no meetings the whole week.\nSamantha has meetings on Monday during 9:30 to 10:30, 11:30 to 12:30, 13:00 to 15:00, 15:30 to 16:00, Tuesday during 9:00 to 9:30, 10:00 to 10:30, 11:00 to 11:30, 13:00 to 13:30, 14:30 to 17:00; \n\nDiana can not meet on Tuesday. Samantha do not want to meet on Monday after 14:30. Find a time that works for everyone's schedule and constraints. \nSOLUTION: ""}",False,4026.0,977.0,5.603320360183716,0.0007933999999999999,react
