generation,frontier_size,new_evals,cache_hits,total_evals,best_accuracy,cheapest_cost,elapsed_s
0,1,12,0,12,0.8,0.005873079999999982,19341.372019290924
1,4,9,0,21,0.8,0.00208859599999999,13944.537786245346
2,9,10,2,31,0.8,0.000462874999999975,691.1246602535248
3,10,6,4,37,0.8,0.000457592999999974,6633.146126270294
4,10,7,3,44,0.8,0.000457592999999974,1390.133675813675
5,10,6,3,50,0.8,0.000457592999999974,619.8898913860321
